,store_timestamp,station_location,evse_name,y_true,y_pred
42342,2025-07-13 18:30:00,CV001665,3.0,0.0,0.00057796924
42343,2025-07-13 18:30:00,CV001665,3.0,0.0,0.00082294
42344,2025-07-13 18:30:00,CV001665,3.0,0.0,0.0010446982
42345,2025-07-13 18:30:00,CV001665,3.0,0.0,0.0012724621
42346,2025-07-13 19:00:00,CV001665,3.0,0.0,0.0015228036
42347,2025-07-13 19:00:00,CV001665,3.0,0.0,0.0018009865
42348,2025-07-13 19:00:00,CV001665,3.0,0.0,0.0021058037
42349,2025-07-13 19:00:00,CV001665,3.0,0.0,0.0024331051
42350,2025-07-14 00:00:00,CV001665,3.0,0.0,0.0027783075
42351,2025-07-14 00:00:00,CV001665,3.0,0.0,0.0031360446
42352,2025-07-14 00:00:00,CV001665,3.0,0.0,0.0035008786
42353,2025-07-14 00:00:00,CV001665,3.0,0.0,0.0038674925
42354,2025-07-14 00:30:00,CV001665,3.0,0.0,0.004230882
42355,2025-07-14 00:30:00,CV001665,3.0,0.0,0.0045859683
42356,2025-07-14 00:30:00,CV001665,3.0,0.0,0.0049281456
42357,2025-07-14 00:30:00,CV001665,3.0,0.0,0.0052536065
42358,2025-07-15 11:30:00,CV001665,3.0,0.0,0.005558892
42359,2025-07-15 11:30:00,CV001665,3.0,0.0,0.005841137
42360,2025-07-15 11:30:00,CV001665,3.0,0.0,0.006098016
42361,2025-07-15 11:30:00,CV001665,3.0,0.0,0.00632771
42362,2025-07-15 16:00:00,CV001665,3.0,0.0,0.0065288655
42363,2025-07-15 16:00:00,CV001665,3.0,0.0,0.006700725
42364,2025-07-15 16:00:00,CV001665,3.0,0.0,0.0068428554
42365,2025-07-15 16:00:00,CV001665,3.0,0.0,0.006955428
42366,2025-07-15 16:30:00,CV001665,3.0,0.0,0.0070387837
42367,2025-07-15 16:30:00,CV001665,3.0,0.0,0.007093751
42368,2025-07-15 16:30:00,CV001665,3.0,0.0,0.0071213758
42369,2025-07-15 16:30:00,CV001665,3.0,0.0,0.00712299
42370,2025-07-15 20:00:00,CV001665,3.0,0.0,0.007100003
42371,2025-07-15 20:00:00,CV001665,3.0,0.0,0.007054146
42372,2025-07-15 20:00:00,CV001665,3.0,0.0,0.0069871265
42373,2025-07-15 20:00:00,CV001665,3.0,0.0,0.0069006965
42374,2025-07-16 10:00:00,CV001665,3.0,0.0,0.006796751
42375,2025-07-16 10:00:00,CV001665,3.0,0.0,0.0066771223
42376,2025-07-16 10:00:00,CV001665,3.0,0.0,0.006543658
42377,2025-07-16 10:00:00,CV001665,3.0,0.0,0.006398118
42378,2025-07-16 10:30:00,CV001665,3.0,0.0,0.0062421374
42379,2025-07-16 10:30:00,CV001665,3.0,0.0,0.0060772197
42380,2025-07-16 10:30:00,CV001665,3.0,0.0,0.005905016
42381,2025-07-16 10:30:00,CV001665,3.0,0.0,0.0057269735
42382,2025-07-16 11:30:00,CV001665,3.0,0.0,0.005544455
42383,2025-07-16 11:30:00,CV001665,3.0,0.0,0.0053588743
42384,2025-07-16 11:30:00,CV001665,3.0,0.0,0.005171312
42385,2025-07-16 11:30:00,CV001665,3.0,0.0,0.004982858
42386,2025-07-16 13:30:00,CV001665,3.0,0.0,0.0047944947
42387,2025-07-16 13:30:00,CV001665,3.0,0.0,0.004607121
42388,2025-07-16 13:30:00,CV001665,3.0,0.0,0.004421505
42389,2025-07-16 13:30:00,CV001665,3.0,0.0,0.0042383373
42390,2025-07-16 14:00:00,CV001665,3.0,0.0,0.004058228
42391,2025-07-16 14:00:00,CV001665,3.0,0.0,0.0038816705
42392,2025-07-16 14:00:00,CV001665,3.0,0.0,0.003709121
42393,2025-07-16 14:00:00,CV001665,3.0,0.0,0.0035408793
42394,2025-07-16 17:00:00,CV001665,3.0,0.0,0.0033772998
42395,2025-07-16 17:00:00,CV001665,3.0,0.0,0.0032186036
42396,2025-07-16 17:00:00,CV001665,3.0,0.0,0.003064962
42397,2025-07-16 17:00:00,CV001665,3.0,0.0,0.0029165074
42398,2025-07-17 00:30:00,CV001665,3.0,0.0,0.0027733285
42399,2025-07-17 00:30:00,CV001665,3.0,0.0,0.002635488
42400,2025-07-17 00:30:00,CV001665,3.0,0.0,0.0025029685
42401,2025-07-17 00:30:00,CV001665,3.0,0.0,0.0023757725
42402,2025-07-17 04:30:00,CV001665,3.0,0.0,0.0022538477
42403,2025-07-17 04:30:00,CV001665,3.0,0.0,0.0021371364
42404,2025-07-17 04:30:00,CV001665,3.0,0.0,0.0020255202
42405,2025-07-17 04:30:00,CV001665,3.0,0.0,0.0019189321
42406,2025-06-18 02:00:00,CV001718,0.0,0.0,0.0018172179
42407,2025-06-18 02:00:00,CV001718,0.0,0.0,0.001720284
42408,2025-06-18 02:30:00,CV001718,0.0,0.0,0.0016279634
42409,2025-06-18 02:30:00,CV001718,0.0,0.0,0.0015401206
42410,2025-06-18 03:00:00,CV001718,0.0,0.0,0.0014566069
42411,2025-06-18 03:00:00,CV001718,0.0,0.0,0.0013772616
42412,2025-06-18 03:30:00,CV001718,0.0,0.0,0.0013019434
42413,2025-06-18 03:30:00,CV001718,0.0,0.0,0.0012304735
42414,2025-06-18 04:00:00,CV001718,0.0,0.0,0.0011627091
42415,2025-06-18 04:00:00,CV001718,0.0,0.0,0.001098495
42416,2025-06-18 09:30:00,CV001718,0.0,0.0,0.0010376758
42417,2025-06-18 09:30:00,CV001718,0.0,0.0,0.0009800902
42418,2025-06-18 10:30:00,CV001718,0.0,0.0,0.00092560507
42419,2025-06-18 10:30:00,CV001718,0.0,0.0,0.0008740596
42420,2025-06-18 11:00:00,CV001718,0.0,0.0,0.0008253256
42421,2025-06-18 11:00:00,CV001718,0.0,0.0,0.0007792601
42422,2025-06-18 11:30:00,CV001718,0.0,0.0,0.0007357295
42423,2025-06-18 11:30:00,CV001718,0.0,0.0,0.0006946155
42424,2025-06-18 12:00:00,CV001718,0.0,0.0,0.0006557857
42425,2025-06-18 12:00:00,CV001718,0.0,0.0,0.0006191233
42426,2025-06-18 13:00:00,CV001718,0.0,0.0,0.00058451795
42427,2025-06-18 13:00:00,CV001718,0.0,0.0,0.0005518581
42428,2025-06-18 13:30:00,CV001718,0.0,0.0,0.0005210416
42429,2025-06-18 13:30:00,CV001718,0.0,0.0,0.0004919683
42430,2025-06-18 14:00:00,CV001718,0.0,0.0,0.000464544
42431,2025-06-18 14:00:00,CV001718,0.0,0.0,0.0004386791
42432,2025-06-18 14:30:00,CV001718,0.0,0.0,0.00041428226
42433,2025-06-18 14:30:00,CV001718,0.0,0.0,0.0003912785
42434,2025-06-18 15:00:00,CV001718,0.0,0.0,0.00036958605
42435,2025-06-18 15:00:00,CV001718,0.0,0.0,0.00034913328
42436,2025-06-18 21:30:00,CV001718,0.0,0.0,0.00032984756
42437,2025-06-18 21:30:00,CV001718,0.0,0.0,0.0003116658
42438,2025-06-18 22:00:00,CV001718,0.0,0.0,0.0002945248
42439,2025-06-18 22:00:00,CV001718,0.0,0.0,0.00027836146
42440,2025-06-18 22:30:00,CV001718,0.0,0.0,0.00026312415
42441,2025-06-18 22:30:00,CV001718,0.0,0.0,0.00024875664
42442,2025-06-18 23:00:00,CV001718,0.0,0.0,0.00023521035
42443,2025-06-18 23:00:00,CV001718,0.0,0.0,0.00022243623
42444,2025-06-18 23:30:00,CV001718,0.0,0.0,0.00021039126
42445,2025-06-18 23:30:00,CV001718,0.0,0.0,0.0001990336
42446,2025-06-19 00:00:00,CV001718,0.0,0.0,0.00018832169
42447,2025-06-19 00:00:00,CV001718,0.0,0.0,0.00017821751
42448,2025-06-19 00:30:00,CV001718,0.0,0.0,0.00016868756
42449,2025-06-19 00:30:00,CV001718,0.0,0.0,0.00015969659
42450,2025-06-19 02:00:00,CV001718,0.0,0.0,0.00015121505
42451,2025-06-19 02:00:00,CV001718,0.0,0.0,0.00014321235
42452,2025-06-19 03:00:00,CV001718,0.0,0.0,0.00013566045
42453,2025-06-19 03:00:00,CV001718,0.0,0.0,0.00012853222
42454,2025-06-19 03:30:00,CV001718,0.0,0.0,0.00012180501
42455,2025-06-19 03:30:00,CV001718,0.0,0.0,0.00011545377
42456,2025-06-19 05:00:00,CV001718,0.0,0.0,0.000109457265
42457,2025-06-19 05:00:00,CV001718,0.0,0.0,0.000103794366
42458,2025-06-19 05:30:00,CV001718,0.0,0.0,9.8446566e-05
42459,2025-06-19 05:30:00,CV001718,0.0,0.0,9.33947e-05
42460,2025-06-19 06:00:00,CV001718,0.0,0.0,8.862208e-05
42461,2025-06-19 06:00:00,CV001718,0.0,0.0,8.4112435e-05
42462,2025-06-19 08:00:00,CV001718,0.0,0.0,7.985075e-05
42463,2025-06-19 08:00:00,CV001718,0.0,0.0,7.5822056e-05
42464,2025-06-19 08:30:00,CV001718,0.0,0.0,7.201357e-05
42465,2025-06-19 08:30:00,CV001718,0.0,0.0,6.841222e-05
42466,2025-06-19 10:00:00,CV001718,0.0,0.0,6.500642e-05
42467,2025-06-19 10:00:00,CV001718,0.0,0.0,6.178464e-05
42468,2025-06-19 11:00:00,CV001718,0.0,0.0,5.8736427e-05
42469,2025-06-19 11:00:00,CV001718,0.0,0.0,5.5852117e-05
42470,2025-06-19 11:30:00,CV001718,0.0,0.0,5.3122112e-05
42471,2025-06-19 11:30:00,CV001718,0.0,0.0,5.0537732e-05
42472,2025-06-19 12:00:00,CV001718,0.0,0.0,4.8090867e-05
42473,2025-06-19 12:00:00,CV001718,0.0,0.0,4.5773508e-05
42474,2025-06-19 14:00:00,CV001718,0.0,0.0,4.3578202e-05
42475,2025-06-19 14:00:00,CV001718,0.0,0.0,4.1498548e-05
42476,2025-06-19 14:30:00,CV001718,0.0,0.0,3.9527637e-05
42477,2025-06-19 14:30:00,CV001718,0.0,0.0,3.7659593e-05
42478,2025-06-19 15:00:00,CV001718,0.0,0.0,3.588866e-05
42479,2025-06-19 15:00:00,CV001718,0.0,0.0,3.4209454e-05
42480,2025-06-19 15:30:00,CV001718,0.0,0.0,3.2616652e-05
42481,2025-06-19 15:30:00,CV001718,0.0,0.0,3.110578e-05
42482,2025-06-19 16:00:00,CV001718,0.0,0.0,2.9672083e-05
42483,2025-06-19 16:00:00,CV001718,0.0,0.0,2.8311428e-05
42484,2025-06-19 17:30:00,CV001718,0.0,0.0,2.7019787e-05
42485,2025-06-19 17:30:00,CV001718,0.0,0.0,2.579357e-05
42486,2025-06-19 18:00:00,CV001718,0.0,0.0,2.4628776e-05
42487,2025-06-19 18:00:00,CV001718,0.0,0.0,2.3522502e-05
42488,2025-06-19 18:30:00,CV001718,0.0,0.0,2.2471278e-05
42489,2025-06-19 18:30:00,CV001718,0.0,0.0,2.1472333e-05
42490,2025-06-19 19:00:00,CV001718,0.0,0.0,2.0522886e-05
42491,2025-06-19 19:00:00,CV001718,0.0,0.0,1.9620096e-05
42492,2025-06-19 19:30:00,CV001718,0.0,0.0,1.8761546e-05
42493,2025-06-19 19:30:00,CV001718,0.0,0.0,1.7944996e-05
42494,2025-06-19 20:00:00,CV001718,0.0,0.0,1.7168144e-05
42495,2025-06-19 20:00:00,CV001718,0.0,0.0,1.6428836e-05
42496,2025-06-19 20:30:00,CV001718,0.0,0.0,1.5725234e-05
42497,2025-06-19 20:30:00,CV001718,0.0,0.0,1.5055296e-05
42498,2025-06-19 21:00:00,CV001718,0.0,0.0,1.44174755e-05
42499,2025-06-19 21:00:00,CV001718,0.0,0.0,1.3809953e-05
42500,2025-06-19 21:30:00,CV001718,0.0,0.0,1.3231186e-05
42501,2025-06-19 21:30:00,CV001718,0.0,0.0,1.2679685e-05
42502,2025-06-19 22:00:00,CV001718,0.0,0.0,1.2154079e-05
42503,2025-06-19 22:00:00,CV001718,0.0,0.0,1.1652961e-05
42504,2025-06-19 22:30:00,CV001718,0.0,0.0,1.1175287e-05
42505,2025-06-19 22:30:00,CV001718,0.0,0.0,1.0719574e-05
42506,2025-06-19 23:00:00,CV001718,0.0,0.0,1.0284946e-05
42507,2025-06-19 23:00:00,CV001718,0.0,0.0,9.870104e-06
42508,2025-06-19 23:30:00,CV001718,0.0,0.0,9.474281e-06
42509,2025-06-19 23:30:00,CV001718,0.0,0.0,9.096473e-06
42510,2025-06-20 00:00:00,CV001718,0.0,0.0,8.735647e-06
42511,2025-06-20 00:00:00,CV001718,0.0,0.0,8.391142e-06
42512,2025-06-20 00:30:00,CV001718,0.0,0.0,8.062022e-06
42513,2025-06-20 00:30:00,CV001718,0.0,0.0,7.747607e-06
42514,2025-06-20 01:30:00,CV001718,0.0,0.0,7.4470727e-06
42515,2025-06-20 01:30:00,CV001718,0.0,0.0,7.159848e-06
42516,2025-06-20 03:00:00,CV001718,0.0,0.0,6.8852637e-06
42517,2025-06-20 03:00:00,CV001718,0.0,0.0,6.6225934e-06
42518,2025-06-20 03:30:00,CV001718,0.0,0.0,6.371432e-06
42519,2025-06-20 03:30:00,CV001718,0.0,0.0,6.1311293e-06
42520,2025-06-20 04:00:00,CV001718,0.0,0.0,5.9012e-06
42521,2025-06-20 04:00:00,CV001718,0.0,0.0,5.6810914e-06
42522,2025-06-20 04:30:00,CV001718,0.0,0.0,5.470429e-06
42523,2025-06-20 04:30:00,CV001718,0.0,0.0,5.2686873e-06
42524,2025-06-20 05:30:00,CV001718,0.0,0.0,5.075466e-06
42525,2025-06-20 05:30:00,CV001718,0.0,0.0,4.890385e-06
42526,2025-06-20 06:00:00,CV001718,0.0,0.0,4.71305e-06
42527,2025-06-20 06:00:00,CV001718,0.0,0.0,4.5431507e-06
42528,2025-06-20 06:30:00,CV001718,0.0,0.0,4.380404e-06
42529,2025-06-20 06:30:00,CV001718,0.0,0.0,4.224518e-06
42530,2025-06-20 07:00:00,CV001718,0.0,0.0,4.0751356e-06
42531,2025-06-20 07:00:00,CV001718,0.0,0.0,3.9319766e-06
42532,2025-06-20 07:30:00,CV001718,0.0,0.0,3.7947589e-06
42533,2025-06-20 07:30:00,CV001718,0.0,0.0,3.663136e-06
42534,2025-06-20 08:00:00,CV001718,0.0,0.0,3.536929e-06
42535,2025-06-20 08:00:00,CV001718,0.0,0.0,3.4158716e-06
42536,2025-06-20 08:30:00,CV001718,0.0,0.0,3.2996809e-06
42537,2025-06-20 08:30:00,CV001718,0.0,0.0,3.1881661e-06
42538,2025-06-20 11:30:00,CV001718,0.0,0.0,3.0811223e-06
42539,2025-06-20 11:30:00,CV001718,0.0,0.0,2.9783255e-06
42540,2025-06-20 12:00:00,CV001718,0.0,0.0,2.879604e-06
42541,2025-06-20 12:00:00,CV001718,0.0,0.0,2.784752e-06
42542,2025-06-20 12:30:00,CV001718,0.0,0.0,2.6935843e-06
42543,2025-06-20 12:30:00,CV001718,0.0,0.0,2.6059554e-06
42544,2025-06-20 14:30:00,CV001718,0.0,0.0,2.5216968e-06
42545,2025-06-20 14:30:00,CV001718,0.0,0.0,2.440677e-06
42546,2025-06-20 15:30:00,CV001718,0.0,0.0,2.3627422e-06
42547,2025-06-20 15:30:00,CV001718,0.0,0.0,2.2877625e-06
42548,2025-06-20 18:00:00,CV001718,0.0,0.0,2.2156148e-06
42549,2025-06-20 18:00:00,CV001718,0.0,0.0,2.146162e-06
42550,2025-06-20 18:30:00,CV001718,0.0,0.0,2.0793102e-06
42551,2025-06-20 18:30:00,CV001718,0.0,0.0,2.0149525e-06
42552,2025-06-20 19:00:00,CV001718,0.0,0.0,1.9529555e-06
42553,2025-06-20 19:00:00,CV001718,0.0,0.0,1.8932375e-06
42554,2025-06-20 19:30:00,CV001718,0.0,0.0,1.8357011e-06
42555,2025-06-20 19:30:00,CV001718,0.0,0.0,1.7802562e-06
42556,2025-06-20 20:00:00,CV001718,0.0,0.0,1.7268137e-06
42557,2025-06-20 20:00:00,CV001718,0.0,0.0,1.675295e-06
42558,2025-06-20 20:30:00,CV001718,0.0,0.0,1.6256139e-06
42559,2025-06-20 20:30:00,CV001718,0.0,0.0,1.5777072e-06
42560,2025-06-20 21:00:00,CV001718,0.0,0.0,1.5314986e-06
42561,2025-06-20 21:00:00,CV001718,0.0,0.0,1.4869096e-06
42562,2025-06-20 21:30:00,CV001718,0.0,0.0,1.443878e-06
42563,2025-06-20 21:30:00,CV001718,0.0,0.0,1.4023564e-06
42564,2025-06-20 22:00:00,CV001718,0.0,0.0,1.3622678e-06
42565,2025-06-20 22:00:00,CV001718,0.0,0.0,1.3235599e-06
42566,2025-06-20 22:30:00,CV001718,0.0,0.0,1.2861802e-06
42567,2025-06-20 22:30:00,CV001718,0.0,0.0,1.2500741e-06
42568,2025-06-21 04:00:00,CV001718,0.0,0.0,1.215195e-06
42569,2025-06-21 04:00:00,CV001718,0.0,0.0,1.1814928e-06
42570,2025-06-21 04:30:00,CV001718,0.0,0.0,1.1489226e-06
42571,2025-06-21 04:30:00,CV001718,0.0,0.0,1.1174378e-06
42572,2025-06-21 05:00:00,CV001718,0.0,0.0,1.0869993e-06
42573,2025-06-21 05:00:00,CV001718,0.0,0.0,1.0575795e-06
42574,2025-06-21 06:00:00,CV001718,0.0,0.0,1.0291081e-06
42575,2025-06-21 06:00:00,CV001718,0.0,0.0,1.0015771e-06
42576,2025-06-21 06:30:00,CV001718,0.0,0.0,9.749469e-07
42577,2025-06-21 06:30:00,CV001718,0.0,0.0,9.491716e-07
42578,2025-06-21 07:00:00,CV001718,0.0,0.0,9.2423187e-07
42579,2025-06-21 07:00:00,CV001718,0.0,0.0,9.000883e-07
42580,2025-06-21 07:30:00,CV001718,0.0,0.0,8.7671407e-07
42581,2025-06-21 07:30:00,CV001718,0.0,0.0,8.540814e-07
42582,2025-06-21 08:00:00,CV001718,0.0,0.0,8.32171e-07
42583,2025-06-21 08:00:00,CV001718,0.0,0.0,8.109386e-07
42584,2025-06-21 08:30:00,CV001718,0.0,0.0,7.9037466e-07
42585,2025-06-21 08:30:00,CV001718,0.0,0.0,7.7045047e-07
42586,2025-06-21 09:00:00,CV001718,0.0,0.0,7.5114167e-07
42587,2025-06-21 09:00:00,CV001718,0.0,0.0,7.3242154e-07
42588,2025-06-21 09:30:00,CV001718,0.0,0.0,7.1427837e-07
42589,2025-06-21 09:30:00,CV001718,0.0,0.0,6.9669215e-07
42590,2025-06-21 10:00:00,CV001718,0.0,0.0,6.7963293e-07
42591,2025-06-21 10:00:00,CV001718,0.0,0.0,6.630913e-07
42592,2025-06-21 10:30:00,CV001718,0.0,0.0,6.4704926e-07
42593,2025-06-21 10:30:00,CV001718,0.0,0.0,6.314916e-07
42594,2025-06-21 11:00:00,CV001718,0.0,0.0,6.163951e-07
42595,2025-06-21 11:00:00,CV001718,0.0,0.0,6.017512e-07
42596,2025-06-21 11:30:00,CV001718,0.0,0.0,5.8753926e-07
42597,2025-06-21 11:30:00,CV001718,0.0,0.0,5.737467e-07
42598,2025-06-21 12:00:00,CV001718,0.0,0.0,5.6035805e-07
42599,2025-06-21 12:00:00,CV001718,0.0,0.0,5.473612e-07
42600,2025-06-21 12:30:00,CV001718,0.0,0.0,5.3473923e-07
42601,2025-06-21 12:30:00,CV001718,0.0,0.0,5.2248157e-07
42602,2025-06-21 13:00:00,CV001718,0.0,0.0,5.105789e-07
42603,2025-06-21 13:00:00,CV001718,0.0,0.0,4.990149e-07
42604,2025-06-21 13:30:00,CV001718,0.0,0.0,4.877798e-07
42605,2025-06-21 13:30:00,CV001718,0.0,0.0,4.768613e-07
42606,2025-06-21 14:00:00,CV001718,0.0,0.0,4.6625573e-07
42607,2025-06-21 14:00:00,CV001718,0.0,0.0,4.5594126e-07
42608,2025-06-21 14:30:00,CV001718,0.0,0.0,4.4591704e-07
42609,2025-06-21 14:30:00,CV001718,0.0,0.0,4.361735e-07
42610,2025-06-21 15:00:00,CV001718,0.0,0.0,4.2669578e-07
42611,2025-06-21 15:00:00,CV001718,0.0,0.0,4.1748052e-07
42612,2025-06-21 16:00:00,CV001718,0.0,0.0,4.085157e-07
42613,2025-06-21 16:00:00,CV001718,0.0,0.0,3.9979372e-07
42614,2025-06-21 16:30:00,CV001718,0.0,0.0,3.9130646e-07
42615,2025-06-21 16:30:00,CV001718,0.0,0.0,3.830476e-07
42616,2025-06-21 17:00:00,CV001718,0.0,0.0,3.7500953e-07
42617,2025-06-21 17:00:00,CV001718,0.0,0.0,3.6718427e-07
42618,2025-06-21 17:30:00,CV001718,0.0,0.0,3.595665e-07
42619,2025-06-21 17:30:00,CV001718,0.0,0.0,3.5214643e-07
42620,2025-06-21 18:00:00,CV001718,0.0,0.0,3.4492652e-07
42621,2025-06-21 18:00:00,CV001718,0.0,0.0,3.37892e-07
42622,2025-06-21 18:30:00,CV001718,0.0,0.0,3.3103882e-07
42623,2025-06-21 18:30:00,CV001718,0.0,0.0,3.2436483e-07
42624,2025-06-21 19:00:00,CV001718,0.0,0.0,3.178618e-07
42625,2025-06-21 19:00:00,CV001718,0.0,0.0,3.115248e-07
42626,2025-06-21 19:30:00,CV001718,0.0,0.0,3.0534906e-07
42627,2025-06-21 19:30:00,CV001718,0.0,0.0,2.9933116e-07
42628,2025-06-21 20:00:00,CV001718,0.0,0.0,2.9346515e-07
42629,2025-06-21 20:00:00,CV001718,0.0,0.0,2.8774596e-07
42630,2025-06-21 23:00:00,CV001718,0.0,0.0,2.821713e-07
42631,2025-06-21 23:00:00,CV001718,0.0,0.0,2.7673315e-07
42632,2025-06-22 00:00:00,CV001718,0.0,0.0,2.7143136e-07
42633,2025-06-22 00:00:00,CV001718,0.0,0.0,2.6626086e-07
42634,2025-06-22 00:30:00,CV001718,0.0,0.0,2.6121677e-07
42635,2025-06-22 00:30:00,CV001718,0.0,0.0,2.5629438e-07
42636,2025-06-22 03:00:00,CV001718,0.0,0.0,2.5149353e-07
42637,2025-06-22 03:00:00,CV001718,0.0,0.0,2.4680895e-07
42638,2025-06-22 05:30:00,CV001718,0.0,0.0,2.4223868e-07
42639,2025-06-22 05:30:00,CV001718,0.0,0.0,2.3777595e-07
42640,2025-06-22 06:00:00,CV001718,0.0,0.0,2.3342011e-07
42641,2025-06-22 06:00:00,CV001718,0.0,0.0,2.2917055e-07
42642,2025-06-22 06:30:00,CV001718,0.0,0.0,2.250185e-07
42643,2025-06-22 06:30:00,CV001718,0.0,0.0,2.2096611e-07
42644,2025-06-22 07:00:00,CV001718,0.0,0.0,2.1700804e-07
42645,2025-06-22 07:00:00,CV001718,0.0,0.0,2.1314362e-07
42646,2025-06-22 07:30:00,CV001718,0.0,0.0,2.0936818e-07
42647,2025-06-22 07:30:00,CV001718,0.0,0.0,2.0568082e-07
42648,2025-06-22 08:00:00,CV001718,0.0,0.0,2.0207919e-07
42649,2025-06-22 08:00:00,CV001718,0.0,0.0,1.9855844e-07
42650,2025-06-22 08:30:00,CV001718,0.0,0.0,1.9512024e-07
42651,2025-06-22 08:30:00,CV001718,0.0,0.0,1.917595e-07
42652,2025-06-22 09:00:00,CV001718,0.0,0.0,1.8847496e-07
42653,2025-06-22 09:00:00,CV001718,0.0,0.0,1.8526471e-07
42654,2025-06-22 09:30:00,CV001718,0.0,0.0,1.8212651e-07
42655,2025-06-22 09:30:00,CV001718,0.0,0.0,1.7905785e-07
42656,2025-06-22 10:00:00,CV001718,0.0,0.0,1.760577e-07
42657,2025-06-22 10:00:00,CV001718,0.0,0.0,1.7312564e-07
42658,2025-06-22 10:30:00,CV001718,0.0,0.0,1.7025606e-07
42659,2025-06-22 10:30:00,CV001718,0.0,0.0,1.6745192e-07
42660,2025-06-22 11:00:00,CV001718,0.0,0.0,1.6470808e-07
42661,2025-06-22 11:00:00,CV001718,0.0,0.0,1.6202405e-07
42662,2025-06-22 11:30:00,CV001718,0.0,0.0,1.5939897e-07
42663,2025-06-22 11:30:00,CV001718,0.0,0.0,1.5682987e-07
42664,2025-06-22 12:00:00,CV001718,0.0,0.0,1.5431631e-07
42665,2025-06-22 12:00:00,CV001718,0.0,0.0,1.5185694e-07
42666,2025-06-22 12:30:00,CV001718,0.0,0.0,1.4945014e-07
42667,2025-06-22 12:30:00,CV001718,0.0,0.0,1.4709357e-07
42668,2025-06-22 13:00:00,CV001718,0.0,0.0,1.4478796e-07
42669,2025-06-22 13:00:00,CV001718,0.0,0.0,1.4253045e-07
42670,2025-06-22 13:30:00,CV001718,0.0,0.0,1.4032045e-07
42671,2025-06-22 13:30:00,CV001718,0.0,0.0,1.381566e-07
42672,2025-06-22 14:00:00,CV001718,0.0,0.0,1.360375e-07
42673,2025-06-22 14:00:00,CV001718,0.0,0.0,1.3396318e-07
42674,2025-06-22 14:30:00,CV001718,0.0,0.0,1.3193106e-07
42675,2025-06-22 14:30:00,CV001718,0.0,0.0,1.2994116e-07
42676,2025-06-22 15:00:00,CV001718,0.0,0.0,1.2799129e-07
42677,2025-06-22 15:00:00,CV001718,0.0,0.0,1.2608245e-07
42678,2025-06-22 15:30:00,CV001718,0.0,0.0,1.242111e-07
42679,2025-06-22 15:30:00,CV001718,0.0,0.0,1.2237707e-07
42680,2025-06-22 16:00:00,CV001718,0.0,0.0,1.2058187e-07
42681,2025-06-22 16:00:00,CV001718,0.0,0.0,1.1882138e-07
42682,2025-06-22 16:30:00,CV001718,0.0,0.0,1.17096654e-07
42683,2025-06-22 16:30:00,CV001718,0.0,0.0,1.15405975e-07
42684,2025-06-22 17:00:00,CV001718,0.0,0.0,1.13749046e-07
42685,2025-06-22 17:00:00,CV001718,0.0,0.0,1.1212424e-07
42686,2025-06-22 18:30:00,CV001718,0.0,0.0,1.1053149e-07
42687,2025-06-22 18:30:00,CV001718,0.0,0.0,1.0897073e-07
42688,2025-06-22 19:00:00,CV001718,0.0,0.0,1.0743958e-07
42689,2025-06-22 19:00:00,CV001718,0.0,0.0,1.0593864e-07
42690,2025-06-22 19:30:00,CV001718,0.0,0.0,1.0446624e-07
42691,2025-06-22 19:30:00,CV001718,0.0,0.0,1.0302235e-07
42692,2025-06-22 20:00:00,CV001718,0.0,0.0,1.0160657e-07
42693,2025-06-22 20:00:00,CV001718,0.0,0.0,1.0021789e-07
42694,2025-06-22 20:30:00,CV001718,0.0,0.0,9.885516e-08
42695,2025-06-22 20:30:00,CV001718,0.0,0.0,9.75184e-08
42696,2025-06-22 21:00:00,CV001718,0.0,0.0,9.6206875e-08
42697,2025-06-22 21:00:00,CV001718,0.0,0.0,9.4920225e-08
42698,2025-06-22 21:30:00,CV001718,0.0,0.0,9.3657576e-08
42699,2025-06-22 21:30:00,CV001718,0.0,0.0,9.241895e-08
42700,2025-06-22 22:00:00,CV001718,0.0,0.0,9.1202445e-08
42701,2025-06-22 22:00:00,CV001718,0.0,0.0,9.000882e-08
42702,2025-06-22 22:30:00,CV001718,0.0,0.0,8.8837254e-08
42703,2025-06-22 22:30:00,CV001718,0.0,0.0,8.768713e-08
42704,2025-06-22 23:00:00,CV001718,0.0,0.0,8.655849e-08
42705,2025-06-22 23:00:00,CV001718,0.0,0.0,8.5449756e-08
42706,2025-06-22 23:30:00,CV001718,0.0,0.0,8.43615e-08
42707,2025-06-22 23:30:00,CV001718,0.0,0.0,8.329299e-08
42708,2025-06-23 01:00:00,CV001718,0.0,0.0,8.224381e-08
42709,2025-06-23 01:00:00,CV001718,0.0,0.0,8.121343e-08
42710,2025-06-23 02:30:00,CV001718,0.0,0.0,8.020146e-08
42711,2025-06-23 02:30:00,CV001718,0.0,0.0,7.920723e-08
42712,2025-06-23 03:00:00,CV001718,0.0,0.0,7.823115e-08
42713,2025-06-23 03:00:00,CV001718,0.0,0.0,7.727196e-08
42714,2025-06-23 04:00:00,CV001718,0.0,0.0,7.6329634e-08
42715,2025-06-23 04:00:00,CV001718,0.0,0.0,7.5403975e-08
42716,2025-06-23 04:30:00,CV001718,0.0,0.0,7.449451e-08
42717,2025-06-23 04:30:00,CV001718,0.0,0.0,7.360092e-08
42718,2025-06-23 05:00:00,CV001718,0.0,0.0,7.2723054e-08
42719,2025-06-23 05:00:00,CV001718,0.0,0.0,7.186018e-08
42720,2025-06-23 05:30:00,CV001718,0.0,0.0,7.1011875e-08
42721,2025-06-23 05:30:00,CV001718,0.0,0.0,7.017841e-08
42722,2025-06-23 06:00:00,CV001718,0.0,0.0,6.935895e-08
42723,2025-06-23 06:00:00,CV001718,0.0,0.0,6.8553774e-08
42724,2025-06-23 06:30:00,CV001718,0.0,0.0,6.776207e-08
42725,2025-06-23 06:30:00,CV001718,0.0,0.0,6.6983866e-08
42726,2025-06-23 07:00:00,CV001718,0.0,0.0,6.621889e-08
42727,2025-06-23 07:00:00,CV001718,0.0,0.0,6.546627e-08
42728,2025-06-23 07:30:00,CV001718,0.0,0.0,6.472664e-08
42729,2025-06-23 07:30:00,CV001718,0.0,0.0,6.399928e-08
42730,2025-06-23 08:00:00,CV001718,0.0,0.0,6.328408e-08
42731,2025-06-23 08:00:00,CV001718,0.0,0.0,6.258068e-08
42732,2025-06-23 08:30:00,CV001718,0.0,0.0,6.1888656e-08
42733,2025-06-23 08:30:00,CV001718,0.0,0.0,6.1208006e-08
42734,2025-06-23 09:00:00,CV001718,0.0,0.0,6.053889e-08
42735,2025-06-23 09:00:00,CV001718,0.0,0.0,5.9879945e-08
42736,2025-06-23 09:30:00,CV001718,0.0,0.0,5.9232576e-08
42737,2025-06-23 09:30:00,CV001718,0.0,0.0,5.8595333e-08
42738,2025-06-23 10:00:00,CV001718,0.0,0.0,5.7967934e-08
42739,2025-06-23 10:00:00,CV001718,0.0,0.0,5.73513e-08
42740,2025-06-23 10:30:00,CV001718,0.0,0.0,5.674436e-08
42741,2025-06-23 10:30:00,CV001718,0.0,0.0,5.6146956e-08
42742,2025-06-23 15:30:00,CV001718,0.0,0.0,5.5558907e-08
42743,2025-06-23 15:30:00,CV001718,0.0,0.0,5.4980585e-08
42744,2025-06-23 16:00:00,CV001718,0.0,0.0,5.44113e-08
42745,2025-06-23 16:00:00,CV001718,0.0,0.0,5.385067e-08
42746,2025-06-23 16:30:00,CV001718,0.0,0.0,5.329918e-08
42747,2025-06-23 16:30:00,CV001718,0.0,0.0,5.2756047e-08
42748,2025-06-23 18:00:00,CV001718,0.0,0.0,5.2221544e-08
42749,2025-06-23 18:00:00,CV001718,0.0,0.0,5.169531e-08
42750,2025-06-23 18:30:00,CV001718,0.0,0.0,5.1177018e-08
42751,2025-06-23 18:30:00,CV001718,0.0,0.0,5.0667015e-08
42752,2025-06-23 19:30:00,CV001718,0.0,0.0,5.0164672e-08
42753,2025-06-23 19:30:00,CV001718,0.0,0.0,4.9670348e-08
42754,2025-06-23 20:00:00,CV001718,0.0,0.0,4.9183328e-08
42755,2025-06-23 20:00:00,CV001718,0.0,0.0,4.870341e-08
42756,2025-06-23 21:00:00,CV001718,0.0,0.0,4.823112e-08
42757,2025-06-23 21:00:00,CV001718,0.0,0.0,4.7765777e-08
42758,2025-06-23 21:30:00,CV001718,0.0,0.0,4.7307807e-08
42759,2025-06-23 21:30:00,CV001718,0.0,0.0,4.6856375e-08
42760,2025-06-23 22:00:00,CV001718,0.0,0.0,4.6411824e-08
42761,2025-06-23 22:00:00,CV001718,0.0,0.0,4.5973852e-08
42762,2025-06-23 22:30:00,CV001718,0.0,0.0,4.5542357e-08
42763,2025-06-23 22:30:00,CV001718,0.0,0.0,4.5117325e-08
42764,2025-06-23 23:00:00,CV001718,0.0,0.0,4.4698474e-08
42765,2025-06-23 23:00:00,CV001718,0.0,0.0,4.4285876e-08
42766,2025-06-23 23:30:00,CV001718,0.0,0.0,4.3879435e-08
42767,2025-06-23 23:30:00,CV001718,0.0,0.0,4.3478874e-08
42768,2025-06-24 00:00:00,CV001718,0.0,0.0,4.3083944e-08
42769,2025-06-24 00:00:00,CV001718,0.0,0.0,4.269464e-08
42770,2025-06-24 00:30:00,CV001718,0.0,0.0,4.2311353e-08
42771,2025-06-24 00:30:00,CV001718,0.0,0.0,4.1933262e-08
42772,2025-06-24 01:30:00,CV001718,0.0,0.0,4.1560934e-08
42773,2025-06-24 01:30:00,CV001718,0.0,0.0,4.1193797e-08
42774,2025-06-24 03:00:00,CV001718,0.0,0.0,4.0832003e-08
42775,2025-06-24 03:00:00,CV001718,0.0,0.0,4.0475165e-08
42776,2025-06-24 05:30:00,CV001718,0.0,0.0,4.0123588e-08
42777,2025-06-24 05:30:00,CV001718,0.0,0.0,3.977696e-08
42778,2025-06-24 07:00:00,CV001718,0.0,0.0,3.943498e-08
42779,2025-06-24 07:00:00,CV001718,0.0,0.0,3.9098104e-08
42780,2025-06-24 07:30:00,CV001718,0.0,0.0,3.8765883e-08
42781,2025-06-24 07:30:00,CV001718,0.0,0.0,3.843817e-08
42782,2025-06-24 08:00:00,CV001718,0.0,0.0,3.811526e-08
42783,2025-06-24 08:00:00,CV001718,0.0,0.0,3.779665e-08
42784,2025-06-24 11:00:00,CV001718,0.0,0.0,3.7482565e-08
42785,2025-06-24 11:00:00,CV001718,0.0,0.0,3.7172928e-08
42786,2025-06-24 11:30:00,CV001718,0.0,0.0,3.686726e-08
42787,2025-06-24 11:30:00,CV001718,0.0,0.0,3.6565844e-08
42788,2025-06-24 12:00:00,CV001718,0.0,0.0,3.6268556e-08
42789,2025-06-24 12:00:00,CV001718,0.0,0.0,3.5975606e-08
42790,2025-06-24 12:30:00,CV001718,0.0,0.0,3.5686316e-08
42791,2025-06-24 12:30:00,CV001718,0.0,0.0,3.5401108e-08
42792,2025-06-24 13:30:00,CV001718,0.0,0.0,3.5119786e-08
42793,2025-06-24 13:30:00,CV001718,0.0,0.0,3.4842028e-08
42794,2025-06-24 14:00:00,CV001718,0.0,0.0,3.4568313e-08
42795,2025-06-24 14:00:00,CV001718,0.0,0.0,3.4298125e-08
42796,2025-06-24 16:30:00,CV001718,0.0,0.0,3.40316e-08
42797,2025-06-24 16:30:00,CV001718,0.0,0.0,3.3768632e-08
42798,2025-06-24 17:00:00,CV001718,0.0,0.0,3.350885e-08
42799,2025-06-24 17:00:00,CV001718,0.0,0.0,3.325277e-08
42800,2025-06-24 17:30:00,CV001718,0.0,0.0,3.3000042e-08
42801,2025-06-24 17:30:00,CV001718,0.0,0.0,3.275085e-08
42802,2025-06-24 18:00:00,CV001718,0.0,0.0,3.2504477e-08
42803,2025-06-24 18:00:00,CV001718,0.0,0.0,3.2261738e-08
42804,2025-06-24 22:30:00,CV001718,0.0,0.0,3.2022214e-08
42805,2025-06-24 22:30:00,CV001718,0.0,0.0,3.1785383e-08
42806,2025-06-24 23:00:00,CV001718,0.0,0.0,3.1551924e-08
42807,2025-06-24 23:00:00,CV001718,0.0,0.0,3.1321438e-08
42808,2025-06-24 23:30:00,CV001718,0.0,0.0,3.1094114e-08
42809,2025-06-24 23:30:00,CV001718,0.0,0.0,3.086921e-08
42810,2025-06-25 00:00:00,CV001718,0.0,0.0,3.0647684e-08
42811,2025-06-25 00:00:00,CV001718,0.0,0.0,3.0428733e-08
42812,2025-06-25 00:30:00,CV001718,0.0,0.0,3.021267e-08
42813,2025-06-25 00:30:00,CV001718,0.0,0.0,2.9999466e-08
42814,2025-06-25 01:00:00,CV001718,0.0,0.0,2.978878e-08
42815,2025-06-25 01:00:00,CV001718,0.0,0.0,2.9580931e-08
42816,2025-06-25 01:30:00,CV001718,0.0,0.0,2.9375599e-08
42817,2025-06-25 01:30:00,CV001718,0.0,0.0,2.9172803e-08
42818,2025-06-25 02:00:00,CV001718,0.0,0.0,2.8972677e-08
42819,2025-06-25 02:00:00,CV001718,0.0,0.0,2.8774966e-08
42820,2025-06-25 02:30:00,CV001718,0.0,0.0,2.8579862e-08
42821,2025-06-25 02:30:00,CV001718,0.0,0.0,2.8387106e-08
42822,2025-06-25 03:00:00,CV001718,0.0,0.0,2.8196782e-08
42823,2025-06-25 03:00:00,CV001718,0.0,0.0,2.8008587e-08
42824,2025-06-25 03:30:00,CV001718,0.0,0.0,2.7823027e-08
42825,2025-06-25 03:30:00,CV001718,0.0,0.0,2.7639594e-08
42826,2025-06-25 04:00:00,CV001718,0.0,0.0,2.7458471e-08
42827,2025-06-25 04:00:00,CV001718,0.0,0.0,2.7279523e-08
42828,2025-06-25 04:30:00,CV001718,0.0,0.0,2.7102825e-08
42829,2025-06-25 04:30:00,CV001718,0.0,0.0,2.6928454e-08
42830,2025-06-25 05:00:00,CV001718,0.0,0.0,2.675597e-08
42831,2025-06-25 05:00:00,CV001718,0.0,0.0,2.6585607e-08
42832,2025-06-25 05:30:00,CV001718,0.0,0.0,2.6417384e-08
42833,2025-06-25 05:30:00,CV001718,0.0,0.0,2.6251227e-08
42834,2025-06-25 06:00:00,CV001718,0.0,0.0,2.6086916e-08
42835,2025-06-25 06:00:00,CV001718,0.0,0.0,2.5924667e-08
42836,2025-06-25 06:30:00,CV001718,0.0,0.0,2.5764459e-08
42837,2025-06-25 06:30:00,CV001718,0.0,0.0,2.5606024e-08
42838,2025-06-25 07:00:00,CV001718,0.0,0.0,2.5449678e-08
42839,2025-06-25 07:00:00,CV001718,0.0,0.0,2.529506e-08
42840,2025-06-25 07:30:00,CV001718,0.0,0.0,2.514234e-08
42841,2025-06-25 07:30:00,CV001718,0.0,0.0,2.4991495e-08
42842,2025-06-25 08:00:00,CV001718,0.0,0.0,2.4842315e-08
42843,2025-06-25 08:00:00,CV001718,0.0,0.0,2.469492e-08
42844,2025-06-25 08:30:00,CV001718,0.0,0.0,2.454924e-08
42845,2025-06-25 08:30:00,CV001718,0.0,0.0,2.4405399e-08
42846,2025-06-25 09:00:00,CV001718,0.0,0.0,2.4263231e-08
42847,2025-06-25 09:00:00,CV001718,0.0,0.0,2.4122494e-08
42848,2025-06-25 09:30:00,CV001718,0.0,0.0,2.3983668e-08
42849,2025-06-25 09:30:00,CV001718,0.0,0.0,2.384646e-08
42850,2025-06-25 10:00:00,CV001718,0.0,0.0,2.371067e-08
42851,2025-06-25 10:00:00,CV001718,0.0,0.0,2.357651e-08
42852,2025-06-25 10:30:00,CV001718,0.0,0.0,2.3444047e-08
42853,2025-06-25 10:30:00,CV001718,0.0,0.0,2.3312992e-08
42854,2025-06-25 11:00:00,CV001718,0.0,0.0,2.3183514e-08
42855,2025-06-25 11:00:00,CV001718,0.0,0.0,2.3055543e-08
42856,2025-06-25 11:30:00,CV001718,0.0,0.0,2.2928893e-08
42857,2025-06-25 11:30:00,CV001718,0.0,0.0,2.2803938e-08
42858,2025-06-25 12:00:00,CV001718,0.0,0.0,2.2680185e-08
42859,2025-06-25 12:00:00,CV001718,0.0,0.0,2.2558005e-08
42860,2025-06-25 12:30:00,CV001718,0.0,0.0,2.243704e-08
42861,2025-06-25 12:30:00,CV001718,0.0,0.0,2.2317534e-08
42862,2025-06-25 13:00:00,CV001718,0.0,0.0,2.219951e-08
42863,2025-06-25 13:00:00,CV001718,0.0,0.0,2.20827e-08
42864,2025-06-25 13:30:00,CV001718,0.0,0.0,2.1967299e-08
42865,2025-06-25 13:30:00,CV001718,0.0,0.0,2.1853129e-08
42866,2025-06-25 14:00:00,CV001718,0.0,0.0,2.1740256e-08
42867,2025-06-25 14:00:00,CV001718,0.0,0.0,2.1628585e-08
42868,2025-06-25 14:30:00,CV001718,0.0,0.0,2.1518307e-08
42869,2025-06-25 14:30:00,CV001718,0.0,0.0,2.140933e-08
42870,2025-06-25 15:00:00,CV001718,0.0,0.0,2.130143e-08
42871,2025-06-25 15:00:00,CV001718,0.0,0.0,2.1194682e-08
42872,2025-06-25 15:30:00,CV001718,0.0,0.0,2.1089312e-08
42873,2025-06-25 15:30:00,CV001718,0.0,0.0,2.0985027e-08
42874,2025-06-25 16:00:00,CV001718,0.0,0.0,2.0881894e-08
42875,2025-06-25 16:00:00,CV001718,0.0,0.0,2.0779941e-08
42876,2025-06-25 16:30:00,CV001718,0.0,0.0,2.0679158e-08
42877,2025-06-25 16:30:00,CV001718,0.0,0.0,2.0579572e-08
42878,2025-06-25 17:00:00,CV001718,0.0,0.0,2.0480853e-08
42879,2025-06-25 17:00:00,CV001718,0.0,0.0,2.0383386e-08
42880,2025-06-25 17:30:00,CV001718,0.0,0.0,2.0286965e-08
42881,2025-06-25 17:30:00,CV001718,0.0,0.0,2.0191536e-08
42882,2025-06-25 18:00:00,CV001718,0.0,0.0,2.0097248e-08
42883,2025-06-25 18:00:00,CV001718,0.0,0.0,2.0003935e-08
42884,2025-06-25 18:30:00,CV001718,0.0,0.0,1.9911699e-08
42885,2025-06-25 18:30:00,CV001718,0.0,0.0,1.9820456e-08
42886,2025-06-25 19:00:00,CV001718,0.0,0.0,1.9730233e-08
42887,2025-06-25 19:00:00,CV001718,0.0,0.0,1.9640947e-08
42888,2025-06-25 21:30:00,CV001718,0.0,0.0,1.955266e-08
42889,2025-06-25 21:30:00,CV001718,0.0,0.0,1.9465364e-08
42890,2025-06-25 22:00:00,CV001718,0.0,0.0,1.937905e-08
42891,2025-06-25 22:00:00,CV001718,0.0,0.0,1.9293523e-08
42892,2025-06-25 23:00:00,CV001718,0.0,0.0,1.920896e-08
42893,2025-06-25 23:00:00,CV001718,0.0,0.0,1.9125496e-08
42894,2025-06-25 23:30:00,CV001718,0.0,0.0,1.9042758e-08
42895,2025-06-25 23:30:00,CV001718,0.0,0.0,1.8960995e-08
42896,2025-06-26 00:00:00,CV001718,0.0,0.0,1.8880195e-08
42897,2025-06-26 00:00:00,CV001718,0.0,0.0,1.8799987e-08
42898,2025-06-26 00:30:00,CV001718,0.0,0.0,1.8720907e-08
42899,2025-06-26 00:30:00,CV001718,0.0,0.0,1.864255e-08
42900,2025-06-26 01:30:00,CV001718,0.0,0.0,1.856516e-08
42901,2025-06-26 01:30:00,CV001718,0.0,0.0,1.8488375e-08
42902,2025-06-26 03:30:00,CV001718,0.0,0.0,1.8412678e-08
42903,2025-06-26 03:30:00,CV001718,0.0,0.0,1.8337639e-08
42904,2025-06-26 04:00:00,CV001718,0.0,0.0,1.8263465e-08
42905,2025-06-26 04:00:00,CV001718,0.0,0.0,1.8190146e-08
42906,2025-06-26 04:30:00,CV001718,0.0,0.0,1.8117467e-08
42907,2025-06-26 04:30:00,CV001718,0.0,0.0,1.8045768e-08
42908,2025-06-26 05:00:00,CV001718,0.0,0.0,1.7974624e-08
42909,2025-06-26 05:00:00,CV001718,0.0,0.0,1.7904412e-08
42910,2025-06-26 05:30:00,CV001718,0.0,0.0,1.7834914e-08
42911,2025-06-26 05:30:00,CV001718,0.0,0.0,1.7766128e-08
42912,2025-06-26 06:00:00,CV001718,0.0,0.0,1.7698149e-08
42913,2025-06-26 06:00:00,CV001718,0.0,0.0,1.7630864e-08
42914,2025-06-26 06:30:00,CV001718,0.0,0.0,1.7564238e-08
42915,2025-06-26 06:30:00,CV001718,0.0,0.0,1.7498332e-08
42916,2025-06-26 07:00:00,CV001718,0.0,0.0,1.7433205e-08
42917,2025-06-26 07:00:00,CV001718,0.0,0.0,1.736875e-08
42918,2025-06-26 07:30:00,CV001718,0.0,0.0,1.7304997e-08
42919,2025-06-26 07:30:00,CV001718,0.0,0.0,1.7241772e-08
42920,2025-06-26 08:00:00,CV001718,0.0,0.0,1.7179369e-08
42921,2025-06-26 08:00:00,CV001718,0.0,0.0,1.7117618e-08
42922,2025-06-26 08:30:00,CV001718,0.0,0.0,1.7056443e-08
42923,2025-06-26 08:30:00,CV001718,0.0,0.0,1.6996006e-08
42924,2025-06-26 09:00:00,CV001718,0.0,0.0,1.6936237e-08
42925,2025-06-26 09:00:00,CV001718,0.0,0.0,1.6877097e-08
42926,2025-06-26 09:30:00,CV001718,0.0,0.0,1.6818419e-08
42927,2025-06-26 09:30:00,CV001718,0.0,0.0,1.6760586e-08
42928,2025-06-26 10:00:00,CV001718,0.0,0.0,1.67033e-08
42929,2025-06-26 10:00:00,CV001718,0.0,0.0,1.6646496e-08
42930,2025-06-26 10:30:00,CV001718,0.0,0.0,1.6590361e-08
42931,2025-06-26 10:30:00,CV001718,0.0,0.0,1.6534887e-08
42932,2025-06-26 11:00:00,CV001718,0.0,0.0,1.6480008e-08
42933,2025-06-26 11:00:00,CV001718,0.0,0.0,1.6425718e-08
42934,2025-06-26 12:00:00,CV001718,0.0,0.0,1.6371889e-08
42935,2025-06-26 12:00:00,CV001718,0.0,0.0,1.6318735e-08
42936,2025-06-26 12:30:00,CV001718,0.0,0.0,1.6266124e-08
42937,2025-06-26 12:30:00,CV001718,0.0,0.0,1.6214022e-08
42938,2025-06-26 13:00:00,CV001718,0.0,0.0,1.616249e-08
42939,2025-06-26 13:00:00,CV001718,0.0,0.0,1.6111521e-08
42940,2025-06-26 14:30:00,CV001718,0.0,0.0,1.606117e-08
42941,2025-06-26 14:30:00,CV001718,0.0,0.0,1.6011283e-08
42942,2025-06-26 15:00:00,CV001718,0.0,0.0,1.5961916e-08
42943,2025-06-26 15:00:00,CV001718,0.0,0.0,1.5913127e-08
42944,2025-06-26 15:30:00,CV001718,0.0,0.0,1.586479e-08
42945,2025-06-26 15:30:00,CV001718,0.0,0.0,1.5816992e-08
42946,2025-06-26 16:00:00,CV001718,0.0,0.0,1.5769697e-08
42947,2025-06-26 16:00:00,CV001718,0.0,0.0,1.5722817e-08
42948,2025-06-26 17:00:00,CV001718,0.0,0.0,1.567655e-08
42949,2025-06-26 17:00:00,CV001718,0.0,0.0,1.56309e-08
42950,2025-06-26 17:30:00,CV001718,0.0,0.0,1.5585558e-08
42951,2025-06-26 17:30:00,CV001718,0.0,0.0,1.5540676e-08
42952,2025-06-26 18:00:00,CV001718,0.0,0.0,1.5496365e-08
42953,2025-06-26 18:00:00,CV001718,0.0,0.0,1.5452535e-08
42954,2025-06-26 18:30:00,CV001718,0.0,0.0,1.5409123e-08
42955,2025-06-26 18:30:00,CV001718,0.0,0.0,1.5366156e-08
42956,2025-06-26 19:00:00,CV001718,0.0,0.0,1.5323689e-08
42957,2025-06-26 19:00:00,CV001718,0.0,0.0,1.5281687e-08
42958,2025-06-26 19:30:00,CV001718,0.0,0.0,1.5240094e-08
42959,2025-06-26 19:30:00,CV001718,0.0,0.0,1.5198987e-08
42960,2025-06-26 20:00:00,CV001718,0.0,0.0,1.515831e-08
42961,2025-06-26 20:00:00,CV001718,0.0,0.0,1.511806e-08
42962,2025-06-26 20:30:00,CV001718,0.0,0.0,1.507835e-08
42963,2025-06-26 20:30:00,CV001718,0.0,0.0,1.5038973e-08
42964,2025-06-26 21:30:00,CV001718,0.0,0.0,1.4999925e-08
42965,2025-06-26 21:30:00,CV001718,0.0,0.0,1.4961465e-08
42966,2025-06-26 22:00:00,CV001718,0.0,0.0,1.4923389e-08
42967,2025-06-26 22:00:00,CV001718,0.0,0.0,1.4885607e-08
42968,2025-06-26 22:30:00,CV001718,0.0,0.0,1.4848376e-08
42969,2025-06-26 22:30:00,CV001718,0.0,0.0,1.48115475e-08
42970,2025-06-26 23:00:00,CV001718,0.0,0.0,1.47749795e-08
42971,2025-06-26 23:00:00,CV001718,0.0,0.0,1.473898e-08
42972,2025-06-26 23:30:00,CV001718,0.0,0.0,1.4703292e-08
42973,2025-06-26 23:30:00,CV001718,0.0,0.0,1.4668026e-08
42974,2025-06-27 00:00:00,CV001718,0.0,0.0,1.4633126e-08
42975,2025-06-27 00:00:00,CV001718,0.0,0.0,1.4598613e-08
42976,2025-06-27 01:30:00,CV001718,0.0,0.0,1.4564487e-08
42977,2025-06-27 01:30:00,CV001718,0.0,0.0,1.4530718e-08
42978,2025-06-27 02:30:00,CV001718,0.0,0.0,1.449736e-08
42979,2025-06-27 02:30:00,CV001718,0.0,0.0,1.4464299e-08
42980,2025-06-27 03:00:00,CV001718,0.0,0.0,1.4431643e-08
42981,2025-06-27 03:00:00,CV001718,0.0,0.0,1.4399364e-08
42982,2025-06-27 03:30:00,CV001718,0.0,0.0,1.4367432e-08
42983,2025-06-27 03:30:00,CV001718,0.0,0.0,1.4335924e-08
42984,2025-06-27 04:00:00,CV001718,0.0,0.0,1.4304731e-08
42985,2025-06-27 04:00:00,CV001718,0.0,0.0,1.4273825e-08
42986,2025-06-27 04:30:00,CV001718,0.0,0.0,1.4243311e-08
42987,2025-06-27 04:30:00,CV001718,0.0,0.0,1.4213188e-08
42988,2025-06-27 08:30:00,CV001718,0.0,0.0,1.4183317e-08
42989,2025-06-27 08:30:00,CV001718,0.0,0.0,1.4153833e-08
42990,2025-06-27 13:00:00,CV001718,0.0,0.0,1.4124762e-08
42991,2025-06-27 13:00:00,CV001718,0.0,0.0,1.4095883e-08
42992,2025-06-27 13:30:00,CV001718,0.0,0.0,1.406744e-08
42993,2025-06-27 13:30:00,CV001718,0.0,0.0,1.4039215e-08
42994,2025-06-27 14:00:00,CV001718,0.0,0.0,1.4011393e-08
42995,2025-06-27 14:00:00,CV001718,0.0,0.0,1.3983947e-08
42996,2025-06-27 14:30:00,CV001718,0.0,0.0,1.39567415e-08
42997,2025-06-27 14:30:00,CV001718,0.0,0.0,1.3929907e-08
42998,2025-06-27 15:00:00,CV001718,0.0,0.0,1.39033105e-08
42999,2025-06-27 15:00:00,CV001718,0.0,0.0,1.3877029e-08
43000,2025-06-27 15:30:00,CV001718,0.0,0.0,1.3851088e-08
43001,2025-06-27 15:30:00,CV001718,0.0,0.0,1.3825459e-08
43002,2025-06-27 20:30:00,CV001718,0.0,0.0,1.3800141e-08
43003,2025-06-27 20:30:00,CV001718,0.0,0.0,1.3775131e-08
43004,2025-06-27 21:00:00,CV001718,0.0,0.0,1.3750378e-08
43005,2025-06-27 21:00:00,CV001718,0.0,0.0,1.3725982e-08
43006,2025-06-27 22:00:00,CV001718,0.0,0.0,1.3701787e-08
43007,2025-06-27 22:00:00,CV001718,0.0,0.0,1.3677999e-08
43008,2025-06-27 22:30:00,CV001718,0.0,0.0,1.3654383e-08
43009,2025-06-27 22:30:00,CV001718,0.0,0.0,1.3631119e-08
43010,2025-06-27 23:00:00,CV001718,0.0,0.0,1.3608156e-08
43011,2025-06-27 23:00:00,CV001718,0.0,0.0,1.3585464e-08
43012,2025-06-27 23:30:00,CV001718,0.0,0.0,1.3562965e-08
43013,2025-06-27 23:30:00,CV001718,0.0,0.0,1.3540917e-08
43014,2025-06-28 01:00:00,CV001718,0.0,0.0,1.3519059e-08
43015,2025-06-28 01:00:00,CV001718,0.0,0.0,1.3497467e-08
43016,2025-06-28 05:00:00,CV001718,0.0,0.0,1.3476116e-08
43017,2025-06-28 05:00:00,CV001718,0.0,0.0,1.3455159e-08
43018,2025-06-28 05:30:00,CV001718,0.0,0.0,1.3434387e-08
43019,2025-06-28 05:30:00,CV001718,0.0,0.0,1.341375e-08
43020,2025-06-28 06:00:00,CV001718,0.0,0.0,1.3393502e-08
43021,2025-06-28 06:00:00,CV001718,0.0,0.0,1.3373591e-08
43022,2025-06-28 06:30:00,CV001718,0.0,0.0,1.3353761e-08
43023,2025-06-28 06:30:00,CV001718,0.0,0.0,1.3334315e-08
43024,2025-06-28 07:30:00,CV001718,0.0,0.0,1.3315102e-08
43025,2025-06-28 07:30:00,CV001718,0.0,0.0,1.3296119e-08
43026,2025-06-28 08:00:00,CV001718,0.0,0.0,1.32774165e-08
43027,2025-06-28 08:00:00,CV001718,0.0,0.0,1.3259043e-08
43028,2025-06-28 08:30:00,CV001718,0.0,0.0,1.3240771e-08
43029,2025-06-28 08:30:00,CV001718,0.0,0.0,1.32228015e-08
43030,2025-06-28 10:00:00,CV001718,0.0,0.0,1.3205084e-08
43031,2025-06-28 10:00:00,CV001718,0.0,0.0,1.3187666e-08
43032,2025-06-28 11:00:00,CV001718,0.0,0.0,1.3170396e-08
43033,2025-06-28 11:00:00,CV001718,0.0,0.0,1.31534765e-08
43034,2025-06-28 11:30:00,CV001718,0.0,0.0,1.3136603e-08
43035,2025-06-28 11:30:00,CV001718,0.0,0.0,1.312015e-08
43036,2025-06-28 12:00:00,CV001718,0.0,0.0,1.310382e-08
43037,2025-06-28 12:00:00,CV001718,0.0,0.0,1.30878846e-08
43038,2025-06-28 12:30:00,CV001718,0.0,0.0,1.3071992e-08
43039,2025-06-28 12:30:00,CV001718,0.0,0.0,1.3056443e-08
43040,2025-06-28 13:00:00,CV001718,0.0,0.0,1.30410625e-08
43041,2025-06-28 13:00:00,CV001718,0.0,0.0,1.3025899e-08
43042,2025-06-28 13:30:00,CV001718,0.0,0.0,1.3011024e-08
43043,2025-06-28 13:30:00,CV001718,0.0,0.0,1.2996317e-08
43044,2025-06-28 14:00:00,CV001718,0.0,0.0,1.2981923e-08
43045,2025-06-28 14:00:00,CV001718,0.0,0.0,1.2967668e-08
43046,2025-06-28 14:30:00,CV001718,0.0,0.0,1.2953726e-08
43047,2025-06-28 14:30:00,CV001718,0.0,0.0,1.2939871e-08
43048,2025-06-28 15:00:00,CV001718,0.0,0.0,1.29262565e-08
43049,2025-06-28 15:00:00,CV001718,0.0,0.0,1.2912925e-08
43050,2025-06-28 15:30:00,CV001718,0.0,0.0,1.289973e-08
43051,2025-06-28 15:30:00,CV001718,0.0,0.0,1.2886843e-08
43052,2025-06-28 16:00:00,CV001718,0.0,0.0,1.2874093e-08
43053,2025-06-28 16:00:00,CV001718,0.0,0.0,1.2861576e-08
43054,2025-06-28 16:30:00,CV001718,0.0,0.0,1.28492665e-08
43055,2025-06-28 16:30:00,CV001718,0.0,0.0,1.283719e-08
43056,2025-06-28 17:00:00,CV001718,0.0,0.0,1.282532e-08
43057,2025-06-28 17:00:00,CV001718,0.0,0.0,1.2813583e-08
43058,2025-06-28 17:30:00,CV001718,0.0,0.0,1.28021025e-08
43059,2025-06-28 17:30:00,CV001718,0.0,0.0,1.2790801e-08
43060,2025-06-28 18:30:00,CV001718,0.0,0.0,1.2779779e-08
43061,2025-06-28 18:30:00,CV001718,0.0,0.0,1.2768888e-08
43062,2025-06-28 19:00:00,CV001718,0.0,0.0,1.2758176e-08
43063,2025-06-28 19:00:00,CV001718,0.0,0.0,1.27477655e-08
43064,2025-06-28 20:00:00,CV001718,0.0,0.0,1.2737435e-08
43065,2025-06-28 20:00:00,CV001718,0.0,0.0,1.2727333e-08
43066,2025-06-28 20:30:00,CV001718,0.0,0.0,1.2717481e-08
43067,2025-06-28 20:30:00,CV001718,0.0,0.0,1.2707734e-08
43068,2025-06-28 21:00:00,CV001718,0.0,0.0,1.2698284e-08
43069,2025-06-28 21:00:00,CV001718,0.0,0.0,1.2688987e-08
43070,2025-06-28 22:30:00,CV001718,0.0,0.0,1.2679842e-08
43071,2025-06-28 22:30:00,CV001718,0.0,0.0,1.2670824e-08
43072,2025-06-28 23:00:00,CV001718,0.0,0.0,1.2662103e-08
43073,2025-06-28 23:00:00,CV001718,0.0,0.0,1.2653556e-08
43074,2025-06-28 23:30:00,CV001718,0.0,0.0,1.2645136e-08
43075,2025-06-28 23:30:00,CV001718,0.0,0.0,1.26370105e-08
43076,2025-06-29 00:00:00,CV001718,0.0,0.0,1.2628988e-08
43077,2025-06-29 00:00:00,CV001718,0.0,0.0,1.2621137e-08
43078,2025-06-29 00:30:00,CV001718,0.0,0.0,1.26135316e-08
43079,2025-06-29 00:30:00,CV001718,0.0,0.0,1.2606051e-08
43080,2025-06-29 01:00:00,CV001718,0.0,0.0,1.2598768e-08
43081,2025-06-29 01:00:00,CV001718,0.0,0.0,1.25917055e-08
43082,2025-06-29 01:30:00,CV001718,0.0,0.0,1.258467e-08
43083,2025-06-29 01:30:00,CV001718,0.0,0.0,1.2577927e-08
43084,2025-06-29 02:00:00,CV001718,0.0,0.0,1.2571452e-08
43085,2025-06-29 02:00:00,CV001718,0.0,0.0,1.2565027e-08
43086,2025-06-29 03:00:00,CV001718,0.0,0.0,1.25587984e-08
43087,2025-06-29 03:00:00,CV001718,0.0,0.0,1.2552787e-08
43088,2025-06-29 03:30:00,CV001718,0.0,0.0,1.2546898e-08
43089,2025-06-29 03:30:00,CV001718,0.0,0.0,1.25412045e-08
43090,2025-06-29 04:00:00,CV001718,0.0,0.0,1.2535631e-08
43091,2025-06-29 04:00:00,CV001718,0.0,0.0,1.2530253e-08
43092,2025-06-29 06:30:00,CV001718,0.0,0.0,1.252514e-08
43093,2025-06-29 06:30:00,CV001718,0.0,0.0,1.25201e-08
43094,2025-06-29 07:00:00,CV001718,0.0,0.0,1.2515182e-08
43095,2025-06-29 07:00:00,CV001718,0.0,0.0,1.2510528e-08
43096,2025-06-29 07:30:00,CV001718,0.0,0.0,1.2506018e-08
43097,2025-06-29 07:30:00,CV001718,0.0,0.0,1.2501631e-08
43098,2025-06-29 08:00:00,CV001718,0.0,0.0,1.249741e-08
43099,2025-06-29 08:00:00,CV001718,0.0,0.0,1.2493478e-08
43100,2025-06-29 08:30:00,CV001718,0.0,0.0,1.2489571e-08
43101,2025-06-29 08:30:00,CV001718,0.0,0.0,1.2485855e-08
43102,2025-06-29 10:30:00,CV001718,0.0,0.0,1.2482355e-08
43103,2025-06-29 10:30:00,CV001718,0.0,0.0,1.2479022e-08
43104,2025-06-29 11:00:00,CV001718,0.0,0.0,1.2475833e-08
43105,2025-06-29 11:00:00,CV001718,0.0,0.0,1.2472763e-08
43106,2025-06-29 11:30:00,CV001718,0.0,0.0,1.2469838e-08
43107,2025-06-29 11:30:00,CV001718,0.0,0.0,1.2467103e-08
43108,2025-06-29 12:00:00,CV001718,0.0,0.0,1.2464534e-08
43109,2025-06-29 12:00:00,CV001718,0.0,0.0,1.24621105e-08
43110,2025-06-29 12:30:00,CV001718,0.0,0.0,1.2459805e-08
43111,2025-06-29 12:30:00,CV001718,0.0,0.0,1.2457762e-08
43112,2025-06-29 13:00:00,CV001718,0.0,0.0,1.2455789e-08
43113,2025-06-29 13:00:00,CV001718,0.0,0.0,1.2453936e-08
43114,2025-06-29 13:30:00,CV001718,0.0,0.0,1.2452322e-08
43115,2025-06-29 13:30:00,CV001718,0.0,0.0,1.245092e-08
43116,2025-06-29 14:30:00,CV001718,0.0,0.0,1.2449448e-08
43117,2025-06-29 14:30:00,CV001718,0.0,0.0,1.2448355e-08
43118,2025-06-29 15:00:00,CV001718,0.0,0.0,1.2447311e-08
43119,2025-06-29 15:00:00,CV001718,0.0,0.0,1.2446385e-08
43120,2025-06-29 15:30:00,CV001718,0.0,0.0,1.2445697e-08
43121,2025-06-29 15:30:00,CV001718,0.0,0.0,1.2445055e-08
43122,2025-06-29 16:00:00,CV001718,0.0,0.0,1.24446755e-08
43123,2025-06-29 16:00:00,CV001718,0.0,0.0,1.24444615e-08
43124,2025-06-29 16:30:00,CV001718,0.0,0.0,1.2444248e-08
43125,2025-06-29 16:30:00,CV001718,0.0,0.0,1.2444224e-08
43126,2025-06-29 21:30:00,CV001718,0.0,0.0,1.2444438e-08
43127,2025-06-29 21:30:00,CV001718,0.0,0.0,1.24446755e-08
43128,2025-06-29 22:00:00,CV001718,0.0,0.0,1.2445175e-08
43129,2025-06-29 22:00:00,CV001718,0.0,0.0,1.2445791e-08
43130,2025-06-29 22:30:00,CV001718,0.0,0.0,1.2446575e-08
43131,2025-06-29 22:30:00,CV001718,0.0,0.0,1.2447477e-08
43132,2025-06-29 23:00:00,CV001718,0.0,0.0,1.244845e-08
43133,2025-06-29 23:00:00,CV001718,0.0,0.0,1.2449661e-08
43134,2025-06-29 23:30:00,CV001718,0.0,0.0,1.2450991e-08
43135,2025-06-29 23:30:00,CV001718,0.0,0.0,1.245244e-08
43136,2025-06-30 00:00:00,CV001718,0.0,0.0,1.2454079e-08
43137,2025-06-30 00:00:00,CV001718,0.0,0.0,1.245586e-08
43138,2025-06-30 00:30:00,CV001718,0.0,0.0,1.2457762e-08
43139,2025-06-30 00:30:00,CV001718,0.0,0.0,1.2459758e-08
43140,2025-06-30 01:00:00,CV001718,0.0,0.0,1.2461896e-08
43141,2025-06-30 01:00:00,CV001718,0.0,0.0,1.2464274e-08
43142,2025-06-30 02:30:00,CV001718,0.0,0.0,1.2466794e-08
43143,2025-06-30 02:30:00,CV001718,0.0,0.0,1.24693145e-08
43144,2025-06-30 03:00:00,CV001718,0.0,0.0,1.2472074e-08
43145,2025-06-30 03:00:00,CV001718,0.0,0.0,1.2474882e-08
43146,2025-06-30 03:30:00,CV001718,0.0,0.0,1.247795e-08
43147,2025-06-30 03:30:00,CV001718,0.0,0.0,1.2481117e-08
43148,2025-06-30 06:30:00,CV001718,0.0,0.0,1.2484426e-08
43149,2025-06-30 06:30:00,CV001718,0.0,0.0,1.2487808e-08
43150,2025-06-30 07:00:00,CV001718,0.0,0.0,1.2491428e-08
43151,2025-06-30 07:00:00,CV001718,0.0,0.0,1.2495074e-08
43152,2025-06-30 07:30:00,CV001718,0.0,0.0,1.2498864e-08
43153,2025-06-30 07:30:00,CV001718,0.0,0.0,1.2502918e-08
43154,2025-06-30 08:30:00,CV001718,0.0,0.0,1.2506997e-08
43155,2025-06-30 08:30:00,CV001718,0.0,0.0,1.2511292e-08
43156,2025-06-30 09:00:00,CV001718,0.0,0.0,1.2515707e-08
43157,2025-06-30 09:00:00,CV001718,0.0,0.0,1.2520148e-08
43158,2025-06-30 09:30:00,CV001718,0.0,0.0,1.2524829e-08
43159,2025-06-30 09:30:00,CV001718,0.0,0.0,1.25296316e-08
43160,2025-06-30 10:00:00,CV001718,0.0,0.0,1.25345325e-08
43161,2025-06-30 10:00:00,CV001718,0.0,0.0,1.2539553e-08
43162,2025-06-30 10:30:00,CV001718,0.0,0.0,1.2544745e-08
43163,2025-06-30 10:30:00,CV001718,0.0,0.0,1.2550106e-08
43164,2025-06-30 14:00:00,CV001718,0.0,0.0,1.2555565e-08
43165,2025-06-30 14:00:00,CV001718,0.0,0.0,1.2561193e-08
43166,2025-06-30 14:30:00,CV001718,0.0,0.0,1.2566825e-08
43167,2025-06-30 14:30:00,CV001718,0.0,0.0,1.25726745e-08
43168,2025-06-30 15:00:00,CV001718,0.0,0.0,1.25786235e-08
43169,2025-06-30 15:00:00,CV001718,0.0,0.0,1.2584719e-08
43170,2025-06-30 15:30:00,CV001718,0.0,0.0,1.2591009e-08
43171,2025-06-30 15:30:00,CV001718,0.0,0.0,1.25974235e-08
43172,2025-06-30 16:00:00,CV001718,0.0,0.0,1.2603913e-08
43173,2025-06-30 16:00:00,CV001718,0.0,0.0,1.2610645e-08
43174,2025-06-30 21:00:00,CV001718,0.0,0.0,1.2617359e-08
43175,2025-06-30 21:00:00,CV001718,0.0,0.0,1.2624194e-08
43176,2025-06-30 21:30:00,CV001718,0.0,0.0,1.2631276e-08
43177,2025-06-30 21:30:00,CV001718,0.0,0.0,1.26384085e-08
43178,2025-06-30 22:00:00,CV001718,0.0,0.0,1.2645691e-08
43179,2025-06-30 22:00:00,CV001718,0.0,0.0,1.2653122e-08
43180,2025-06-30 22:30:00,CV001718,0.0,0.0,1.2660655e-08
43181,2025-06-30 22:30:00,CV001718,0.0,0.0,1.2668263e-08
43182,2025-06-30 23:00:00,CV001718,0.0,0.0,1.2676118e-08
43183,2025-06-30 23:00:00,CV001718,0.0,0.0,1.2684026e-08
43184,2025-06-30 23:30:00,CV001718,0.0,0.0,1.2692062e-08
43185,2025-06-30 23:30:00,CV001718,0.0,0.0,1.2700198e-08
43186,2025-07-01 00:00:00,CV001718,0.0,0.0,1.2708533e-08
43187,2025-07-01 00:00:00,CV001718,0.0,0.0,1.2717069e-08
43188,2025-07-01 00:30:00,CV001718,0.0,0.0,1.272561e-08
43189,2025-07-01 00:30:00,CV001718,0.0,0.0,1.2734277e-08
43190,2025-07-01 01:00:00,CV001718,0.0,0.0,1.2743048e-08
43191,2025-07-01 01:00:00,CV001718,0.0,0.0,1.2752094e-08
43192,2025-07-01 01:30:00,CV001718,0.0,0.0,1.2761121e-08
43193,2025-07-01 01:30:00,CV001718,0.0,0.0,1.2770325e-08
43194,2025-07-01 02:00:00,CV001718,0.0,0.0,1.2779706e-08
43195,2025-07-01 02:00:00,CV001718,0.0,0.0,1.2789143e-08
43196,2025-07-01 02:30:00,CV001718,0.0,0.0,1.2798684e-08
43197,2025-07-01 02:30:00,CV001718,0.0,0.0,1.2808403e-08
43198,2025-07-01 03:00:00,CV001718,0.0,0.0,1.2818252e-08
43199,2025-07-01 03:00:00,CV001718,0.0,0.0,1.2828158e-08
43200,2025-07-01 03:30:00,CV001718,0.0,0.0,1.2838243e-08
43201,2025-07-01 03:30:00,CV001718,0.0,0.0,1.2848433e-08
43202,2025-07-01 04:00:00,CV001718,0.0,0.0,1.2858779e-08
43203,2025-07-01 04:00:00,CV001718,0.0,0.0,1.2869232e-08
43204,2025-07-01 07:30:00,CV001718,0.0,0.0,1.287984e-08
43205,2025-07-01 07:30:00,CV001718,0.0,0.0,1.2890531e-08
43206,2025-07-01 09:30:00,CV001718,0.0,0.0,1.29014035e-08
43207,2025-07-01 09:30:00,CV001718,0.0,0.0,1.2912407e-08
43208,2025-07-01 10:00:00,CV001718,0.0,0.0,1.2923397e-08
43209,2025-07-01 10:00:00,CV001718,0.0,0.0,1.2934617e-08
43210,2025-07-01 11:00:00,CV001718,0.0,0.0,1.2945946e-08
43211,2025-07-01 11:00:00,CV001718,0.0,0.0,1.2957408e-08
43212,2025-07-01 11:30:00,CV001718,0.0,0.0,1.2969004e-08
43213,2025-07-01 11:30:00,CV001718,0.0,0.0,1.2980685e-08
43214,2025-07-01 12:00:00,CV001718,0.0,0.0,1.2992575e-08
43215,2025-07-01 12:00:00,CV001718,0.0,0.0,1.3004501e-08
43216,2025-07-01 12:30:00,CV001718,0.0,0.0,1.3016535e-08
43217,2025-07-01 12:30:00,CV001718,0.0,0.0,1.30288305e-08
43218,2025-07-01 13:00:00,CV001718,0.0,0.0,1.3041112e-08
43219,2025-07-01 13:00:00,CV001718,0.0,0.0,1.3053556e-08
43220,2025-07-01 13:30:00,CV001718,0.0,0.0,1.3066084e-08
43221,2025-07-01 13:30:00,CV001718,0.0,0.0,1.3078876e-08
43222,2025-07-01 14:00:00,CV001718,0.0,0.0,1.309168e-08
43223,2025-07-01 14:00:00,CV001718,0.0,0.0,1.3104645e-08
43224,2025-07-01 14:30:00,CV001718,0.0,0.0,1.3117699e-08
43225,2025-07-01 14:30:00,CV001718,0.0,0.0,1.3130866e-08
43226,2025-07-01 15:00:00,CV001718,0.0,0.0,1.3144222e-08
43227,2025-07-01 15:00:00,CV001718,0.0,0.0,1.3157617e-08
43228,2025-07-01 15:30:00,CV001718,0.0,0.0,1.3171125e-08
43229,2025-07-01 15:30:00,CV001718,0.0,0.0,1.3184899e-08
43230,2025-07-01 16:00:00,CV001718,0.0,0.0,1.3198713e-08
43231,2025-07-01 16:00:00,CV001718,0.0,0.0,1.3212667e-08
43232,2025-07-01 16:30:00,CV001718,0.0,0.0,1.3226762e-08
43233,2025-07-01 16:30:00,CV001718,0.0,0.0,1.3240872e-08
43234,2025-07-01 17:30:00,CV001718,0.0,0.0,1.3255275e-08
43235,2025-07-01 17:30:00,CV001718,0.0,0.0,1.3269593e-08
43236,2025-07-01 18:30:00,CV001718,0.0,0.0,1.32842555e-08
43237,2025-07-01 18:30:00,CV001718,0.0,0.0,1.3298807e-08
43238,2025-07-01 19:00:00,CV001718,0.0,0.0,1.3313654e-08
43239,2025-07-01 19:00:00,CV001718,0.0,0.0,1.3328518e-08
43240,2025-07-01 19:30:00,CV001718,0.0,0.0,1.3343627e-08
43241,2025-07-01 19:30:00,CV001718,0.0,0.0,1.3358754e-08
43242,2025-07-01 20:00:00,CV001718,0.0,0.0,1.3374025e-08
43243,2025-07-01 20:00:00,CV001718,0.0,0.0,1.3389466e-08
43244,2025-07-01 20:30:00,CV001718,0.0,0.0,1.3405029e-08
43245,2025-07-01 20:30:00,CV001718,0.0,0.0,1.3420762e-08
43246,2025-07-01 21:00:00,CV001718,0.0,0.0,1.3436514e-08
43247,2025-07-01 21:00:00,CV001718,0.0,0.0,1.3452387e-08
43248,2025-07-01 21:30:00,CV001718,0.0,0.0,1.3468382e-08
43249,2025-07-01 21:30:00,CV001718,0.0,0.0,1.3484653e-08
43250,2025-07-01 22:00:00,CV001718,0.0,0.0,1.3500968e-08
43251,2025-07-01 22:00:00,CV001718,0.0,0.0,1.35173055e-08
43252,2025-07-01 22:30:00,CV001718,0.0,0.0,1.353379e-08
43253,2025-07-01 22:30:00,CV001718,0.0,0.0,1.3550476e-08
43254,2025-07-01 23:00:00,CV001718,0.0,0.0,1.356726e-08
43255,2025-07-01 23:00:00,CV001718,0.0,0.0,1.3584091e-08
43256,2025-07-01 23:30:00,CV001718,0.0,0.0,1.3601203e-08
43257,2025-07-01 23:30:00,CV001718,0.0,0.0,1.36182825e-08
43258,2025-07-02 01:30:00,CV001718,0.0,0.0,1.3635619e-08
43259,2025-07-02 01:30:00,CV001718,0.0,0.0,1.3653002e-08
43260,2025-07-02 02:30:00,CV001718,0.0,0.0,1.3670462e-08
43261,2025-07-02 02:30:00,CV001718,0.0,0.0,1.368823e-08
43262,2025-07-02 03:30:00,CV001718,0.0,0.0,1.3705891e-08
43263,2025-07-02 03:30:00,CV001718,0.0,0.0,1.372381e-08
43264,2025-07-02 04:00:00,CV001718,0.0,0.0,1.37418565e-08
43265,2025-07-02 04:00:00,CV001718,0.0,0.0,1.3760033e-08
43266,2025-07-02 04:30:00,CV001718,0.0,0.0,1.3778364e-08
43267,2025-07-02 04:30:00,CV001718,0.0,0.0,1.3796694e-08
43268,2025-07-02 06:30:00,CV001718,0.0,0.0,1.3815232e-08
43269,2025-07-02 06:30:00,CV001718,0.0,0.0,1.3833874e-08
43270,2025-07-02 10:30:00,CV001718,0.0,0.0,1.385262e-08
43271,2025-07-02 10:30:00,CV001718,0.0,0.0,1.3871578e-08
43272,2025-07-02 11:00:00,CV001718,0.0,0.0,1.3890482e-08
43273,2025-07-02 11:00:00,CV001718,0.0,0.0,1.390965e-08
43274,2025-07-02 11:30:00,CV001718,0.0,0.0,1.392895e-08
43275,2025-07-02 11:30:00,CV001718,0.0,0.0,1.3948386e-08
43276,2025-07-02 12:00:00,CV001718,0.0,0.0,1.3967901e-08
43277,2025-07-02 12:00:00,CV001718,0.0,0.0,1.39875755e-08
43278,2025-07-02 12:30:00,CV001718,0.0,0.0,1.4007332e-08
43279,2025-07-02 12:30:00,CV001718,0.0,0.0,1.4027224e-08
43280,2025-07-02 13:00:00,CV001718,0.0,0.0,1.40472505e-08
43281,2025-07-02 13:00:00,CV001718,0.0,0.0,1.406736e-08
43282,2025-07-02 13:30:00,CV001718,0.0,0.0,1.40876315e-08
43283,2025-07-02 13:30:00,CV001718,0.0,0.0,1.41081475e-08
43284,2025-07-02 14:30:00,CV001718,0.0,0.0,1.41286955e-08
43285,2025-07-02 14:30:00,CV001718,0.0,0.0,1.4149244e-08
43286,2025-07-02 15:30:00,CV001718,0.0,0.0,1.4170013e-08
43287,2025-07-02 15:30:00,CV001718,0.0,0.0,1.4190975e-08
43288,2025-07-02 17:00:00,CV001718,0.0,0.0,1.4212048e-08
43289,2025-07-02 17:00:00,CV001718,0.0,0.0,1.4233236e-08
43290,2025-07-02 18:00:00,CV001718,0.0,0.0,1.42545895e-08
43291,2025-07-02 18:00:00,CV001718,0.0,0.0,1.4275949e-08
43292,2025-07-02 18:30:00,CV001718,0.0,0.0,1.4297503e-08
43293,2025-07-02 18:30:00,CV001718,0.0,0.0,1.4319145e-08
43294,2025-07-02 19:00:00,CV001718,0.0,0.0,1.4341039e-08
43295,2025-07-02 19:00:00,CV001718,0.0,0.0,1.436291e-08
43296,2025-07-02 20:00:00,CV001718,0.0,0.0,1.4384925e-08
43297,2025-07-02 20:00:00,CV001718,0.0,0.0,1.4407139e-08
43298,2025-07-02 21:30:00,CV001718,0.0,0.0,1.44294425e-08
43299,2025-07-02 21:30:00,CV001718,0.0,0.0,1.4451918e-08
43300,2025-07-02 23:30:00,CV001718,0.0,0.0,1.44745105e-08
43301,2025-07-02 23:30:00,CV001718,0.0,0.0,1.4497222e-08
43302,2025-07-03 00:00:00,CV001718,0.0,0.0,1.4520024e-08
43303,2025-07-03 00:00:00,CV001718,0.0,0.0,1.4543086e-08
43304,2025-07-03 00:30:00,CV001718,0.0,0.0,1.4566043e-08
43305,2025-07-03 00:30:00,CV001718,0.0,0.0,1.45893155e-08
43306,2025-07-03 01:30:00,CV001718,0.0,0.0,1.4612682e-08
43307,2025-07-03 01:30:00,CV001718,0.0,0.0,1.4636224e-08
43308,2025-07-03 02:00:00,CV001718,0.0,0.0,1.4659776e-08
43309,2025-07-03 02:00:00,CV001718,0.0,0.0,1.4683675e-08
43310,2025-07-03 02:30:00,CV001718,0.0,0.0,1.4707443e-08
43311,2025-07-03 02:30:00,CV001718,0.0,0.0,1.4731363e-08
43312,2025-07-03 03:00:00,CV001718,0.0,0.0,1.4755632e-08
43313,2025-07-03 03:00:00,CV001718,0.0,0.0,1.4779883e-08
43314,2025-07-03 03:30:00,CV001718,0.0,0.0,1.4804232e-08
43315,2025-07-03 03:30:00,CV001718,0.0,0.0,1.4828876e-08
43316,2025-07-03 04:00:00,CV001718,0.0,0.0,1.4853474e-08
43317,2025-07-03 04:00:00,CV001718,0.0,0.0,1.4878285e-08
43318,2025-07-03 04:30:00,CV001718,0.0,0.0,1.4903137e-08
43319,2025-07-03 04:30:00,CV001718,0.0,0.0,1.4928315e-08
43320,2025-07-03 05:00:00,CV001718,0.0,0.0,1.4953448e-08
43321,2025-07-03 05:00:00,CV001718,0.0,0.0,1.4978768e-08
43322,2025-07-03 06:00:00,CV001718,0.0,0.0,1.5004218e-08
43323,2025-07-03 06:00:00,CV001718,0.0,0.0,1.5029824e-08
43324,2025-07-03 07:00:00,CV001718,0.0,0.0,1.5055532e-08
43325,2025-07-03 07:00:00,CV001718,0.0,0.0,1.5081456e-08
43326,2025-07-03 07:30:00,CV001718,0.0,0.0,1.5107366e-08
43327,2025-07-03 07:30:00,CV001718,0.0,0.0,1.513361e-08
43328,2025-07-03 08:00:00,CV001718,0.0,0.0,1.5159873e-08
43329,2025-07-03 08:00:00,CV001718,0.0,0.0,1.5186265e-08
43330,2025-07-03 08:30:00,CV001718,0.0,0.0,1.5212677e-08
43331,2025-07-03 08:30:00,CV001718,0.0,0.0,1.5239424e-08
43332,2025-07-03 09:00:00,CV001718,0.0,0.0,1.5266247e-08
43333,2025-07-03 09:00:00,CV001718,0.0,0.0,1.5293262e-08
43334,2025-07-03 09:30:00,CV001718,0.0,0.0,1.5320268e-08
43335,2025-07-03 09:30:00,CV001718,0.0,0.0,1.5347469e-08
43336,2025-07-03 10:00:00,CV001718,0.0,0.0,1.5374862e-08
43337,2025-07-03 10:00:00,CV001718,0.0,0.0,1.5402307e-08
43338,2025-07-03 10:30:00,CV001718,0.0,0.0,1.5429887e-08
43339,2025-07-03 10:30:00,CV001718,0.0,0.0,1.5457607e-08
43340,2025-07-03 11:00:00,CV001718,0.0,0.0,1.5485552e-08
43341,2025-07-03 11:00:00,CV001718,0.0,0.0,1.5513608e-08
43342,2025-07-03 11:30:00,CV001718,0.0,0.0,1.5541803e-08
43343,2025-07-03 11:30:00,CV001718,0.0,0.0,1.5570228e-08
43344,2025-07-03 12:00:00,CV001718,0.0,0.0,1.5598525e-08
43345,2025-07-03 12:00:00,CV001718,0.0,0.0,1.5627144e-08
43346,2025-07-03 12:30:00,CV001718,0.0,0.0,1.5655843e-08
43347,2025-07-03 12:30:00,CV001718,0.0,0.0,1.5684746e-08
43348,2025-07-03 13:00:00,CV001718,0.0,0.0,1.57137e-08
43349,2025-07-03 13:00:00,CV001718,0.0,0.0,1.574286e-08
43350,2025-07-03 13:30:00,CV001718,0.0,0.0,1.5772073e-08
43351,2025-07-03 13:30:00,CV001718,0.0,0.0,1.5801492e-08
43352,2025-07-03 14:30:00,CV001718,0.0,0.0,1.5831057e-08
43353,2025-07-03 14:30:00,CV001718,0.0,0.0,1.5860795e-08
43354,2025-07-03 15:30:00,CV001718,0.0,0.0,1.5890652e-08
43355,2025-07-03 15:30:00,CV001718,0.0,0.0,1.5920717e-08
43356,2025-07-03 16:00:00,CV001718,0.0,0.0,1.5950809e-08
43357,2025-07-03 16:00:00,CV001718,0.0,0.0,1.5981017e-08
43358,2025-07-03 16:30:00,CV001718,0.0,0.0,1.6011466e-08
43359,2025-07-03 16:30:00,CV001718,0.0,0.0,1.6042128e-08
43360,2025-07-03 17:00:00,CV001718,0.0,0.0,1.6072754e-08
43361,2025-07-03 17:00:00,CV001718,0.0,0.0,1.61035e-08
43362,2025-07-03 20:00:00,CV001718,0.0,0.0,1.613446e-08
43363,2025-07-03 20:00:00,CV001718,0.0,0.0,1.6165604e-08
43364,2025-07-03 20:30:00,CV001718,0.0,0.0,1.6196838e-08
43365,2025-07-03 20:30:00,CV001718,0.0,0.0,1.6228284e-08
43366,2025-07-03 21:00:00,CV001718,0.0,0.0,1.625992e-08
43367,2025-07-03 21:00:00,CV001718,0.0,0.0,1.6291583e-08
43368,2025-07-03 21:30:00,CV001718,0.0,0.0,1.6323433e-08
43369,2025-07-03 21:30:00,CV001718,0.0,0.0,1.6355347e-08
43370,2025-07-03 22:00:00,CV001718,0.0,0.0,1.6387448e-08
43371,2025-07-03 22:00:00,CV001718,0.0,0.0,1.6419737e-08
43372,2025-07-03 22:30:00,CV001718,0.0,0.0,1.6452152e-08
43373,2025-07-03 22:30:00,CV001718,0.0,0.0,1.6484663e-08
43374,2025-07-03 23:00:00,CV001718,0.0,0.0,1.6517394e-08
43375,2025-07-03 23:00:00,CV001718,0.0,0.0,1.6550349e-08
43376,2025-07-03 23:30:00,CV001718,0.0,0.0,1.6583275e-08
43377,2025-07-03 23:30:00,CV001718,0.0,0.0,1.6616456e-08
43378,2025-07-04 00:00:00,CV001718,0.0,0.0,1.6649672e-08
43379,2025-07-04 00:00:00,CV001718,0.0,0.0,1.6683208e-08
43380,2025-07-04 02:30:00,CV001718,0.0,0.0,1.6716783e-08
43381,2025-07-04 02:30:00,CV001718,0.0,0.0,1.6750551e-08
43382,2025-07-04 05:00:00,CV001718,0.0,0.0,1.6784387e-08
43383,2025-07-04 05:00:00,CV001718,0.0,0.0,1.6818419e-08
43384,2025-07-04 05:30:00,CV001718,0.0,0.0,1.6852649e-08
43385,2025-07-04 05:30:00,CV001718,0.0,0.0,1.6887046e-08
43386,2025-07-04 06:00:00,CV001718,0.0,0.0,1.6921579e-08
43387,2025-07-04 06:00:00,CV001718,0.0,0.0,1.6956115e-08
43388,2025-07-04 07:00:00,CV001718,0.0,0.0,1.6990853e-08
43389,2025-07-04 07:00:00,CV001718,0.0,0.0,1.7025824e-08
43390,2025-07-04 09:30:00,CV001718,0.0,0.0,1.7061096e-08
43391,2025-07-04 09:30:00,CV001718,0.0,0.0,1.7096244e-08
43392,2025-07-04 10:00:00,CV001718,0.0,0.0,1.7131761e-08
43393,2025-07-04 10:00:00,CV001718,0.0,0.0,1.7167151e-08
43394,2025-07-04 10:30:00,CV001718,0.0,0.0,1.7202945e-08
43395,2025-07-04 10:30:00,CV001718,0.0,0.0,1.7238747e-08
43396,2025-07-04 12:30:00,CV001718,0.0,0.0,1.7274855e-08
43397,2025-07-04 12:30:00,CV001718,0.0,0.0,1.7311104e-08
43398,2025-07-04 14:00:00,CV001718,0.0,0.0,1.7347329e-08
43399,2025-07-04 14:00:00,CV001718,0.0,0.0,1.738373e-08
43400,2025-07-04 14:30:00,CV001718,0.0,0.0,1.7420374e-08
43401,2025-07-04 14:30:00,CV001718,0.0,0.0,1.7457229e-08
43402,2025-07-04 15:00:00,CV001718,0.0,0.0,1.7494093e-08
43403,2025-07-04 15:00:00,CV001718,0.0,0.0,1.7531171e-08
43404,2025-07-04 15:30:00,CV001718,0.0,0.0,1.7568427e-08
43405,2025-07-04 15:30:00,CV001718,0.0,0.0,1.7605895e-08
43406,2025-07-04 16:00:00,CV001718,0.0,0.0,1.7643313e-08
43407,2025-07-04 16:00:00,CV001718,0.0,0.0,1.7681144e-08
43408,2025-07-04 16:30:00,CV001718,0.0,0.0,1.7719055e-08
43409,2025-07-04 16:30:00,CV001718,0.0,0.0,1.775705e-08
43410,2025-07-04 17:00:00,CV001718,0.0,0.0,1.7795193e-08
43411,2025-07-04 17:00:00,CV001718,0.0,0.0,1.7833726e-08
43412,2025-07-04 17:30:00,CV001718,0.0,0.0,1.78721e-08
43413,2025-07-04 17:30:00,CV001718,0.0,0.0,1.7910764e-08
43414,2025-07-04 18:00:00,CV001718,0.0,0.0,1.7949683e-08
43415,2025-07-04 18:00:00,CV001718,0.0,0.0,1.7988583e-08
43416,2025-07-04 18:30:00,CV001718,0.0,0.0,1.8027842e-08
43417,2025-07-04 18:30:00,CV001718,0.0,0.0,1.8067189e-08
43418,2025-07-04 19:00:00,CV001718,0.0,0.0,1.810662e-08
43419,2025-07-04 19:00:00,CV001718,0.0,0.0,1.8146276e-08
43420,2025-07-04 19:30:00,CV001718,0.0,0.0,1.8186054e-08
43421,2025-07-04 19:30:00,CV001718,0.0,0.0,1.8225988e-08
43422,2025-07-04 20:00:00,CV001718,0.0,0.0,1.8266112e-08
43423,2025-07-04 20:00:00,CV001718,0.0,0.0,1.8306327e-08
43424,2025-07-04 20:30:00,CV001718,0.0,0.0,1.8346807e-08
43425,2025-07-04 20:30:00,CV001718,0.0,0.0,1.8387478e-08
43426,2025-07-04 21:00:00,CV001718,0.0,0.0,1.8428311e-08
43427,2025-07-04 21:00:00,CV001718,0.0,0.0,1.8469342e-08
43428,2025-07-04 21:30:00,CV001718,0.0,0.0,1.8510391e-08
43429,2025-07-04 21:30:00,CV001718,0.0,0.0,1.8551676e-08
43430,2025-07-04 22:00:00,CV001718,0.0,0.0,1.8592978e-08
43431,2025-07-04 22:00:00,CV001718,0.0,0.0,1.8634696e-08
43432,2025-07-04 22:30:00,CV001718,0.0,0.0,1.8676612e-08
43433,2025-07-04 22:30:00,CV001718,0.0,0.0,1.871841e-08
43434,2025-07-04 23:00:00,CV001718,0.0,0.0,1.876044e-08
43435,2025-07-04 23:00:00,CV001718,0.0,0.0,1.8802856e-08
43436,2025-07-04 23:30:00,CV001718,0.0,0.0,1.8845189e-08
43437,2025-07-04 23:30:00,CV001718,0.0,0.0,1.8887974e-08
43438,2025-07-05 00:00:00,CV001718,0.0,0.0,1.8930676e-08
43439,2025-07-05 00:00:00,CV001718,0.0,0.0,1.8973765e-08
43440,2025-07-05 00:30:00,CV001718,0.0,0.0,1.9016808e-08
43441,2025-07-05 00:30:00,CV001718,0.0,0.0,1.9059948e-08
43442,2025-07-05 01:00:00,CV001718,0.0,0.0,1.9103549e-08
43443,2025-07-05 01:00:00,CV001718,0.0,0.0,1.9147103e-08
43444,2025-07-05 01:30:00,CV001718,0.0,0.0,1.9191052e-08
43445,2025-07-05 01:30:00,CV001718,0.0,0.0,1.9234845e-08
43446,2025-07-05 02:00:00,CV001718,0.0,0.0,1.9279105e-08
43447,2025-07-05 02:00:00,CV001718,0.0,0.0,1.9323464e-08
43448,2025-07-05 02:30:00,CV001718,0.0,0.0,1.9367853e-08
43449,2025-07-05 02:30:00,CV001718,0.0,0.0,1.9412678e-08
43450,2025-07-05 03:00:00,CV001718,0.0,0.0,1.945742e-08
43451,2025-07-05 03:00:00,CV001718,0.0,0.0,1.9502378e-08
43452,2025-07-05 03:30:00,CV001718,0.0,0.0,1.954759e-08
43453,2025-07-05 03:30:00,CV001718,0.0,0.0,1.9593017e-08
43454,2025-07-05 04:00:00,CV001718,0.0,0.0,1.9638401e-08
43455,2025-07-05 04:00:00,CV001718,0.0,0.0,1.9684263e-08
43456,2025-07-05 07:00:00,CV001718,0.0,0.0,1.9730233e-08
43457,2025-07-05 07:00:00,CV001718,0.0,0.0,1.9776161e-08
43458,2025-07-05 07:30:00,CV001718,0.0,0.0,1.9822346e-08
43459,2025-07-05 07:30:00,CV001718,0.0,0.0,1.9868905e-08
43460,2025-07-05 08:00:00,CV001718,0.0,0.0,1.9915346e-08
43461,2025-07-05 08:00:00,CV001718,0.0,0.0,1.9962236e-08
43462,2025-07-05 09:00:00,CV001718,0.0,0.0,2.0009162e-08
43463,2025-07-05 09:00:00,CV001718,0.0,0.0,2.0056122e-08
43464,2025-07-05 09:30:00,CV001718,0.0,0.0,2.01035e-08
43465,2025-07-05 09:30:00,CV001718,0.0,0.0,2.0151063e-08
43466,2025-07-05 10:00:00,CV001718,0.0,0.0,2.0198584e-08
43467,2025-07-05 10:00:00,CV001718,0.0,0.0,2.0246452e-08
43468,2025-07-05 10:30:00,CV001718,0.0,0.0,2.029455e-08
43469,2025-07-05 10:30:00,CV001718,0.0,0.0,2.034276e-08
43470,2025-07-05 15:00:00,CV001718,0.0,0.0,2.039124e-08
43471,2025-07-05 15:00:00,CV001718,0.0,0.0,2.0439526e-08
43472,2025-07-05 19:00:00,CV001718,0.0,0.0,2.048851e-08
43473,2025-07-05 19:00:00,CV001718,0.0,0.0,2.05373e-08
43474,2025-07-05 19:30:00,CV001718,0.0,0.0,2.0586402e-08
43475,2025-07-05 19:30:00,CV001718,0.0,0.0,2.0635818e-08
43476,2025-07-05 20:00:00,CV001718,0.0,0.0,2.0685075e-08
43477,2025-07-05 20:00:00,CV001718,0.0,0.0,2.0734767e-08
43478,2025-07-05 20:30:00,CV001718,0.0,0.0,2.0784737e-08
43479,2025-07-05 20:30:00,CV001718,0.0,0.0,2.0834829e-08
43480,2025-07-05 21:00:00,CV001718,0.0,0.0,2.0884961e-08
43481,2025-07-05 21:00:00,CV001718,0.0,0.0,2.0935532e-08
43482,2025-07-05 21:30:00,CV001718,0.0,0.0,2.0986066e-08
43483,2025-07-05 21:30:00,CV001718,0.0,0.0,2.1036803e-08
43484,2025-07-05 22:00:00,CV001718,0.0,0.0,2.1087782e-08
43485,2025-07-05 22:00:00,CV001718,0.0,0.0,2.1138886e-08
43486,2025-07-05 22:30:00,CV001718,0.0,0.0,2.1190274e-08
43487,2025-07-05 22:30:00,CV001718,0.0,0.0,2.124191e-08
43488,2025-07-05 23:00:00,CV001718,0.0,0.0,2.1293591e-08
43489,2025-07-05 23:00:00,CV001718,0.0,0.0,2.1345315e-08
43490,2025-07-06 00:00:00,CV001718,0.0,0.0,2.1397572e-08
43491,2025-07-06 00:00:00,CV001718,0.0,0.0,2.1449877e-08
43492,2025-07-06 01:00:00,CV001718,0.0,0.0,2.150239e-08
43493,2025-07-06 01:00:00,CV001718,0.0,0.0,2.1554992e-08
43494,2025-07-06 01:30:00,CV001718,0.0,0.0,2.1607844e-08
43495,2025-07-06 01:30:00,CV001718,0.0,0.0,2.1660869e-08
43496,2025-07-06 02:00:00,CV001718,0.0,0.0,2.1714312e-08
43497,2025-07-06 02:00:00,CV001718,0.0,0.0,2.1767598e-08
43498,2025-07-06 03:30:00,CV001718,0.0,0.0,2.1821391e-08
43499,2025-07-06 03:30:00,CV001718,0.0,0.0,2.1875106e-08
43500,2025-07-06 04:30:00,CV001718,0.0,0.0,2.1929164e-08
43501,2025-07-06 04:30:00,CV001718,0.0,0.0,2.1983478e-08
43502,2025-07-06 05:00:00,CV001718,0.0,0.0,2.2037971e-08
43503,2025-07-06 05:00:00,CV001718,0.0,0.0,2.2092514e-08
43504,2025-07-06 05:30:00,CV001718,0.0,0.0,2.214732e-08
43505,2025-07-06 05:30:00,CV001718,0.0,0.0,2.2202178e-08
43506,2025-07-06 06:00:00,CV001718,0.0,0.0,2.2257424e-08
43507,2025-07-06 06:00:00,CV001718,0.0,0.0,2.2312895e-08
43508,2025-07-06 07:00:00,CV001718,0.0,0.0,2.2368502e-08
43509,2025-07-06 07:00:00,CV001718,0.0,0.0,2.242459e-08
43510,2025-07-06 07:30:00,CV001718,0.0,0.0,2.2480606e-08
43511,2025-07-06 07:30:00,CV001718,0.0,0.0,2.2536716e-08
43512,2025-07-06 08:00:00,CV001718,0.0,0.0,2.2592927e-08
43513,2025-07-06 08:00:00,CV001718,0.0,0.0,2.2649578e-08
43514,2025-07-06 09:00:00,CV001718,0.0,0.0,2.2706546e-08
43515,2025-07-06 09:00:00,CV001718,0.0,0.0,2.2763611e-08
43516,2025-07-06 10:00:00,CV001718,0.0,0.0,2.2820604e-08
43517,2025-07-06 10:00:00,CV001718,0.0,0.0,2.2878176e-08
43518,2025-07-06 10:30:00,CV001718,0.0,0.0,2.2935717e-08
43519,2025-07-06 10:30:00,CV001718,0.0,0.0,2.2993579e-08
43520,2025-07-06 11:00:00,CV001718,0.0,0.0,2.3051674e-08
43521,2025-07-06 11:00:00,CV001718,0.0,0.0,2.3109962e-08
43522,2025-07-06 11:30:00,CV001718,0.0,0.0,2.316835e-08
43523,2025-07-06 11:30:00,CV001718,0.0,0.0,2.3227065e-08
43524,2025-07-06 16:00:00,CV001718,0.0,0.0,2.328584e-08
43525,2025-07-06 16:00:00,CV001718,0.0,0.0,2.3344985e-08
43526,2025-07-06 17:00:00,CV001718,0.0,0.0,2.3404372e-08
43527,2025-07-06 17:00:00,CV001718,0.0,0.0,2.3463729e-08
43528,2025-07-06 18:00:00,CV001718,0.0,0.0,2.3523551e-08
43529,2025-07-06 18:00:00,CV001718,0.0,0.0,2.3583256e-08
43530,2025-07-06 19:00:00,CV001718,0.0,0.0,2.3643336e-08
43531,2025-07-06 19:00:00,CV001718,0.0,0.0,2.3703844e-08
43532,2025-07-06 19:30:00,CV001718,0.0,0.0,2.3764368e-08
43533,2025-07-06 19:30:00,CV001718,0.0,0.0,2.3824912e-08
43534,2025-07-06 20:00:00,CV001718,0.0,0.0,2.3886018e-08
43535,2025-07-06 20:00:00,CV001718,0.0,0.0,2.3947146e-08
43536,2025-07-06 20:30:00,CV001718,0.0,0.0,2.4008429e-08
43537,2025-07-06 20:30:00,CV001718,0.0,0.0,2.4070236e-08
43538,2025-07-06 21:00:00,CV001718,0.0,0.0,2.4132065e-08
43539,2025-07-06 21:00:00,CV001718,0.0,0.0,2.4194055e-08
43540,2025-07-07 01:00:00,CV001718,0.0,0.0,2.4256293e-08
43541,2025-07-07 01:00:00,CV001718,0.0,0.0,2.431883e-08
43542,2025-07-07 01:30:00,CV001718,0.0,0.0,2.438153e-08
43543,2025-07-07 01:30:00,CV001718,0.0,0.0,2.4444486e-08
43544,2025-07-07 02:30:00,CV001718,0.0,0.0,2.4507557e-08
43545,2025-07-07 02:30:00,CV001718,0.0,0.0,2.4570834e-08
43546,2025-07-07 03:00:00,CV001718,0.0,0.0,2.4634327e-08
43547,2025-07-07 03:00:00,CV001718,0.0,0.0,2.4698123e-08
43548,2025-07-07 03:30:00,CV001718,0.0,0.0,2.476213e-08
43549,2025-07-07 03:30:00,CV001718,0.0,0.0,2.4826399e-08
43550,2025-07-07 04:00:00,CV001718,0.0,0.0,2.4890882e-08
43551,2025-07-07 04:00:00,CV001718,0.0,0.0,2.4955343e-08
43552,2025-07-07 08:30:00,CV001718,0.0,0.0,2.5020448e-08
43553,2025-07-07 08:30:00,CV001718,0.0,0.0,2.5085434e-08
43554,2025-07-07 09:00:00,CV001718,0.0,0.0,2.5150925e-08
43555,2025-07-07 09:00:00,CV001718,0.0,0.0,2.5216446e-08
43556,2025-07-07 09:30:00,CV001718,0.0,0.0,2.5282086e-08
43557,2025-07-07 09:30:00,CV001718,0.0,0.0,2.5348092e-08
43558,2025-07-07 10:00:00,CV001718,0.0,0.0,2.5414314e-08
43559,2025-07-07 10:00:00,CV001718,0.0,0.0,2.5480666e-08
43560,2025-07-07 11:00:00,CV001718,0.0,0.0,2.5547482e-08
43561,2025-07-07 11:00:00,CV001718,0.0,0.0,2.5614376e-08
43562,2025-07-07 11:30:00,CV001718,0.0,0.0,2.5681887e-08
43563,2025-07-07 11:30:00,CV001718,0.0,0.0,2.5748934e-08
43564,2025-07-07 12:00:00,CV001718,0.0,0.0,2.5816503e-08
43565,2025-07-07 12:00:00,CV001718,0.0,0.0,2.588425e-08
43566,2025-07-07 12:30:00,CV001718,0.0,0.0,2.5952371e-08
43567,2025-07-07 12:30:00,CV001718,0.0,0.0,2.6020624e-08
43568,2025-07-07 13:00:00,CV001718,0.0,0.0,2.6089152e-08
43569,2025-07-07 13:00:00,CV001718,0.0,0.0,2.6157814e-08
43570,2025-07-07 13:30:00,CV001718,0.0,0.0,2.6226905e-08
43571,2025-07-07 13:30:00,CV001718,0.0,0.0,2.6295927e-08
43572,2025-07-07 14:00:00,CV001718,0.0,0.0,2.6365484e-08
43573,2025-07-07 14:00:00,CV001718,0.0,0.0,2.6435178e-08
43574,2025-07-07 14:30:00,CV001718,0.0,0.0,2.6505104e-08
43575,2025-07-07 14:30:00,CV001718,0.0,0.0,2.6575114e-08
43576,2025-07-07 17:00:00,CV001718,0.0,0.0,2.664556e-08
43577,2025-07-07 17:00:00,CV001718,0.0,0.0,2.6716144e-08
43578,2025-07-07 17:30:00,CV001718,0.0,0.0,2.6787069e-08
43579,2025-07-07 17:30:00,CV001718,0.0,0.0,2.6858231e-08
43580,2025-07-07 18:00:00,CV001718,0.0,0.0,2.6929483e-08
43581,2025-07-07 18:00:00,CV001718,0.0,0.0,2.7000919e-08
43582,2025-07-07 18:30:00,CV001718,0.0,0.0,2.7072499e-08
43583,2025-07-07 18:30:00,CV001718,0.0,0.0,2.7144782e-08
43584,2025-07-07 19:00:00,CV001718,0.0,0.0,2.7216897e-08
43585,2025-07-07 19:00:00,CV001718,0.0,0.0,2.7289408e-08
43586,2025-07-07 19:30:00,CV001718,0.0,0.0,2.7362326e-08
43587,2025-07-07 19:30:00,CV001718,0.0,0.0,2.7435384e-08
43588,2025-07-08 00:00:00,CV001718,0.0,0.0,2.7508479e-08
43589,2025-07-08 00:00:00,CV001718,0.0,0.0,2.7581981e-08
43590,2025-07-08 00:30:00,CV001718,0.0,0.0,2.7655572e-08
43591,2025-07-08 00:30:00,CV001718,0.0,0.0,2.7729785e-08
43592,2025-07-08 01:00:00,CV001718,0.0,0.0,2.7803928e-08
43593,2025-07-08 01:00:00,CV001718,0.0,0.0,2.787822e-08
43594,2025-07-08 01:30:00,CV001718,0.0,0.0,2.7953137e-08
43595,2025-07-08 01:30:00,CV001718,0.0,0.0,2.8028039e-08
43596,2025-07-08 02:00:00,CV001718,0.0,0.0,2.8103305e-08
43597,2025-07-08 02:00:00,CV001718,0.0,0.0,2.817861e-08
43598,2025-07-08 02:30:00,CV001718,0.0,0.0,2.8254654e-08
43599,2025-07-08 02:30:00,CV001718,0.0,0.0,2.833042e-08
43600,2025-07-08 03:00:00,CV001718,0.0,0.0,2.8406552e-08
43601,2025-07-08 03:00:00,CV001718,0.0,0.0,2.8483049e-08
43602,2025-07-08 03:30:00,CV001718,0.0,0.0,2.8559862e-08
43603,2025-07-08 03:30:00,CV001718,0.0,0.0,2.8636554e-08
43604,2025-07-08 04:00:00,CV001718,0.0,0.0,2.871373e-08
43605,2025-07-08 04:00:00,CV001718,0.0,0.0,2.8791273e-08
43606,2025-07-08 06:30:00,CV001718,0.0,0.0,2.8868973e-08
43607,2025-07-08 06:30:00,CV001718,0.0,0.0,2.8947156e-08
43608,2025-07-08 07:00:00,CV001718,0.0,0.0,2.9025333e-08
43609,2025-07-08 07:00:00,CV001718,0.0,0.0,2.9103832e-08
43610,2025-07-08 07:30:00,CV001718,0.0,0.0,2.9182539e-08
43611,2025-07-08 07:30:00,CV001718,0.0,0.0,2.9261408e-08
43612,2025-07-08 08:00:00,CV001718,0.0,0.0,2.9340601e-08
43613,2025-07-08 08:00:00,CV001718,0.0,0.0,2.9420232e-08
43614,2025-07-08 09:00:00,CV001718,0.0,0.0,2.9500022e-08
43615,2025-07-08 09:00:00,CV001718,0.0,0.0,2.9580029e-08
43616,2025-07-08 09:30:00,CV001718,0.0,0.0,2.9660479e-08
43617,2025-07-08 09:30:00,CV001718,0.0,0.0,2.9740809e-08
43618,2025-07-08 10:00:00,CV001718,0.0,0.0,2.9821468e-08
43619,2025-07-08 10:00:00,CV001718,0.0,0.0,2.990252e-08
43620,2025-07-08 11:30:00,CV001718,0.0,0.0,2.9983735e-08
43621,2025-07-08 11:30:00,CV001718,0.0,0.0,3.0065397e-08
43622,2025-07-08 14:00:00,CV001718,0.0,0.0,3.0147337e-08
43623,2025-07-08 14:00:00,CV001718,0.0,0.0,3.022933e-08
43624,2025-07-08 14:30:00,CV001718,0.0,0.0,3.0311778e-08
43625,2025-07-08 14:30:00,CV001718,0.0,0.0,3.0394393e-08
43626,2025-07-08 16:00:00,CV001718,0.0,0.0,3.047735e-08
43627,2025-07-08 16:00:00,CV001718,0.0,0.0,3.0560475e-08
43628,2025-07-08 18:00:00,CV001718,0.0,0.0,3.0643825e-08
43629,2025-07-08 18:00:00,CV001718,0.0,0.0,3.072746e-08
43630,2025-07-08 19:00:00,CV001718,0.0,0.0,3.081162e-08
43631,2025-07-08 19:00:00,CV001718,0.0,0.0,3.0895833e-08
43632,2025-07-08 19:30:00,CV001718,0.0,0.0,3.098004e-08
43633,2025-07-08 19:30:00,CV001718,0.0,0.0,3.106489e-08
43634,2025-07-08 20:00:00,CV001718,0.0,0.0,3.1149796e-08
43635,2025-07-08 20:00:00,CV001718,0.0,0.0,3.1235526e-08
43636,2025-07-08 21:30:00,CV001718,0.0,0.0,3.132084e-08
43637,2025-07-08 21:30:00,CV001718,0.0,0.0,3.1406923e-08
43638,2025-07-08 22:30:00,CV001718,0.0,0.0,3.1493002e-08
43639,2025-07-08 22:30:00,CV001718,0.0,0.0,3.157938e-08
43640,2025-07-08 23:00:00,CV001718,0.0,0.0,3.1665994e-08
43641,2025-07-08 23:00:00,CV001718,0.0,0.0,3.1752904e-08
43642,2025-07-09 00:00:00,CV001718,0.0,0.0,3.1840113e-08
43643,2025-07-09 00:00:00,CV001718,0.0,0.0,3.1927563e-08
43644,2025-07-09 00:30:00,CV001718,0.0,0.0,3.2015194e-08
43645,2025-07-09 00:30:00,CV001718,0.0,0.0,3.2103674e-08
43646,2025-07-09 01:00:00,CV001718,0.0,0.0,3.2191604e-08
43647,2025-07-09 01:00:00,CV001718,0.0,0.0,3.228008e-08
43648,2025-07-09 01:30:00,CV001718,0.0,0.0,3.2368924e-08
43649,2025-07-09 01:30:00,CV001718,0.0,0.0,3.2458384e-08
43650,2025-07-09 02:00:00,CV001718,0.0,0.0,3.254809e-08
43651,2025-07-09 02:00:00,CV001718,0.0,0.0,3.2637733e-08
43652,2025-07-09 02:30:00,CV001718,0.0,0.0,3.2727435e-08
43653,2025-07-09 02:30:00,CV001718,0.0,0.0,3.281757e-08
43654,2025-07-09 03:00:00,CV001718,0.0,0.0,3.290827e-08
43655,2025-07-09 03:00:00,CV001718,0.0,0.0,3.299935e-08
43656,2025-07-09 03:30:00,CV001718,0.0,0.0,3.309061e-08
43657,2025-07-09 03:30:00,CV001718,0.0,0.0,3.318194e-08
43658,2025-07-09 04:00:00,CV001718,0.0,0.0,3.327346e-08
43659,2025-07-09 04:00:00,CV001718,0.0,0.0,3.336548e-08
43660,2025-07-09 04:30:00,CV001718,0.0,0.0,3.345782e-08
43661,2025-07-09 04:30:00,CV001718,0.0,0.0,3.3550418e-08
43662,2025-07-09 05:00:00,CV001718,0.0,0.0,3.3643335e-08
43663,2025-07-09 05:00:00,CV001718,0.0,0.0,3.373638e-08
43664,2025-07-09 05:30:00,CV001718,0.0,0.0,3.382975e-08
43665,2025-07-09 05:30:00,CV001718,0.0,0.0,3.3923506e-08
43666,2025-07-09 06:00:00,CV001718,0.0,0.0,3.401739e-08
43667,2025-07-09 06:00:00,CV001718,0.0,0.0,3.4112187e-08
43668,2025-07-09 06:30:00,CV001718,0.0,0.0,3.4206597e-08
43669,2025-07-09 06:30:00,CV001718,0.0,0.0,3.430153e-08
43670,2025-07-09 07:00:00,CV001718,0.0,0.0,3.4396653e-08
43671,2025-07-09 07:00:00,CV001718,0.0,0.0,3.4492114e-08
43672,2025-07-09 08:00:00,CV001718,0.0,0.0,3.4587902e-08
43673,2025-07-09 08:00:00,CV001718,0.0,0.0,3.468376e-08
43674,2025-07-09 08:30:00,CV001718,0.0,0.0,3.4780278e-08
43675,2025-07-09 08:30:00,CV001718,0.0,0.0,3.4877e-08
43676,2025-07-09 09:00:00,CV001718,0.0,0.0,3.4973723e-08
43677,2025-07-09 09:00:00,CV001718,0.0,0.0,3.5071057e-08
43678,2025-07-09 09:30:00,CV001718,0.0,0.0,3.5168853e-08
43679,2025-07-09 09:30:00,CV001718,0.0,0.0,3.5266655e-08
43680,2025-07-09 10:00:00,CV001718,0.0,0.0,3.5364934e-08
43681,2025-07-09 10:00:00,CV001718,0.0,0.0,3.5462946e-08
43682,2025-07-09 10:30:00,CV001718,0.0,0.0,3.556197e-08
43683,2025-07-09 10:30:00,CV001718,0.0,0.0,3.5660594e-08
43684,2025-07-09 11:00:00,CV001718,0.0,0.0,3.5760312e-08
43685,2025-07-09 11:00:00,CV001718,0.0,0.0,3.5859898e-08
43686,2025-07-09 11:30:00,CV001718,0.0,0.0,3.595969e-08
43687,2025-07-09 11:30:00,CV001718,0.0,0.0,3.6060175e-08
43688,2025-07-09 12:00:00,CV001718,0.0,0.0,3.6160525e-08
43689,2025-07-09 12:00:00,CV001718,0.0,0.0,3.6261568e-08
43690,2025-07-09 12:30:00,CV001718,0.0,0.0,3.6362827e-08
43691,2025-07-09 12:30:00,CV001718,0.0,0.0,3.64643e-08
43692,2025-07-09 14:00:00,CV001718,0.0,0.0,3.6565705e-08
43693,2025-07-09 14:00:00,CV001718,0.0,0.0,3.6668162e-08
43694,2025-07-09 14:30:00,CV001718,0.0,0.0,3.6770487e-08
43695,2025-07-09 14:30:00,CV001718,0.0,0.0,3.6873235e-08
43696,2025-07-09 15:00:00,CV001718,0.0,0.0,3.6976274e-08
43697,2025-07-09 15:00:00,CV001718,0.0,0.0,3.7079598e-08
43698,2025-07-09 15:30:00,CV001718,0.0,0.0,3.718335e-08
43699,2025-07-09 15:30:00,CV001718,0.0,0.0,3.7287325e-08
43700,2025-07-09 16:30:00,CV001718,0.0,0.0,3.7391594e-08
43701,2025-07-09 16:30:00,CV001718,0.0,0.0,3.7496363e-08
43702,2025-07-09 17:00:00,CV001718,0.0,0.0,3.7600927e-08
43703,2025-07-09 17:00:00,CV001718,0.0,0.0,3.770614e-08
43704,2025-07-09 17:30:00,CV001718,0.0,0.0,3.7811645e-08
43705,2025-07-09 17:30:00,CV001718,0.0,0.0,3.791767e-08
43706,2025-07-09 18:00:00,CV001718,0.0,0.0,3.802355e-08
43707,2025-07-09 18:00:00,CV001718,0.0,0.0,3.8130093e-08
43708,2025-07-09 18:30:00,CV001718,0.0,0.0,3.8236788e-08
43709,2025-07-09 18:30:00,CV001718,0.0,0.0,3.8343927e-08
43710,2025-07-09 19:00:00,CV001718,0.0,0.0,3.8451734e-08
43711,2025-07-09 19:00:00,CV001718,0.0,0.0,3.8559257e-08
43712,2025-07-09 19:30:00,CV001718,0.0,0.0,3.8667224e-08
43713,2025-07-09 19:30:00,CV001718,0.0,0.0,3.877579e-08
43714,2025-07-09 20:00:00,CV001718,0.0,0.0,3.8884142e-08
43715,2025-07-09 20:00:00,CV001718,0.0,0.0,3.8993395e-08
43716,2025-07-10 03:00:00,CV001718,0.0,0.0,3.910288e-08
43717,2025-07-10 03:00:00,CV001718,0.0,0.0,3.9212445e-08
43718,2025-07-10 03:30:00,CV001718,0.0,0.0,3.9322394e-08
43719,2025-07-10 03:30:00,CV001718,0.0,0.0,3.9432724e-08
43720,2025-07-10 04:00:00,CV001718,0.0,0.0,3.9543515e-08
43721,2025-07-10 04:00:00,CV001718,0.0,0.0,3.9654317e-08
43722,2025-07-10 04:30:00,CV001718,0.0,0.0,3.976573e-08
43723,2025-07-10 04:30:00,CV001718,0.0,0.0,3.9877385e-08
43724,2025-07-10 05:00:00,CV001718,0.0,0.0,3.998988e-08
43725,2025-07-10 05:00:00,CV001718,0.0,0.0,4.010186e-08
43726,2025-07-10 05:30:00,CV001718,0.0,0.0,4.0214378e-08
43727,2025-07-10 05:30:00,CV001718,0.0,0.0,4.0327674e-08
43728,2025-07-10 06:00:00,CV001718,0.0,0.0,4.0440977e-08
43729,2025-07-10 06:00:00,CV001718,0.0,0.0,4.0554603e-08
43730,2025-07-10 06:30:00,CV001718,0.0,0.0,4.066855e-08
43731,2025-07-10 06:30:00,CV001718,0.0,0.0,4.078258e-08
43732,2025-07-10 07:00:00,CV001718,0.0,0.0,4.0897476e-08
43733,2025-07-10 07:00:00,CV001718,0.0,0.0,4.1012225e-08
43734,2025-07-10 07:30:00,CV001718,0.0,0.0,4.112777e-08
43735,2025-07-10 07:30:00,CV001718,0.0,0.0,4.124348e-08
43736,2025-07-10 08:00:00,CV001718,0.0,0.0,4.1359282e-08
43737,2025-07-10 08:00:00,CV001718,0.0,0.0,4.147525e-08
43738,2025-07-10 09:30:00,CV001718,0.0,0.0,4.159194e-08
43739,2025-07-10 09:30:00,CV001718,0.0,0.0,4.1709196e-08
43740,2025-07-10 10:00:00,CV001718,0.0,0.0,4.1826464e-08
43741,2025-07-10 10:00:00,CV001718,0.0,0.0,4.1944062e-08
43742,2025-07-10 10:30:00,CV001718,0.0,0.0,4.2061913e-08
43743,2025-07-10 10:30:00,CV001718,0.0,0.0,4.2180496e-08
43744,2025-07-10 15:00:00,CV001718,0.0,0.0,4.2299167e-08
43745,2025-07-10 15:00:00,CV001718,0.0,0.0,4.2418176e-08
43746,2025-07-10 15:30:00,CV001718,0.0,0.0,4.2537277e-08
43747,2025-07-10 15:30:00,CV001718,0.0,0.0,4.26572e-08
43748,2025-07-10 16:30:00,CV001718,0.0,0.0,4.2777213e-08
43749,2025-07-10 16:30:00,CV001718,0.0,0.0,4.2897238e-08
43750,2025-07-10 18:30:00,CV001718,0.0,0.0,4.3018417e-08
43751,2025-07-10 18:30:00,CV001718,0.0,0.0,4.3139448e-08
43752,2025-07-10 19:00:00,CV001718,0.0,0.0,4.326066e-08
43753,2025-07-10 19:00:00,CV001718,0.0,0.0,4.3382784e-08
43754,2025-07-10 19:30:00,CV001718,0.0,0.0,4.3504674e-08
43755,2025-07-10 19:30:00,CV001718,0.0,0.0,4.3627573e-08
43756,2025-07-10 20:00:00,CV001718,0.0,0.0,4.3750568e-08
43757,2025-07-10 20:00:00,CV001718,0.0,0.0,4.3873577e-08
43758,2025-07-10 20:30:00,CV001718,0.0,0.0,4.3996927e-08
43759,2025-07-10 20:30:00,CV001718,0.0,0.0,4.4121215e-08
43760,2025-07-10 21:00:00,CV001718,0.0,0.0,4.424518e-08
43761,2025-07-10 21:00:00,CV001718,0.0,0.0,4.4370086e-08
43762,2025-07-10 21:30:00,CV001718,0.0,0.0,4.4495177e-08
43763,2025-07-10 21:30:00,CV001718,0.0,0.0,4.4620446e-08
43764,2025-07-10 22:00:00,CV001718,0.0,0.0,4.4745818e-08
43765,2025-07-10 22:00:00,CV001718,0.0,0.0,4.4871623e-08
43766,2025-07-10 22:30:00,CV001718,0.0,0.0,4.4998213e-08
43767,2025-07-10 22:30:00,CV001718,0.0,0.0,4.512533e-08
43768,2025-07-10 23:00:00,CV001718,0.0,0.0,4.525203e-08
43769,2025-07-10 23:00:00,CV001718,0.0,0.0,4.5379256e-08
43770,2025-07-10 23:30:00,CV001718,0.0,0.0,4.550702e-08
43771,2025-07-10 23:30:00,CV001718,0.0,0.0,4.56354e-08
43772,2025-07-11 00:00:00,CV001718,0.0,0.0,4.576362e-08
43773,2025-07-11 00:00:00,CV001718,0.0,0.0,4.5892637e-08
43774,2025-07-11 00:30:00,CV001718,0.0,0.0,4.6022016e-08
43775,2025-07-11 00:30:00,CV001718,0.0,0.0,4.615194e-08
43776,2025-07-11 01:00:00,CV001718,0.0,0.0,4.6281343e-08
43777,2025-07-11 01:00:00,CV001718,0.0,0.0,4.6412264e-08
43778,2025-07-11 01:30:00,CV001718,0.0,0.0,4.6542755e-08
43779,2025-07-11 01:30:00,CV001718,0.0,0.0,4.6673346e-08
43780,2025-07-11 02:00:00,CV001718,0.0,0.0,4.6805642e-08
43781,2025-07-11 02:00:00,CV001718,0.0,0.0,4.693679e-08
43782,2025-07-11 02:30:00,CV001718,0.0,0.0,0.0014915181
43783,2025-07-11 02:30:00,CV001718,0.0,0.0,0.0021517423
43784,2025-07-11 03:00:00,CV001718,0.0,0.0,0.0027732255
43785,2025-07-11 03:00:00,CV001718,0.0,0.0,0.0034349065
43786,2025-07-11 03:30:00,CV001718,0.0,0.0,0.0041734893
43787,2025-07-11 03:30:00,CV001718,0.0,0.0,0.0049970327
43788,2025-07-11 04:00:00,CV001718,0.0,0.0,0.005898433
43789,2025-07-11 04:00:00,CV001718,0.0,0.0,0.006862922
43790,2025-07-11 04:30:00,CV001718,0.0,0.0,0.007874213
43791,2025-07-11 04:30:00,CV001718,0.0,0.0,0.008915577
43792,2025-07-11 05:00:00,CV001718,0.0,0.0,0.009968902
43793,2025-07-11 05:00:00,CV001718,0.0,0.0,0.011019427
43794,2025-07-11 06:00:00,CV001718,0.0,0.0,0.012053787
43795,2025-07-11 06:00:00,CV001718,0.0,0.0,0.0130595425
43796,2025-07-11 07:00:00,CV001718,0.0,0.0,0.014025448
43797,2025-07-11 07:00:00,CV001718,0.0,0.0,0.014941705
43798,2025-07-11 07:30:00,CV001718,0.0,0.0,0.015800083
43799,2025-07-11 07:30:00,CV001718,0.0,0.0,0.016594065
43800,2025-07-11 08:00:00,CV001718,0.0,0.0,0.017317735
43801,2025-07-11 08:00:00,CV001718,0.0,0.0,0.01796656
43802,2025-07-11 08:30:00,CV001718,0.0,0.0,0.01853727
43803,2025-07-11 08:30:00,CV001718,0.0,0.0,0.01902786
43804,2025-07-11 09:30:00,CV001718,0.0,0.0,0.019437348
43805,2025-07-11 09:30:00,CV001718,0.0,0.0,0.019766008
43806,2025-07-11 10:30:00,CV001718,0.0,0.0,0.020014692
43807,2025-07-11 10:30:00,CV001718,0.0,0.0,0.020185517
43808,2025-07-11 11:00:00,CV001718,0.0,0.0,0.020281155
43809,2025-07-11 11:00:00,CV001718,0.0,0.0,0.020304816
43810,2025-07-11 11:30:00,CV001718,0.0,0.0,0.020260196
43811,2025-07-11 11:30:00,CV001718,0.0,0.0,0.020151542
43812,2025-07-11 12:00:00,CV001718,0.0,0.0,0.019983465
43813,2025-07-11 12:00:00,CV001718,0.0,0.0,0.019760566
43814,2025-07-11 14:30:00,CV001718,0.0,0.0,0.019487465
43815,2025-07-11 14:30:00,CV001718,0.0,0.0,0.019169345
43816,2025-07-11 19:00:00,CV001718,0.0,0.0,0.01881084
43817,2025-07-11 19:00:00,CV001718,0.0,0.0,0.0184168
43818,2025-07-12 03:30:00,CV001718,0.0,0.0,0.017991966
43819,2025-07-12 03:30:00,CV001718,0.0,0.0,0.017540634
43820,2025-07-12 04:30:00,CV001718,0.0,0.0,0.017067334
43821,2025-07-12 04:30:00,CV001718,0.0,0.0,0.016575916
43822,2025-07-12 05:00:00,CV001718,0.0,0.0,0.016070157
43823,2025-07-12 05:00:00,CV001718,0.0,0.0,0.015554033
43824,2025-07-12 05:30:00,CV001718,0.0,0.0,0.015030412
43825,2025-07-12 05:30:00,CV001718,0.0,0.0,0.014502621
43826,2025-07-12 06:00:00,CV001718,0.0,0.0,0.013973279
43827,2025-07-12 06:00:00,CV001718,0.0,0.0,0.013445035
43828,2025-07-12 06:30:00,CV001718,0.0,0.0,0.012920106
43829,2025-07-12 06:30:00,CV001718,0.0,0.0,0.012400435
43830,2025-07-12 08:30:00,CV001718,0.0,0.0,0.011887885
43831,2025-07-12 08:30:00,CV001718,0.0,0.0,0.011384009
43832,2025-07-12 09:00:00,CV001718,0.0,0.0,0.010890138
43833,2025-07-12 09:00:00,CV001718,0.0,0.0,0.01040739
43834,2025-07-12 09:30:00,CV001718,0.0,0.0,0.009936705
43835,2025-07-12 09:30:00,CV001718,0.0,0.0,0.009478912
43836,2025-07-12 10:00:00,CV001718,0.0,0.0,0.009034666
43837,2025-07-12 10:00:00,CV001718,0.0,0.0,0.008604432
43838,2025-07-12 10:30:00,CV001718,0.0,0.0,0.008188534
43839,2025-07-12 10:30:00,CV001718,0.0,0.0,0.007787314
43840,2025-07-12 11:00:00,CV001718,0.0,0.0,0.007400734
43841,2025-07-12 11:00:00,CV001718,0.0,0.0,0.007029025
43842,2025-07-12 11:30:00,CV001718,0.0,0.0,0.0066719833
43843,2025-07-12 11:30:00,CV001718,0.0,0.0,0.006329627
43844,2025-07-12 12:00:00,CV001718,0.0,0.0,0.006001678
43845,2025-07-12 12:00:00,CV001718,0.0,0.0,0.0056879707
43846,2025-07-12 12:30:00,CV001718,0.0,0.0,0.0053881872
43847,2025-07-12 12:30:00,CV001718,0.0,0.0,0.0051020714
43848,2025-07-12 13:00:00,CV001718,0.0,0.0,0.0048292098
43849,2025-07-12 13:00:00,CV001718,0.0,0.0,0.004569245
43850,2025-07-12 13:30:00,CV001718,0.0,0.0,0.00432181
43851,2025-07-12 13:30:00,CV001718,0.0,0.0,0.0040864744
43852,2025-07-12 14:00:00,CV001718,0.0,0.0,0.0038628587
43853,2025-07-12 14:00:00,CV001718,0.0,0.0,0.0036504685
43854,2025-07-12 14:30:00,CV001718,0.0,0.0,0.0034489117
43855,2025-07-12 14:30:00,CV001718,0.0,0.0,0.0032577692
43856,2025-07-12 15:00:00,CV001718,0.0,0.0,0.0030766027
43857,2025-07-12 15:00:00,CV001718,0.0,0.0,0.002904974
43858,2025-07-12 15:30:00,CV001718,0.0,0.0,0.0027424856
43859,2025-07-12 15:30:00,CV001718,0.0,0.0,0.002588697
43860,2025-07-12 16:00:00,CV001718,0.0,0.0,0.0024432354
43861,2025-07-12 16:00:00,CV001718,0.0,0.0,0.0023056965
43862,2025-07-12 16:30:00,CV001718,0.0,0.0,0.0021756885
43863,2025-07-12 16:30:00,CV001718,0.0,0.0,0.002052866
43864,2025-07-12 18:30:00,CV001718,0.0,0.0,0.0019368565
43865,2025-07-12 18:30:00,CV001718,0.0,0.0,0.0018273179
43866,2025-07-12 20:30:00,CV001718,0.0,0.0,0.0017239185
43867,2025-07-12 20:30:00,CV001718,0.0,0.0,0.0016263415
43868,2025-07-12 21:00:00,CV001718,0.0,0.0,0.0015342789
43869,2025-07-12 21:00:00,CV001718,0.0,0.0,0.0014474374
43870,2025-07-12 21:30:00,CV001718,0.0,0.0,0.0013655395
43871,2025-07-12 21:30:00,CV001718,0.0,0.0,0.0012883147
43872,2025-07-12 22:00:00,CV001718,0.0,0.0,0.0012155031
43873,2025-07-12 22:00:00,CV001718,0.0,0.0,0.0011468682
43874,2025-07-12 22:30:00,CV001718,0.0,0.0,0.0010821753
43875,2025-07-12 22:30:00,CV001718,0.0,0.0,0.0010212102
43876,2025-07-12 23:00:00,CV001718,0.0,0.0,0.0009637546
43877,2025-07-12 23:00:00,CV001718,0.0,0.0,0.0009096169
43878,2025-07-12 23:30:00,CV001718,0.0,0.0,0.0008586044
43879,2025-07-12 23:30:00,CV001718,0.0,0.0,0.000810537
43880,2025-07-13 00:30:00,CV001718,0.0,0.0,0.0007652551
43881,2025-07-13 00:30:00,CV001718,0.0,0.0,0.00072258816
43882,2025-07-13 05:00:00,CV001718,0.0,0.0,0.0006823897
43883,2025-07-13 05:00:00,CV001718,0.0,0.0,0.0006445141
43884,2025-07-13 05:30:00,CV001718,0.0,0.0,0.00060882885
43885,2025-07-13 05:30:00,CV001718,0.0,0.0,0.0005752096
43886,2025-07-13 06:00:00,CV001718,0.0,0.0,0.0005435304
43887,2025-07-13 06:00:00,CV001718,0.0,0.0,0.00051367754
43888,2025-07-13 06:30:00,CV001718,0.0,0.0,0.00048554686
43889,2025-07-13 06:30:00,CV001718,0.0,0.0,0.00045903423
43890,2025-07-13 07:00:00,CV001718,0.0,0.0,0.00043404923
43891,2025-07-13 07:00:00,CV001718,0.0,0.0,0.00041049905
43892,2025-07-13 07:30:00,CV001718,0.0,0.0,0.00038829984
43893,2025-07-13 07:30:00,CV001718,0.0,0.0,0.00036736942
43894,2025-07-13 12:00:00,CV001718,0.0,0.0,0.00034763827
43895,2025-07-13 12:00:00,CV001718,0.0,0.0,0.00032903178
43896,2025-07-13 12:30:00,CV001718,0.0,0.0,0.00031148395
43897,2025-07-13 12:30:00,CV001718,0.0,0.0,0.00029493426
43898,2025-07-13 13:00:00,CV001718,0.0,0.0,0.00027932314
43899,2025-07-13 13:00:00,CV001718,0.0,0.0,0.00026459427
43900,2025-07-13 13:30:00,CV001718,0.0,0.0,0.00025069833
43901,2025-07-13 13:30:00,CV001718,0.0,0.0,0.0002375824
43902,2025-07-13 14:00:00,CV001718,0.0,0.0,0.00022520454
43903,2025-07-13 14:00:00,CV001718,0.0,0.0,0.00021351955
43904,2025-07-13 14:30:00,CV001718,0.0,0.0,0.00020248769
43905,2025-07-13 14:30:00,CV001718,0.0,0.0,0.00019206971
43906,2025-07-13 15:00:00,CV001718,0.0,0.0,0.00018223008
43907,2025-07-13 15:00:00,CV001718,0.0,0.0,0.00017293636
43908,2025-07-13 15:30:00,CV001718,0.0,0.0,0.00016415448
43909,2025-07-13 15:30:00,CV001718,0.0,0.0,0.00015585669
43910,2025-07-13 16:00:00,CV001718,0.0,0.0,0.00014801345
43911,2025-07-13 16:00:00,CV001718,0.0,0.0,0.00014059909
43912,2025-07-13 16:30:00,CV001718,0.0,0.0,0.0001335892
43913,2025-07-13 16:30:00,CV001718,0.0,0.0,0.00012695955
43914,2025-07-13 17:00:00,CV001718,0.0,0.0,0.00012068845
43915,2025-07-13 17:00:00,CV001718,0.0,0.0,0.00011475598
43916,2025-07-13 17:30:00,CV001718,0.0,0.0,0.00010914206
43917,2025-07-13 17:30:00,CV001718,0.0,0.0,0.00010382831
43918,2025-07-13 21:00:00,CV001718,0.0,0.0,9.8798126e-05
43919,2025-07-13 21:00:00,CV001718,0.0,0.0,9.403547e-05
43920,2025-07-13 21:30:00,CV001718,0.0,0.0,8.9524336e-05
43921,2025-07-13 21:30:00,CV001718,0.0,0.0,8.525139e-05
43922,2025-07-13 22:00:00,CV001718,0.0,0.0,8.1202816e-05
43923,2025-07-13 22:00:00,CV001718,0.0,0.0,7.736599e-05
43924,2025-07-14 01:00:00,CV001718,0.0,0.0,7.372899e-05
43925,2025-07-14 01:00:00,CV001718,0.0,0.0,7.0281065e-05
43926,2025-07-14 01:30:00,CV001718,0.0,0.0,6.701086e-05
43927,2025-07-14 01:30:00,CV001718,0.0,0.0,6.390938e-05
43928,2025-07-14 02:00:00,CV001718,0.0,0.0,6.0966453e-05
43929,2025-07-14 02:00:00,CV001718,0.0,0.0,5.8173733e-05
43930,2025-07-14 02:30:00,CV001718,0.0,0.0,5.5523447e-05
43931,2025-07-14 02:30:00,CV001718,0.0,0.0,5.3006683e-05
43932,2025-07-14 03:00:00,CV001718,0.0,0.0,5.0617076e-05
43933,2025-07-14 03:00:00,CV001718,0.0,0.0,4.8347323e-05
43934,2025-07-14 03:30:00,CV001718,0.0,0.0,4.6190922e-05
43935,2025-07-14 03:30:00,CV001718,0.0,0.0,4.4141732e-05
43936,2025-07-14 04:00:00,CV001718,0.0,0.0,4.219415e-05
43937,2025-07-14 04:00:00,CV001718,0.0,0.0,4.0342344e-05
43938,2025-07-14 04:30:00,CV001718,0.0,0.0,3.8581522e-05
43939,2025-07-14 04:30:00,CV001718,0.0,0.0,3.6906702e-05
43940,2025-07-14 05:00:00,CV001718,0.0,0.0,3.5313307e-05
43941,2025-07-14 05:00:00,CV001718,0.0,0.0,3.3797176e-05
43942,2025-07-14 05:30:00,CV001718,0.0,0.0,3.2354128e-05
43943,2025-07-14 05:30:00,CV001718,0.0,0.0,3.0980194e-05
43944,2025-07-14 06:00:00,CV001718,0.0,0.0,2.9673722e-05
43945,2025-07-14 06:00:00,CV001718,0.0,0.0,2.843042e-05
43946,2025-07-14 06:30:00,CV001718,0.0,0.0,2.7247344e-05
43947,2025-07-14 06:30:00,CV001718,0.0,0.0,2.6120842e-05
43948,2025-07-14 07:30:00,CV001718,0.0,0.0,2.5048203e-05
43949,2025-07-14 07:30:00,CV001718,0.0,0.0,2.4026593e-05
43950,2025-07-14 08:00:00,CV001718,0.0,0.0,2.305305e-05
43951,2025-07-14 08:00:00,CV001718,0.0,0.0,2.2125365e-05
43952,2025-07-14 08:30:00,CV001718,0.0,0.0,2.1240947e-05
43953,2025-07-14 08:30:00,CV001718,0.0,0.0,2.0397561e-05
43954,2025-07-14 09:00:00,CV001718,0.0,0.0,1.9593059e-05
43955,2025-07-14 09:00:00,CV001718,0.0,0.0,1.8825513e-05
43956,2025-07-14 09:30:00,CV001718,0.0,0.0,1.8093038e-05
43957,2025-07-14 09:30:00,CV001718,0.0,0.0,1.7393622e-05
43958,2025-07-14 10:00:00,CV001718,0.0,0.0,1.6725964e-05
43959,2025-07-14 10:00:00,CV001718,0.0,0.0,1.6088092e-05
43960,2025-07-14 10:30:00,CV001718,0.0,0.0,1.547884e-05
43961,2025-07-14 10:30:00,CV001718,0.0,0.0,1.4896454e-05
43962,2025-07-14 12:00:00,CV001718,0.0,0.0,1.4339822e-05
43963,2025-07-14 12:00:00,CV001718,0.0,0.0,1.380757e-05
43964,2025-07-14 12:30:00,CV001718,0.0,0.0,1.3298473e-05
43965,2025-07-14 12:30:00,CV001718,0.0,0.0,1.2811505e-05
43966,2025-07-14 13:30:00,CV001718,0.0,0.0,1.23454765e-05
43967,2025-07-14 13:30:00,CV001718,0.0,0.0,1.1899464e-05
43968,2025-07-14 14:00:00,CV001718,0.0,0.0,1.1472355e-05
43969,2025-07-14 14:00:00,CV001718,0.0,0.0,1.1063372e-05
43970,2025-07-14 14:30:00,CV001718,0.0,0.0,1.0671633e-05
43971,2025-07-14 14:30:00,CV001718,0.0,0.0,1.0296301e-05
43972,2025-07-14 15:00:00,CV001718,0.0,0.0,9.936593e-06
43973,2025-07-14 15:00:00,CV001718,0.0,0.0,9.591702e-06
43974,2025-07-14 15:30:00,CV001718,0.0,0.0,9.261016e-06
43975,2025-07-14 15:30:00,CV001718,0.0,0.0,8.943948e-06
43976,2025-07-14 16:00:00,CV001718,0.0,0.0,8.6396885e-06
43977,2025-07-14 16:00:00,CV001718,0.0,0.0,8.347754e-06
43978,2025-07-14 16:30:00,CV001718,0.0,0.0,8.067591e-06
43979,2025-07-14 16:30:00,CV001718,0.0,0.0,7.798594e-06
43980,2025-07-14 17:00:00,CV001718,0.0,0.0,7.540333e-06
43981,2025-07-14 17:00:00,CV001718,0.0,0.0,7.292246e-06
43982,2025-07-14 17:30:00,CV001718,0.0,0.0,7.0538817e-06
43983,2025-07-14 17:30:00,CV001718,0.0,0.0,6.8248846e-06
43984,2025-07-14 19:00:00,CV001718,0.0,0.0,6.604719e-06
43985,2025-07-14 19:00:00,CV001718,0.0,0.0,6.393106e-06
43986,2025-07-14 19:30:00,CV001718,0.0,0.0,6.189614e-06
43987,2025-07-14 19:30:00,CV001718,0.0,0.0,5.9938784e-06
43988,2025-07-14 20:00:00,CV001718,0.0,0.0,5.805601e-06
43989,2025-07-14 20:00:00,CV001718,0.0,0.0,5.6244016e-06
43990,2025-07-14 20:30:00,CV001718,0.0,0.0,5.4500315e-06
43991,2025-07-14 20:30:00,CV001718,0.0,0.0,5.282161e-06
43992,2025-07-14 21:30:00,CV001718,0.0,0.0,5.1205348e-06
43993,2025-07-14 21:30:00,CV001718,0.0,0.0,4.9648584e-06
43994,2025-07-14 22:00:00,CV001718,0.0,0.0,4.8149063e-06
43995,2025-07-14 22:00:00,CV001718,0.0,0.0,4.6704276e-06
43996,2025-07-14 22:30:00,CV001718,0.0,0.0,4.531165e-06
43997,2025-07-14 22:30:00,CV001718,0.0,0.0,4.3969612e-06
43998,2025-07-14 23:00:00,CV001718,0.0,0.0,4.267562e-06
43999,2025-07-14 23:00:00,CV001718,0.0,0.0,4.142793e-06
44000,2025-07-14 23:30:00,CV001718,0.0,0.0,4.0224386e-06
44001,2025-07-14 23:30:00,CV001718,0.0,0.0,3.906348e-06
44002,2025-07-15 00:00:00,CV001718,0.0,0.0,3.7942882e-06
44003,2025-07-15 00:00:00,CV001718,0.0,0.0,3.686185e-06
44004,2025-07-15 00:30:00,CV001718,0.0,0.0,3.581824e-06
44005,2025-07-15 00:30:00,CV001718,0.0,0.0,3.4810516e-06
44006,2025-07-15 01:00:00,CV001718,0.0,0.0,3.383747e-06
44007,2025-07-15 01:00:00,CV001718,0.0,0.0,3.2897394e-06
44008,2025-07-15 01:30:00,CV001718,0.0,0.0,3.1988989e-06
44009,2025-07-15 01:30:00,CV001718,0.0,0.0,3.1111006e-06
44010,2025-07-15 02:00:00,CV001718,0.0,0.0,3.0262258e-06
44011,2025-07-15 02:00:00,CV001718,0.0,0.0,2.944166e-06
44012,2025-07-15 03:00:00,CV001718,0.0,0.0,2.8647935e-06
44013,2025-07-15 03:00:00,CV001718,0.0,0.0,2.7880708e-06
44014,2025-07-15 03:30:00,CV001718,0.0,0.0,2.7137942e-06
44015,2025-07-15 03:30:00,CV001718,0.0,0.0,2.6419593e-06
44016,2025-07-15 04:00:00,CV001718,0.0,0.0,2.5724382e-06
44017,2025-07-15 04:00:00,CV001718,0.0,0.0,2.505148e-06
44018,2025-07-15 04:30:00,CV001718,0.0,0.0,2.440002e-06
44019,2025-07-15 04:30:00,CV001718,0.0,0.0,2.3769169e-06
44020,2025-07-15 05:00:00,CV001718,0.0,0.0,2.3158384e-06
44021,2025-07-15 05:00:00,CV001718,0.0,0.0,2.256674e-06
44022,2025-07-15 05:30:00,CV001718,0.0,0.0,2.199375e-06
44023,2025-07-15 05:30:00,CV001718,0.0,0.0,2.1438443e-06
44024,2025-07-15 06:00:00,CV001718,0.0,0.0,2.090034e-06
44025,2025-07-15 06:00:00,CV001718,0.0,0.0,2.0378877e-06
44026,2025-07-15 06:30:00,CV001718,0.0,0.0,1.9873264e-06
44027,2025-07-15 06:30:00,CV001718,0.0,0.0,1.9383042e-06
44028,2025-07-15 07:00:00,CV001718,0.0,0.0,1.890778e-06
44029,2025-07-15 07:00:00,CV001718,0.0,0.0,1.8446917e-06
44030,2025-07-15 07:30:00,CV001718,0.0,0.0,1.7999706e-06
44031,2025-07-15 07:30:00,CV001718,0.0,0.0,1.7565983e-06
44032,2025-07-15 08:00:00,CV001718,0.0,0.0,1.7145098e-06
44033,2025-07-15 08:00:00,CV001718,0.0,0.0,1.6736694e-06
44034,2025-07-15 08:30:00,CV001718,0.0,0.0,1.6340259e-06
44035,2025-07-15 08:30:00,CV001718,0.0,0.0,1.5955437e-06
44036,2025-07-15 09:00:00,CV001718,0.0,0.0,1.5581846e-06
44037,2025-07-15 09:00:00,CV001718,0.0,0.0,1.5219065e-06
44038,2025-07-15 09:30:00,CV001718,0.0,0.0,1.4866744e-06
44039,2025-07-15 09:30:00,CV001718,0.0,0.0,1.4524558e-06
44040,2025-07-15 10:00:00,CV001718,0.0,0.0,1.4192117e-06
44041,2025-07-15 10:00:00,CV001718,0.0,0.0,1.386907e-06
44042,2025-07-15 10:30:00,CV001718,0.0,0.0,1.3555275e-06
44043,2025-07-15 10:30:00,CV001718,0.0,0.0,1.3250199e-06
44044,2025-07-15 11:00:00,CV001718,0.0,0.0,1.2953693e-06
44045,2025-07-15 11:00:00,CV001718,0.0,0.0,1.2665417e-06
44046,2025-07-15 12:30:00,CV001718,0.0,0.0,1.2385268e-06
44047,2025-07-15 12:30:00,CV001718,0.0,0.0,1.2112667e-06
44048,2025-07-15 13:00:00,CV001718,0.0,0.0,1.1847627e-06
44049,2025-07-15 13:00:00,CV001718,0.0,0.0,1.1589866e-06
44050,2025-07-15 13:30:00,CV001718,0.0,0.0,1.1339118e-06
44051,2025-07-15 13:30:00,CV001718,0.0,0.0,1.1095289e-06
44052,2025-07-15 14:00:00,CV001718,0.0,0.0,1.0858057e-06
44053,2025-07-15 14:00:00,CV001718,0.0,0.0,1.0627339e-06
44054,2025-07-15 14:30:00,CV001718,0.0,0.0,1.0402752e-06
44055,2025-07-15 14:30:00,CV001718,0.0,0.0,1.018422e-06
44056,2025-07-15 15:00:00,CV001718,0.0,0.0,9.971529e-07
44057,2025-07-15 15:00:00,CV001718,0.0,0.0,9.764516e-07
44058,2025-07-15 15:30:00,CV001718,0.0,0.0,9.562968e-07
44059,2025-07-15 15:30:00,CV001718,0.0,0.0,9.366652e-07
44060,2025-07-15 17:30:00,CV001718,0.0,0.0,9.1756266e-07
44061,2025-07-15 17:30:00,CV001718,0.0,0.0,8.9895076e-07
44062,2025-07-15 18:30:00,CV001718,0.0,0.0,8.808197e-07
44063,2025-07-15 18:30:00,CV001718,0.0,0.0,8.6316305e-07
44064,2025-07-15 19:00:00,CV001718,0.0,0.0,8.4595956e-07
44065,2025-07-15 19:00:00,CV001718,0.0,0.0,8.291931e-07
44066,2025-07-15 19:30:00,CV001718,0.0,0.0,8.1285265e-07
44067,2025-07-15 19:30:00,CV001718,0.0,0.0,7.96933e-07
44068,2025-07-15 22:00:00,CV001718,0.0,0.0,7.8141386e-07
44069,2025-07-15 22:00:00,CV001718,0.0,0.0,7.662832e-07
44070,2025-07-15 23:30:00,CV001718,0.0,0.0,7.515343e-07
44071,2025-07-15 23:30:00,CV001718,0.0,0.0,7.37148e-07
44072,2025-07-16 00:30:00,CV001718,0.0,0.0,7.2312264e-07
44073,2025-07-16 00:30:00,CV001718,0.0,0.0,7.09444e-07
44074,2025-07-16 01:00:00,CV001718,0.0,0.0,6.9609644e-07
44075,2025-07-16 01:00:00,CV001718,0.0,0.0,6.830762e-07
44076,2025-07-16 01:30:00,CV001718,0.0,0.0,6.703756e-07
44077,2025-07-16 01:30:00,CV001718,0.0,0.0,6.579814e-07
44078,2025-07-16 03:00:00,CV001718,0.0,0.0,6.45889e-07
44079,2025-07-16 03:00:00,CV001718,0.0,0.0,6.340835e-07
44080,2025-07-16 03:30:00,CV001718,0.0,0.0,6.2256044e-07
44081,2025-07-16 03:30:00,CV001718,0.0,0.0,6.11316e-07
44082,2025-07-16 04:00:00,CV001718,0.0,0.0,6.0033256e-07
44083,2025-07-16 04:00:00,CV001718,0.0,0.0,5.8961103e-07
44084,2025-07-16 04:30:00,CV001718,0.0,0.0,5.7913957e-07
44085,2025-07-16 04:30:00,CV001718,0.0,0.0,5.689154e-07
44086,2025-07-16 05:00:00,CV001718,0.0,0.0,5.589277e-07
44087,2025-07-16 05:00:00,CV001718,0.0,0.0,5.4917035e-07
44088,2025-07-16 07:30:00,CV001718,0.0,0.0,5.396409e-07
44089,2025-07-16 07:30:00,CV001718,0.0,0.0,5.30328e-07
44090,2025-07-16 08:00:00,CV001718,0.0,0.0,5.212284e-07
44091,2025-07-16 08:00:00,CV001718,0.0,0.0,5.123368e-07
44092,2025-07-16 08:30:00,CV001718,0.0,0.0,5.036477e-07
44093,2025-07-16 08:30:00,CV001718,0.0,0.0,4.951537e-07
44094,2025-07-16 09:00:00,CV001718,0.0,0.0,4.8685035e-07
44095,2025-07-16 09:00:00,CV001718,0.0,0.0,4.787305e-07
44096,2025-07-16 09:30:00,CV001718,0.0,0.0,4.7079365e-07
44097,2025-07-16 09:30:00,CV001718,0.0,0.0,4.6303472e-07
44098,2025-07-16 11:00:00,CV001718,0.0,0.0,4.5544107e-07
44099,2025-07-16 11:00:00,CV001718,0.0,0.0,4.4802104e-07
44100,2025-07-16 12:00:00,CV001718,0.0,0.0,4.4076063e-07
44101,2025-07-16 12:00:00,CV001718,0.0,0.0,4.3365876e-07
44102,2025-07-16 16:00:00,CV001718,0.0,0.0,4.2671203e-07
44103,2025-07-16 16:00:00,CV001718,0.0,0.0,4.1991544e-07
44104,2025-07-16 18:00:00,CV001718,0.0,0.0,4.1326336e-07
44105,2025-07-16 18:00:00,CV001718,0.0,0.0,4.0675542e-07
44106,2025-07-16 18:30:00,CV001718,0.0,0.0,4.003851e-07
44107,2025-07-16 18:30:00,CV001718,0.0,0.0,3.9414988e-07
44108,2025-07-16 19:00:00,CV001718,0.0,0.0,3.880488e-07
44109,2025-07-16 19:00:00,CV001718,0.0,0.0,3.8207418e-07
44110,2025-07-16 19:30:00,CV001718,0.0,0.0,3.7622675e-07
44111,2025-07-16 19:30:00,CV001718,0.0,0.0,3.705006e-07
44112,2025-07-16 20:00:00,CV001718,0.0,0.0,3.6489428e-07
44113,2025-07-16 20:00:00,CV001718,0.0,0.0,3.5940297e-07
44114,2025-07-16 20:30:00,CV001718,0.0,0.0,3.540281e-07
44115,2025-07-16 20:30:00,CV001718,0.0,0.0,3.4876146e-07
44116,2025-07-16 21:30:00,CV001718,0.0,0.0,3.436024e-07
44117,2025-07-16 21:30:00,CV001718,0.0,0.0,3.3855193e-07
44118,2025-07-16 22:30:00,CV001718,0.0,0.0,3.336021e-07
44119,2025-07-16 22:30:00,CV001718,0.0,0.0,3.2874877e-07
44120,2025-07-16 23:00:00,CV001718,0.0,0.0,3.2400064e-07
44121,2025-07-16 23:00:00,CV001718,0.0,0.0,3.193424e-07
44122,2025-07-17 00:00:00,CV001718,0.0,0.0,3.1478e-07
44123,2025-07-17 00:00:00,CV001718,0.0,0.0,3.1030848e-07
44124,2025-07-17 01:00:00,CV001718,0.0,0.0,3.0592443e-07
44125,2025-07-17 01:00:00,CV001718,0.0,0.0,3.016265e-07
44126,2025-07-17 01:30:00,CV001718,0.0,0.0,2.9741443e-07
44127,2025-07-17 01:30:00,CV001718,0.0,0.0,2.9328524e-07
44128,2025-07-17 03:30:00,CV001718,0.0,0.0,2.8923606e-07
44129,2025-07-17 03:30:00,CV001718,0.0,0.0,2.8526665e-07
44130,2025-07-17 04:00:00,CV001718,0.0,0.0,2.8137214e-07
44131,2025-07-17 04:00:00,CV001718,0.0,0.0,2.7755408e-07
44132,2025-07-17 05:00:00,CV001718,0.0,0.0,2.738095e-07
44133,2025-07-17 05:00:00,CV001718,0.0,0.0,2.7013706e-07
44134,2025-07-17 05:30:00,CV001718,0.0,0.0,2.665327e-07
44135,2025-07-17 05:30:00,CV001718,0.0,0.0,2.6299853e-07
44136,2025-07-17 06:00:00,CV001718,0.0,0.0,2.5953074e-07
44137,2025-07-17 06:00:00,CV001718,0.0,0.0,2.561292e-07
44138,2025-07-17 06:30:00,CV001718,0.0,0.0,2.5279058e-07
44139,2025-07-17 06:30:00,CV001718,0.0,0.0,2.495152e-07
44140,2025-07-17 07:00:00,CV001718,0.0,0.0,2.4629966e-07
44141,2025-07-17 07:00:00,CV001718,0.0,0.0,2.431439e-07
44142,2025-07-17 07:30:00,CV001718,0.0,0.0,2.400464e-07
44143,2025-07-17 07:30:00,CV001718,0.0,0.0,2.3700643e-07
44144,2025-07-17 08:00:00,CV001718,0.0,0.0,2.3402194e-07
44145,2025-07-17 08:00:00,CV001718,0.0,0.0,2.3109155e-07
44146,2025-07-17 08:30:00,CV001718,0.0,0.0,2.2821571e-07
44147,2025-07-17 08:30:00,CV001718,0.0,0.0,2.2539176e-07
44148,2025-07-17 09:00:00,CV001718,0.0,0.0,2.2261804e-07
44149,2025-07-17 09:00:00,CV001718,0.0,0.0,2.1989484e-07
44150,2025-07-17 09:30:00,CV001718,0.0,0.0,2.1722131e-07
44151,2025-07-17 09:30:00,CV001718,0.0,0.0,2.1459296e-07
44152,2025-07-17 10:00:00,CV001718,0.0,0.0,2.1201402e-07
44153,2025-07-17 10:00:00,CV001718,0.0,0.0,2.0948004e-07
44154,2025-07-17 10:30:00,CV001718,0.0,0.0,2.0699017e-07
44155,2025-07-17 10:30:00,CV001718,0.0,0.0,2.045455e-07
44156,2025-07-17 11:00:00,CV001718,0.0,0.0,2.021432e-07
44157,2025-07-17 11:00:00,CV001718,0.0,0.0,1.9978319e-07
44158,2025-07-17 11:30:00,CV001718,0.0,0.0,1.9746393e-07
44159,2025-07-17 11:30:00,CV001718,0.0,0.0,1.9518575e-07
44160,2025-07-17 12:00:00,CV001718,0.0,0.0,1.9294562e-07
44161,2025-07-17 12:00:00,CV001718,0.0,0.0,1.907454e-07
44162,2025-07-17 12:30:00,CV001718,0.0,0.0,1.8858212e-07
44163,2025-07-17 12:30:00,CV001718,0.0,0.0,1.8645653e-07
44164,2025-07-17 13:00:00,CV001718,0.0,0.0,1.8436758e-07
44165,2025-07-17 13:00:00,CV001718,0.0,0.0,1.8231314e-07
44166,2025-07-17 13:30:00,CV001718,0.0,0.0,1.8029502e-07
44167,2025-07-17 13:30:00,CV001718,0.0,0.0,1.7830875e-07
44168,2025-07-17 14:00:00,CV001718,0.0,0.0,1.7635749e-07
44169,2025-07-17 14:00:00,CV001718,0.0,0.0,1.7443855e-07
44170,2025-07-17 14:30:00,CV001718,0.0,0.0,1.7255137e-07
44171,2025-07-17 14:30:00,CV001718,0.0,0.0,1.7069664e-07
44172,2025-07-17 15:00:00,CV001718,0.0,0.0,1.6887248e-07
44173,2025-07-17 15:00:00,CV001718,0.0,0.0,1.6707672e-07
44174,2025-07-17 15:30:00,CV001718,0.0,0.0,1.6531236e-07
44175,2025-07-17 15:30:00,CV001718,0.0,0.0,1.6357507e-07
44176,2025-07-17 16:00:00,CV001718,0.0,0.0,1.6186837e-07
44177,2025-07-17 16:00:00,CV001718,0.0,0.0,1.6018866e-07
44178,2025-07-17 16:30:00,CV001718,0.0,0.0,1.5853513e-07
44179,2025-07-17 16:30:00,CV001718,0.0,0.0,1.5690917e-07
44180,2025-07-17 17:00:00,CV001718,0.0,0.0,1.5531022e-07
44181,2025-07-17 17:00:00,CV001718,0.0,0.0,1.537361e-07
44182,2025-07-17 17:30:00,CV001718,0.0,0.0,1.5218662e-07
44183,2025-07-17 17:30:00,CV001718,0.0,0.0,1.5066252e-07
44184,2025-07-17 18:00:00,CV001718,0.0,0.0,1.491631e-07
44185,2025-07-17 18:00:00,CV001718,0.0,0.0,1.4768675e-07
44186,2025-07-17 18:30:00,CV001718,0.0,0.0,1.4623366e-07
44187,2025-07-17 18:30:00,CV001718,0.0,0.0,1.448037e-07
44188,2025-07-17 19:00:00,CV001718,0.0,0.0,1.4339676e-07
44189,2025-07-17 19:00:00,CV001718,0.0,0.0,1.420108e-07
44190,2025-07-17 19:30:00,CV001718,0.0,0.0,1.4064628e-07
44191,2025-07-17 19:30:00,CV001718,0.0,0.0,1.3930311e-07
44192,2025-07-17 20:00:00,CV001718,0.0,0.0,1.379812e-07
44193,2025-07-17 20:00:00,CV001718,0.0,0.0,1.3668017e-07
44194,2025-07-17 20:30:00,CV001718,0.0,0.0,1.3539862e-07
44195,2025-07-17 20:30:00,CV001718,0.0,0.0,1.3413576e-07
44196,2025-07-17 21:00:00,CV001718,0.0,0.0,1.3289278e-07
44197,2025-07-17 21:00:00,CV001718,0.0,0.0,1.316686e-07
44198,2025-07-17 21:30:00,CV001718,0.0,0.0,1.3046366e-07
44199,2025-07-17 21:30:00,CV001718,0.0,0.0,1.2927617e-07
44200,2025-07-17 22:00:00,CV001718,0.0,0.0,1.2810706e-07
44201,2025-07-17 22:00:00,CV001718,0.0,0.0,1.2695504e-07
44202,2025-07-17 22:30:00,CV001718,0.0,0.0,1.258206e-07
44203,2025-07-17 22:30:00,CV001718,0.0,0.0,1.2470318e-07
44204,2025-07-17 23:00:00,CV001718,0.0,0.0,1.2360206e-07
44205,2025-07-17 23:00:00,CV001718,0.0,0.0,1.2251743e-07
44206,2025-07-17 23:30:00,CV001718,0.0,0.0,1.214486e-07
44207,2025-07-17 23:30:00,CV001718,0.0,0.0,1.2039594e-07
44208,2025-07-18 00:00:00,CV001718,0.0,0.0,1.1935835e-07
44209,2025-07-18 00:00:00,CV001718,0.0,0.0,1.18335564e-07
44210,2025-07-18 00:30:00,CV001718,0.0,0.0,1.1732826e-07
44211,2025-07-18 00:30:00,CV001718,0.0,0.0,1.1633507e-07
44212,2025-07-18 01:00:00,CV001718,0.0,0.0,1.153569e-07
44213,2025-07-18 01:00:00,CV001718,0.0,0.0,1.1439284e-07
44214,2025-07-18 01:30:00,CV001718,0.0,0.0,1.13442454e-07
44215,2025-07-18 01:30:00,CV001718,0.0,0.0,1.1250534e-07
44216,2025-07-18 02:00:00,CV001718,0.0,0.0,1.11582345e-07
44217,2025-07-18 02:00:00,CV001718,0.0,0.0,1.10672204e-07
44218,2025-07-18 02:30:00,CV001718,0.0,0.0,1.0977429e-07
44219,2025-07-18 02:30:00,CV001718,0.0,0.0,1.0889032e-07
44220,2025-07-18 03:00:00,CV001718,0.0,0.0,1.080182e-07
44221,2025-07-18 03:00:00,CV001718,0.0,0.0,1.0715818e-07
44222,2025-07-18 03:30:00,CV001718,0.0,0.0,1.0631069e-07
44223,2025-07-18 03:30:00,CV001718,0.0,0.0,1.0547492e-07
44224,2025-07-18 04:00:00,CV001718,0.0,0.0,1.0465111e-07
44225,2025-07-18 04:00:00,CV001718,0.0,0.0,1.03838886e-07
44226,2025-07-18 04:30:00,CV001718,0.0,0.0,1.0303749e-07
44227,2025-07-18 04:30:00,CV001718,0.0,0.0,1.0224715e-07
44228,2025-07-18 05:00:00,CV001718,0.0,0.0,1.0146771e-07
44229,2025-07-18 05:00:00,CV001718,0.0,0.0,1.00699204e-07
44230,2025-07-18 05:30:00,CV001718,0.0,0.0,9.99411e-08
44231,2025-07-18 05:30:00,CV001718,0.0,0.0,9.9193805e-08
44232,2025-07-18 06:00:00,CV001718,0.0,0.0,9.8456425e-08
44233,2025-07-18 06:00:00,CV001718,0.0,0.0,9.772862e-08
44234,2025-07-18 06:30:00,CV001718,0.0,0.0,9.701119e-08
44235,2025-07-18 06:30:00,CV001718,0.0,0.0,9.630362e-08
44236,2025-07-18 07:00:00,CV001718,0.0,0.0,9.5605415e-08
44237,2025-07-18 07:00:00,CV001718,0.0,0.0,9.491696e-08
44238,2025-07-18 07:30:00,CV001718,0.0,0.0,9.423672e-08
44239,2025-07-18 07:30:00,CV001718,0.0,0.0,9.356616e-08
44240,2025-07-18 08:00:00,CV001718,0.0,0.0,9.290444e-08
44241,2025-07-18 08:00:00,CV001718,0.0,0.0,9.225252e-08
44242,2025-07-18 08:30:00,CV001718,0.0,0.0,9.160744e-08
44243,2025-07-18 08:30:00,CV001718,0.0,0.0,9.097259e-08
44244,2025-07-18 09:00:00,CV001718,0.0,0.0,9.034559e-08
44245,2025-07-18 09:00:00,CV001718,0.0,0.0,8.9726505e-08
44246,2025-07-18 09:30:00,CV001718,0.0,0.0,8.9115574e-08
44247,2025-07-18 09:30:00,CV001718,0.0,0.0,8.8512685e-08
44248,2025-07-18 10:00:00,CV001718,0.0,0.0,8.791857e-08
44249,2025-07-18 10:00:00,CV001718,0.0,0.0,8.733077e-08
44250,2025-07-18 10:30:00,CV001718,0.0,0.0,8.67517e-08
44251,2025-07-18 10:30:00,CV001718,0.0,0.0,8.617943e-08
44252,2025-07-18 11:00:00,CV001718,0.0,0.0,8.561502e-08
44253,2025-07-18 11:00:00,CV001718,0.0,0.0,8.50582e-08
44254,2025-07-18 11:30:00,CV001718,0.0,0.0,8.450773e-08
44255,2025-07-18 11:30:00,CV001718,0.0,0.0,8.396484e-08
44256,2025-07-18 12:00:00,CV001718,0.0,0.0,8.342894e-08
44257,2025-07-18 12:00:00,CV001718,0.0,0.0,8.289977e-08
44258,2025-07-18 12:30:00,CV001718,0.0,0.0,8.2377106e-08
44259,2025-07-18 12:30:00,CV001718,0.0,0.0,8.186147e-08
44260,2025-07-18 13:00:00,CV001718,0.0,0.0,8.1352184e-08
44261,2025-07-18 13:00:00,CV001718,0.0,0.0,8.084914e-08
44262,2025-07-18 13:30:00,CV001718,0.0,0.0,8.035274e-08
44263,2025-07-18 13:30:00,CV001718,0.0,0.0,7.9862424e-08
44264,2025-07-18 14:00:00,CV001718,0.0,0.0,7.937813e-08
44265,2025-07-18 14:00:00,CV001718,0.0,0.0,7.890054e-08
44266,2025-07-18 14:30:00,CV001718,0.0,0.0,7.8428364e-08
44267,2025-07-18 14:30:00,CV001718,0.0,0.0,7.796229e-08
44268,2025-07-18 15:00:00,CV001718,0.0,0.0,7.750194e-08
44269,2025-07-18 15:00:00,CV001718,0.0,0.0,7.704768e-08
44270,2025-07-18 15:30:00,CV001718,0.0,0.0,7.6598866e-08
44271,2025-07-18 15:30:00,CV001718,0.0,0.0,7.615498e-08
44272,2025-07-18 16:00:00,CV001718,0.0,0.0,7.571729e-08
44273,2025-07-18 16:00:00,CV001718,0.0,0.0,7.528513e-08
44274,2025-07-18 16:30:00,CV001718,0.0,0.0,7.485772e-08
44275,2025-07-18 16:30:00,CV001718,0.0,0.0,7.443556e-08
44276,2025-07-18 17:00:00,CV001718,0.0,0.0,7.401891e-08
44277,2025-07-18 17:00:00,CV001718,0.0,0.0,7.360738e-08
44278,2025-07-18 17:30:00,CV001718,0.0,0.0,7.32008e-08
44279,2025-07-18 17:30:00,CV001718,0.0,0.0,7.279911e-08
44280,2025-07-18 18:00:00,CV001718,0.0,0.0,7.240224e-08
44281,2025-07-18 18:00:00,CV001718,0.0,0.0,7.201042e-08
44282,2025-07-18 18:30:00,CV001718,0.0,0.0,7.162318e-08
44283,2025-07-18 18:30:00,CV001718,0.0,0.0,7.12406e-08
44284,2025-07-18 19:00:00,CV001718,0.0,0.0,7.0862235e-08
44285,2025-07-18 19:00:00,CV001718,0.0,0.0,7.0489094e-08
44286,2025-07-18 19:30:00,CV001718,0.0,0.0,7.012021e-08
44287,2025-07-18 19:30:00,CV001718,0.0,0.0,6.9755636e-08
44288,2025-07-18 20:00:00,CV001718,0.0,0.0,6.9395476e-08
44289,2025-07-18 20:00:00,CV001718,0.0,0.0,6.903981e-08
44290,2025-07-18 20:30:00,CV001718,0.0,0.0,6.868832e-08
44291,2025-07-18 20:30:00,CV001718,0.0,0.0,6.8340974e-08
44292,2025-07-18 21:00:00,CV001718,0.0,0.0,6.7997966e-08
44293,2025-07-18 21:00:00,CV001718,0.0,0.0,6.76585e-08
44294,2025-07-18 21:30:00,CV001718,0.0,0.0,6.732355e-08
44295,2025-07-18 21:30:00,CV001718,0.0,0.0,6.699217e-08
44296,2025-07-18 22:00:00,CV001718,0.0,0.0,6.666483e-08
44297,2025-07-18 22:00:00,CV001718,0.0,0.0,6.634164e-08
44298,2025-07-18 22:30:00,CV001718,0.0,0.0,6.602189e-08
44299,2025-07-18 22:30:00,CV001718,0.0,0.0,6.5706445e-08
44300,2025-07-18 23:00:00,CV001718,0.0,0.0,6.5393884e-08
44301,2025-07-18 23:00:00,CV001718,0.0,0.0,6.508541e-08
44302,2025-07-18 23:30:00,CV001718,0.0,0.0,6.478074e-08
44303,2025-07-18 23:30:00,CV001718,0.0,0.0,6.447934e-08
44304,2025-07-19 00:00:00,CV001718,0.0,0.0,6.418179e-08
44305,2025-07-19 00:00:00,CV001718,0.0,0.0,6.388732e-08
44306,2025-07-19 00:30:00,CV001718,0.0,0.0,6.359662e-08
44307,2025-07-19 00:30:00,CV001718,0.0,0.0,6.3308825e-08
44308,2025-07-19 01:00:00,CV001718,0.0,0.0,6.302461e-08
44309,2025-07-19 01:00:00,CV001718,0.0,0.0,6.274395e-08
44310,2025-07-19 01:30:00,CV001718,0.0,0.0,6.246656e-08
44311,2025-07-19 01:30:00,CV001718,0.0,0.0,6.21917e-08
44312,2025-07-19 02:00:00,CV001718,0.0,0.0,6.192065e-08
44313,2025-07-19 02:00:00,CV001718,0.0,0.0,6.165243e-08
44314,2025-07-19 02:30:00,CV001718,0.0,0.0,6.138759e-08
44315,2025-07-19 02:30:00,CV001718,0.0,0.0,6.1125874e-08
44316,2025-07-19 03:00:00,CV001718,0.0,0.0,6.0866896e-08
44317,2025-07-19 03:00:00,CV001718,0.0,0.0,6.06111e-08
44318,2025-07-19 03:30:00,CV001718,0.0,0.0,6.035787e-08
44319,2025-07-19 03:30:00,CV001718,0.0,0.0,6.0108e-08
44320,2025-07-19 04:00:00,CV001718,0.0,0.0,5.986076e-08
44321,2025-07-19 04:00:00,CV001718,0.0,0.0,5.9616355e-08
44322,2025-07-19 04:30:00,CV001718,0.0,0.0,5.937476e-08
44323,2025-07-19 04:30:00,CV001718,0.0,0.0,5.9135832e-08
44324,2025-07-19 05:00:00,CV001718,0.0,0.0,5.889978e-08
44325,2025-07-19 05:00:00,CV001718,0.0,0.0,5.8666345e-08
44326,2025-07-19 05:30:00,CV001718,0.0,0.0,5.843562e-08
44327,2025-07-19 05:30:00,CV001718,0.0,0.0,5.8207803e-08
44328,2025-07-19 06:00:00,CV001718,0.0,0.0,5.798209e-08
44329,2025-07-19 06:00:00,CV001718,0.0,0.0,5.7759234e-08
44330,2025-07-19 06:30:00,CV001718,0.0,0.0,5.7538987e-08
44331,2025-07-19 06:30:00,CV001718,0.0,0.0,5.73209e-08
44332,2025-07-19 07:00:00,CV001718,0.0,0.0,5.7105595e-08
44333,2025-07-19 07:00:00,CV001718,0.0,0.0,5.6892834e-08
44334,2025-07-19 07:30:00,CV001718,0.0,0.0,5.668216e-08
44335,2025-07-19 07:30:00,CV001718,0.0,0.0,5.6473997e-08
44336,2025-07-19 08:00:00,CV001718,0.0,0.0,5.6268526e-08
44337,2025-07-19 08:00:00,CV001718,0.0,0.0,5.6064767e-08
44338,2025-07-19 08:30:00,CV001718,0.0,0.0,5.5863772e-08
44339,2025-07-19 08:30:00,CV001718,0.0,0.0,5.566487e-08
44340,2025-07-19 09:00:00,CV001718,0.0,0.0,5.5468377e-08
44341,2025-07-19 09:00:00,CV001718,0.0,0.0,5.527384e-08
44342,2025-07-19 09:30:00,CV001718,0.0,0.0,5.5081983e-08
44343,2025-07-19 09:30:00,CV001718,0.0,0.0,5.4891835e-08
44344,2025-07-19 10:00:00,CV001718,0.0,0.0,5.4704124e-08
44345,2025-07-19 10:00:00,CV001718,0.0,0.0,5.45184e-08
44346,2025-07-19 10:30:00,CV001718,0.0,0.0,5.4334755e-08
44347,2025-07-19 10:30:00,CV001718,0.0,0.0,5.415339e-08
44348,2025-07-19 11:00:00,CV001718,0.0,0.0,5.397386e-08
44349,2025-07-19 11:00:00,CV001718,0.0,0.0,5.3796565e-08
44350,2025-07-19 11:30:00,CV001718,0.0,0.0,5.362139e-08
44351,2025-07-19 11:30:00,CV001718,0.0,0.0,5.3447707e-08
44352,2025-07-19 12:00:00,CV001718,0.0,0.0,5.3276615e-08
44353,2025-07-19 12:00:00,CV001718,0.0,0.0,5.3107183e-08
44354,2025-07-19 12:30:00,CV001718,0.0,0.0,5.2939708e-08
44355,2025-07-19 12:30:00,CV001718,0.0,0.0,5.2773963e-08
44356,2025-07-19 13:00:00,CV001718,0.0,0.0,5.2610144e-08
44357,2025-07-19 13:00:00,CV001718,0.0,0.0,5.2448637e-08
44358,2025-07-19 13:30:00,CV001718,0.0,0.0,5.2288417e-08
44359,2025-07-19 13:30:00,CV001718,0.0,0.0,5.2130286e-08
44360,2025-07-19 14:00:00,CV001718,0.0,0.0,5.197402e-08
44361,2025-07-19 14:00:00,CV001718,0.0,0.0,5.18195e-08
44362,2025-07-19 14:30:00,CV001718,0.0,0.0,5.1666333e-08
44363,2025-07-19 14:30:00,CV001718,0.0,0.0,5.1515283e-08
44364,2025-07-19 15:00:00,CV001718,0.0,0.0,5.1366246e-08
44365,2025-07-19 15:00:00,CV001718,0.0,0.0,5.1218716e-08
44366,2025-07-19 15:30:00,CV001718,0.0,0.0,5.107229e-08
44367,2025-07-19 15:30:00,CV001718,0.0,0.0,5.092832e-08
44368,2025-07-19 16:00:00,CV001718,0.0,0.0,5.0785825e-08
44369,2025-07-19 16:00:00,CV001718,0.0,0.0,5.0644694e-08
44370,2025-07-19 16:30:00,CV001718,0.0,0.0,5.0505303e-08
44371,2025-07-19 16:30:00,CV001718,0.0,0.0,5.0367543e-08
44372,2025-07-19 17:00:00,CV001718,0.0,0.0,5.02316e-08
44373,2025-07-19 17:00:00,CV001718,0.0,0.0,5.0097263e-08
44374,2025-07-19 17:30:00,CV001718,0.0,0.0,4.996405e-08
44375,2025-07-19 17:30:00,CV001718,0.0,0.0,4.9832614e-08
44376,2025-07-19 18:00:00,CV001718,0.0,0.0,4.9702663e-08
44377,2025-07-19 18:00:00,CV001718,0.0,0.0,4.957428e-08
44378,2025-07-19 18:30:00,CV001718,0.0,0.0,4.944727e-08
44379,2025-07-19 18:30:00,CV001718,0.0,0.0,4.9321894e-08
44380,2025-07-19 19:00:00,CV001718,0.0,0.0,4.919806e-08
44381,2025-07-19 19:00:00,CV001718,0.0,0.0,4.9075567e-08
44382,2025-07-19 19:30:00,CV001718,0.0,0.0,4.8954405e-08
44383,2025-07-19 19:30:00,CV001718,0.0,0.0,4.883494e-08
44384,2025-07-19 20:00:00,CV001718,0.0,0.0,4.871679e-08
44385,2025-07-19 20:00:00,CV001718,0.0,0.0,4.8599848e-08
44386,2025-07-19 20:30:00,CV001718,0.0,0.0,4.8484306e-08
44387,2025-07-19 20:30:00,CV001718,0.0,0.0,4.8370232e-08
44388,2025-07-19 21:00:00,CV001718,0.0,0.0,4.825762e-08
44389,2025-07-19 21:00:00,CV001718,0.0,0.0,4.8146376e-08
44390,2025-07-19 21:30:00,CV001718,0.0,0.0,4.8036302e-08
44391,2025-07-19 21:30:00,CV001718,0.0,0.0,4.792758e-08
44392,2025-07-19 22:00:00,CV001718,0.0,0.0,4.7820105e-08
44393,2025-07-19 22:00:00,CV001718,0.0,0.0,4.771433e-08
44394,2025-07-19 22:30:00,CV001718,0.0,0.0,4.760933e-08
44395,2025-07-19 22:30:00,CV001718,0.0,0.0,4.750574e-08
44396,2025-07-19 23:00:00,CV001718,0.0,0.0,4.740355e-08
44397,2025-07-19 23:00:00,CV001718,0.0,0.0,4.7302755e-08
44398,2025-07-19 23:30:00,CV001718,0.0,0.0,4.7202715e-08
44399,2025-07-19 23:30:00,CV001718,0.0,0.0,4.710414e-08
44400,2025-07-20 00:00:00,CV001718,0.0,0.0,4.7006765e-08
44401,2025-07-20 00:00:00,CV001718,0.0,0.0,4.691066e-08
44402,2025-07-20 00:30:00,CV001718,0.0,0.0,4.6815998e-08
44403,2025-07-20 00:30:00,CV001718,0.0,0.0,4.6722153e-08
44404,2025-07-20 01:00:00,CV001718,0.0,0.0,4.662939e-08
44405,2025-07-20 01:00:00,CV001718,0.0,0.0,4.653796e-08
44406,2025-07-20 01:30:00,CV001718,0.0,0.0,4.6447955e-08
44407,2025-07-20 01:30:00,CV001718,0.0,0.0,4.635856e-08
44408,2025-07-20 02:00:00,CV001718,0.0,0.0,4.6270575e-08
44409,2025-07-20 02:00:00,CV001718,0.0,0.0,4.618399e-08
44410,2025-07-20 02:30:00,CV001718,0.0,0.0,4.6097746e-08
44411,2025-07-20 02:30:00,CV001718,0.0,0.0,4.6013238e-08
44412,2025-07-20 03:00:00,CV001718,0.0,0.0,4.592994e-08
44413,2025-07-20 03:00:00,CV001718,0.0,0.0,4.5847404e-08
44414,2025-07-20 03:30:00,CV001718,0.0,0.0,4.5765887e-08
44415,2025-07-20 03:30:00,CV001718,0.0,0.0,4.568556e-08
44416,2025-07-20 04:00:00,CV001718,0.0,0.0,4.5606335e-08
44417,2025-07-20 04:00:00,CV001718,0.0,0.0,4.5528115e-08
44418,2025-07-20 04:30:00,CV001718,0.0,0.0,4.5450893e-08
44419,2025-07-20 04:30:00,CV001718,0.0,0.0,4.5374584e-08
44420,2025-07-20 05:00:00,CV001718,0.0,0.0,4.5299526e-08
44421,2025-07-20 05:00:00,CV001718,0.0,0.0,4.5225363e-08
44422,2025-07-20 05:30:00,CV001718,0.0,0.0,4.515219e-08
44423,2025-07-20 05:30:00,CV001718,0.0,0.0,4.508042e-08
44424,2025-07-20 06:00:00,CV001718,0.0,0.0,4.5009195e-08
44425,2025-07-20 06:00:00,CV001718,0.0,0.0,4.493894e-08
44426,2025-07-20 06:30:00,CV001718,0.0,0.0,4.4869825e-08
44427,2025-07-20 06:30:00,CV001718,0.0,0.0,4.480158e-08
44428,2025-07-20 07:00:00,CV001718,0.0,0.0,4.4734122e-08
44429,2025-07-20 07:00:00,CV001718,0.0,0.0,4.466788e-08
44430,2025-07-20 07:30:00,CV001718,0.0,0.0,4.4602665e-08
44431,2025-07-20 07:30:00,CV001718,0.0,0.0,4.4538055e-08
44432,2025-07-20 08:00:00,CV001718,0.0,0.0,4.4474728e-08
44433,2025-07-20 08:00:00,CV001718,0.0,0.0,4.4411912e-08
44434,2025-07-20 08:30:00,CV001718,0.0,0.0,4.435029e-08
44435,2025-07-20 08:30:00,CV001718,0.0,0.0,4.4289763e-08
44436,2025-07-20 09:00:00,CV001718,0.0,0.0,4.4229658e-08
44437,2025-07-20 09:00:00,CV001718,0.0,0.0,4.417081e-08
44438,2025-07-20 09:30:00,CV001718,0.0,0.0,4.411272e-08
44439,2025-07-20 09:30:00,CV001718,0.0,0.0,4.405529e-08
44440,2025-07-20 10:00:00,CV001718,0.0,0.0,4.3999027e-08
44441,2025-07-20 10:00:00,CV001718,0.0,0.0,4.394359e-08
44442,2025-07-20 10:30:00,CV001718,0.0,0.0,4.388906e-08
44443,2025-07-20 10:30:00,CV001718,0.0,0.0,4.3835268e-08
44444,2025-07-20 11:00:00,CV001718,0.0,0.0,4.378237e-08
44445,2025-07-20 11:00:00,CV001718,0.0,0.0,4.373046e-08
44446,2025-07-20 11:30:00,CV001718,0.0,0.0,4.3679112e-08
44447,2025-07-20 11:30:00,CV001718,0.0,0.0,4.362882e-08
44448,2025-07-20 12:00:00,CV001718,0.0,0.0,4.3579085e-08
44449,2025-07-20 12:00:00,CV001718,0.0,0.0,4.3530406e-08
44450,2025-07-20 12:30:00,CV001718,0.0,0.0,4.348244e-08
44451,2025-07-20 12:30:00,CV001718,0.0,0.0,4.3435275e-08
44452,2025-07-20 13:00:00,CV001718,0.0,0.0,4.338866e-08
44453,2025-07-20 13:00:00,CV001718,0.0,0.0,4.334358e-08
44454,2025-07-20 13:30:00,CV001718,0.0,0.0,4.3298876e-08
44455,2025-07-20 13:30:00,CV001718,0.0,0.0,4.32548e-08
44456,2025-07-20 14:00:00,CV001718,0.0,0.0,4.321167e-08
44457,2025-07-20 14:00:00,CV001718,0.0,0.0,4.3169248e-08
44458,2025-07-20 14:30:00,CV001718,0.0,0.0,4.3127688e-08
44459,2025-07-20 14:30:00,CV001718,0.0,0.0,4.308674e-08
44460,2025-07-20 15:00:00,CV001718,0.0,0.0,4.3046487e-08
44461,2025-07-20 15:00:00,CV001718,0.0,0.0,4.3007343e-08
44462,2025-07-20 15:30:00,CV001718,0.0,0.0,4.2968644e-08
44463,2025-07-20 15:30:00,CV001718,0.0,0.0,4.293088e-08
44464,2025-07-20 16:00:00,CV001718,0.0,0.0,4.2893554e-08
44465,2025-07-20 16:00:00,CV001718,0.0,0.0,4.2857163e-08
44466,2025-07-20 16:30:00,CV001718,0.0,0.0,4.282154e-08
44467,2025-07-20 16:30:00,CV001718,0.0,0.0,4.2786922e-08
44468,2025-07-20 17:00:00,CV001718,0.0,0.0,4.275242e-08
44469,2025-07-20 17:00:00,CV001718,0.0,0.0,4.271908e-08
44470,2025-07-20 17:30:00,CV001718,0.0,0.0,4.2686253e-08
44471,2025-07-20 17:30:00,CV001718,0.0,0.0,4.2654268e-08
44472,2025-07-20 18:00:00,CV001718,0.0,0.0,4.2622872e-08
44473,2025-07-20 18:00:00,CV001718,0.0,0.0,4.25924e-08
44474,2025-07-20 18:30:00,CV001718,0.0,0.0,4.2562107e-08
44475,2025-07-20 18:30:00,CV001718,0.0,0.0,4.253306e-08
44476,2025-07-20 19:00:00,CV001718,0.0,0.0,4.2504265e-08
44477,2025-07-20 19:00:00,CV001718,0.0,0.0,4.2476714e-08
44478,2025-07-20 19:30:00,CV001718,0.0,0.0,4.244926e-08
44479,2025-07-20 19:30:00,CV001718,0.0,0.0,4.242287e-08
44480,2025-07-20 20:00:00,CV001718,0.0,0.0,4.2396902e-08
44481,2025-07-20 20:00:00,CV001718,0.0,0.0,4.2371518e-08
44482,2025-07-20 20:30:00,CV001718,0.0,0.0,4.234704e-08
44483,2025-07-20 20:30:00,CV001718,0.0,0.0,4.2323297e-08
44484,2025-07-20 21:00:00,CV001718,0.0,0.0,4.2300215e-08
44485,2025-07-20 21:00:00,CV001718,0.0,0.0,4.227747e-08
44486,2025-07-20 21:30:00,CV001718,0.0,0.0,4.2255785e-08
44487,2025-07-20 21:30:00,CV001718,0.0,0.0,4.2234348e-08
44488,2025-07-20 22:00:00,CV001718,0.0,0.0,4.2213653e-08
44489,2025-07-20 22:00:00,CV001718,0.0,0.0,4.2193687e-08
44490,2025-07-20 22:30:00,CV001718,0.0,0.0,4.217438e-08
44491,2025-07-20 22:30:00,CV001718,0.0,0.0,4.215556e-08
44492,2025-07-20 23:00:00,CV001718,0.0,0.0,4.213755e-08
44493,2025-07-20 23:00:00,CV001718,0.0,0.0,4.2120117e-08
44494,2025-07-20 23:30:00,CV001718,0.0,0.0,4.210325e-08
44495,2025-07-20 23:30:00,CV001718,0.0,0.0,4.208703e-08
44496,2025-07-21 00:00:00,CV001718,0.0,0.0,4.207146e-08
44497,2025-07-21 00:00:00,CV001718,0.0,0.0,4.2056456e-08
44498,2025-07-21 00:30:00,CV001718,0.0,0.0,4.204194e-08
44499,2025-07-21 00:30:00,CV001718,0.0,0.0,4.202823e-08
44500,2025-07-21 01:00:00,CV001718,0.0,0.0,4.2015163e-08
44501,2025-07-21 01:00:00,CV001718,0.0,0.0,4.2002505e-08
44502,2025-07-21 01:30:00,CV001718,0.0,0.0,4.1990493e-08
44503,2025-07-21 01:30:00,CV001718,0.0,0.0,4.197928e-08
44504,2025-07-21 02:00:00,CV001718,0.0,0.0,4.1968313e-08
44505,2025-07-21 02:00:00,CV001718,0.0,0.0,4.1958145e-08
44506,2025-07-21 02:30:00,CV001718,0.0,0.0,4.1948702e-08
44507,2025-07-21 02:30:00,CV001718,0.0,0.0,4.1939582e-08
44508,2025-07-21 03:00:00,CV001718,0.0,0.0,4.1931425e-08
44509,2025-07-21 03:00:00,CV001718,0.0,0.0,4.1923506e-08
44510,2025-07-21 03:30:00,CV001718,0.0,0.0,4.191607e-08
44511,2025-07-21 03:30:00,CV001718,0.0,0.0,4.1909274e-08
44512,2025-07-21 04:00:00,CV001718,0.0,0.0,4.190328e-08
44513,2025-07-21 04:00:00,CV001718,0.0,0.0,4.1897685e-08
44514,2025-07-21 04:30:00,CV001718,0.0,0.0,4.1892573e-08
44515,2025-07-21 04:30:00,CV001718,0.0,0.0,4.188842e-08
44516,2025-07-21 05:00:00,CV001718,0.0,0.0,4.188434e-08
44517,2025-07-21 05:00:00,CV001718,0.0,0.0,4.188107e-08
44518,2025-07-21 05:30:00,CV001718,0.0,0.0,4.1878433e-08
44519,2025-07-21 05:30:00,CV001718,0.0,0.0,4.1876355e-08
44520,2025-07-21 06:00:00,CV001718,0.0,0.0,4.18746e-08
44521,2025-07-21 06:00:00,CV001718,0.0,0.0,4.187372e-08
44522,2025-07-21 06:30:00,CV001718,0.0,0.0,4.187268e-08
44523,2025-07-21 06:30:00,CV001718,0.0,0.0,4.187276e-08
44524,2025-07-21 07:00:00,CV001718,0.0,0.0,4.187348e-08
44525,2025-07-21 07:00:00,CV001718,0.0,0.0,4.187444e-08
44526,2025-07-21 07:30:00,CV001718,0.0,0.0,4.1876355e-08
44527,2025-07-21 07:30:00,CV001718,0.0,0.0,4.187851e-08
44528,2025-07-21 08:00:00,CV001718,0.0,0.0,4.188123e-08
44529,2025-07-21 08:00:00,CV001718,0.0,0.0,4.1884505e-08
44530,2025-07-21 08:30:00,CV001718,0.0,0.0,4.188818e-08
44531,2025-07-21 08:30:00,CV001718,0.0,0.0,4.1892335e-08
44532,2025-07-21 09:00:00,CV001718,0.0,0.0,4.189737e-08
44533,2025-07-21 09:00:00,CV001718,0.0,0.0,4.1902805e-08
44534,2025-07-21 09:30:00,CV001718,0.0,0.0,4.190848e-08
44535,2025-07-21 09:30:00,CV001718,0.0,0.0,4.1915033e-08
44536,2025-07-21 10:00:00,CV001718,0.0,0.0,4.1921908e-08
44537,2025-07-21 10:00:00,CV001718,0.0,0.0,4.1929265e-08
44538,2025-07-21 10:30:00,CV001718,0.0,0.0,4.1937263e-08
44539,2025-07-21 10:30:00,CV001718,0.0,0.0,4.194598e-08
44540,2025-07-21 11:00:00,CV001718,0.0,0.0,4.1954866e-08
44541,2025-07-21 11:00:00,CV001718,0.0,0.0,4.196439e-08
44542,2025-07-21 11:30:00,CV001718,0.0,0.0,4.1974396e-08
44543,2025-07-21 11:30:00,CV001718,0.0,0.0,4.1985125e-08
44544,2025-07-21 12:00:00,CV001718,0.0,0.0,4.1996337e-08
44545,2025-07-21 12:00:00,CV001718,0.0,0.0,4.200763e-08
44546,2025-07-21 12:30:00,CV001718,0.0,0.0,4.2019654e-08
44547,2025-07-21 12:30:00,CV001718,0.0,0.0,4.203232e-08
44548,2025-07-21 13:00:00,CV001718,0.0,0.0,4.204539e-08
44549,2025-07-21 13:00:00,CV001718,0.0,0.0,4.2058943e-08
44550,2025-07-21 13:30:00,CV001718,0.0,0.0,4.20729e-08
44551,2025-07-21 13:30:00,CV001718,0.0,0.0,4.208759e-08
44552,2025-07-21 14:00:00,CV001718,0.0,0.0,4.2102688e-08
44553,2025-07-21 14:00:00,CV001718,0.0,0.0,4.2118106e-08
44554,2025-07-21 14:30:00,CV001718,0.0,0.0,4.213418e-08
44555,2025-07-21 14:30:00,CV001718,0.0,0.0,4.2150816e-08
44556,2025-07-21 15:00:00,CV001718,0.0,0.0,4.2167624e-08
44557,2025-07-21 15:00:00,CV001718,0.0,0.0,4.218548e-08
44558,2025-07-21 15:30:00,CV001718,0.0,0.0,4.2203347e-08
44559,2025-07-21 15:30:00,CV001718,0.0,0.0,4.2221785e-08
44560,2025-07-21 16:00:00,CV001718,0.0,0.0,4.2240874e-08
44561,2025-07-21 16:00:00,CV001718,0.0,0.0,4.2260137e-08
44562,2025-07-21 16:30:00,CV001718,0.0,0.0,4.2280373e-08
44563,2025-07-21 16:30:00,CV001718,0.0,0.0,4.230086e-08
44564,2025-07-21 17:00:00,CV001718,0.0,0.0,4.232152e-08
44565,2025-07-21 17:00:00,CV001718,0.0,0.0,4.234292e-08
44566,2025-07-21 17:30:00,CV001718,0.0,0.0,4.2364974e-08
44567,2025-07-21 17:30:00,CV001718,0.0,0.0,4.238712e-08
44568,2025-07-21 18:00:00,CV001718,0.0,0.0,4.2410164e-08
44569,2025-07-21 18:00:00,CV001718,0.0,0.0,4.2433633e-08
44570,2025-07-21 18:30:00,CV001718,0.0,0.0,4.2457515e-08
44571,2025-07-21 18:30:00,CV001718,0.0,0.0,4.2481815e-08
44572,2025-07-21 19:00:00,CV001718,0.0,0.0,4.2506375e-08
44573,2025-07-21 19:00:00,CV001718,0.0,0.0,4.2531514e-08
44574,2025-07-21 19:30:00,CV001718,0.0,0.0,4.2557236e-08
44575,2025-07-21 19:30:00,CV001718,0.0,0.0,4.2583302e-08
44576,2025-07-21 20:00:00,CV001718,0.0,0.0,4.2610196e-08
44577,2025-07-21 20:00:00,CV001718,0.0,0.0,4.2637346e-08
44578,2025-07-21 20:30:00,CV001718,0.0,0.0,4.266501e-08
44579,2025-07-21 20:30:00,CV001718,0.0,0.0,4.269293e-08
44580,2025-07-21 21:00:00,CV001718,0.0,0.0,4.2721197e-08
44581,2025-07-21 21:00:00,CV001718,0.0,0.0,4.2750298e-08
44582,2025-07-21 21:30:00,CV001718,0.0,0.0,4.2779906e-08
44583,2025-07-21 21:30:00,CV001718,0.0,0.0,4.280978e-08
44584,2025-07-21 22:00:00,CV001718,0.0,0.0,4.2840167e-08
44585,2025-07-21 22:00:00,CV001718,0.0,0.0,4.2870653e-08
44586,2025-07-21 22:30:00,CV001718,0.0,0.0,4.290223e-08
44587,2025-07-21 22:30:00,CV001718,0.0,0.0,4.2934158e-08
44588,2025-07-21 23:00:00,CV001718,0.0,0.0,4.2966267e-08
44589,2025-07-21 23:00:00,CV001718,0.0,0.0,4.2998813e-08
44590,2025-07-21 23:30:00,CV001718,0.0,0.0,4.3032205e-08
44591,2025-07-21 23:30:00,CV001718,0.0,0.0,4.306546e-08
44592,2025-07-22 00:00:00,CV001718,0.0,0.0,4.3099398e-08
44593,2025-07-22 00:00:00,CV001718,0.0,0.0,4.31341e-08
44594,2025-07-22 00:30:00,CV001718,0.0,0.0,4.316908e-08
44595,2025-07-22 00:30:00,CV001718,0.0,0.0,4.3204665e-08
44596,2025-07-22 01:00:00,CV001718,0.0,0.0,4.324061e-08
44597,2025-07-22 01:00:00,CV001718,0.0,0.0,4.327683e-08
44598,2025-07-22 01:30:00,CV001718,0.0,0.0,4.3313744e-08
44599,2025-07-22 01:30:00,CV001718,0.0,0.0,4.335077e-08
44600,2025-07-22 02:00:00,CV001718,0.0,0.0,4.3388493e-08
44601,2025-07-22 02:00:00,CV001718,0.0,0.0,4.3426663e-08
44602,2025-07-22 02:30:00,CV001718,0.0,0.0,4.346536e-08
44603,2025-07-22 02:30:00,CV001718,0.0,0.0,4.3504592e-08
44604,2025-07-22 03:00:00,CV001718,0.0,0.0,4.3544023e-08
44605,2025-07-22 03:00:00,CV001718,0.0,0.0,4.3584073e-08
44606,2025-07-22 03:30:00,CV001718,0.0,0.0,4.362416e-08
44607,2025-07-22 03:30:00,CV001718,0.0,0.0,4.3665118e-08
44608,2025-07-22 04:00:00,CV001718,0.0,0.0,4.370653e-08
44609,2025-07-22 04:00:00,CV001718,0.0,0.0,4.3748067e-08
44610,2025-07-22 04:30:00,CV001718,0.0,0.0,4.3790557e-08
44611,2025-07-22 04:30:00,CV001718,0.0,0.0,4.383326e-08
44612,2025-07-22 05:00:00,CV001718,0.0,0.0,4.3876422e-08
44613,2025-07-22 05:00:00,CV001718,0.0,0.0,4.3920377e-08
44614,2025-07-22 05:30:00,CV001718,0.0,0.0,4.3964132e-08
44615,2025-07-22 05:30:00,CV001718,0.0,0.0,4.4008594e-08
44616,2025-07-22 06:00:00,CV001718,0.0,0.0,4.4053525e-08
44617,2025-07-22 06:00:00,CV001718,0.0,0.0,4.4099004e-08
44618,2025-07-22 06:30:00,CV001718,0.0,0.0,4.4144617e-08
44619,2025-07-22 06:30:00,CV001718,0.0,0.0,4.4191037e-08
44620,2025-07-22 07:00:00,CV001718,0.0,0.0,4.4237755e-08
44621,2025-07-22 07:00:00,CV001718,0.0,0.0,4.4284864e-08
44622,2025-07-22 07:30:00,CV001718,0.0,0.0,4.43327e-08
44623,2025-07-22 07:30:00,CV001718,0.0,0.0,4.438067e-08
44624,2025-07-22 08:00:00,CV001718,0.0,0.0,4.4428944e-08
44625,2025-07-22 08:00:00,CV001718,0.0,0.0,4.4477698e-08
44626,2025-07-22 08:30:00,CV001718,0.0,0.0,4.4527184e-08
44627,2025-07-22 08:30:00,CV001718,0.0,0.0,4.4577405e-08
44628,2025-07-22 09:00:00,CV001718,0.0,0.0,4.4627768e-08
44629,2025-07-22 09:00:00,CV001718,0.0,0.0,4.4678274e-08
44630,2025-07-22 09:30:00,CV001718,0.0,0.0,4.4729347e-08
44631,2025-07-22 09:30:00,CV001718,0.0,0.0,4.478125e-08
44632,2025-07-22 10:00:00,CV001718,0.0,0.0,4.483321e-08
44633,2025-07-22 10:00:00,CV001718,0.0,0.0,4.4885834e-08
44634,2025-07-22 10:30:00,CV001718,0.0,0.0,4.4938854e-08
44635,2025-07-22 10:30:00,CV001718,0.0,0.0,4.4992202e-08
44636,2025-07-22 11:00:00,CV001718,0.0,0.0,4.504587e-08
44637,2025-07-22 11:00:00,CV001718,0.0,0.0,4.5100546e-08
44638,2025-07-22 11:30:00,CV001718,0.0,0.0,4.5155204e-08
44639,2025-07-22 11:30:00,CV001718,0.0,0.0,4.5210445e-08
44640,2025-07-22 12:00:00,CV001718,0.0,0.0,4.526601e-08
44641,2025-07-22 12:00:00,CV001718,0.0,0.0,4.532208e-08
44642,2025-07-22 12:30:00,CV001718,0.0,0.0,4.5378737e-08
44643,2025-07-22 12:30:00,CV001718,0.0,0.0,4.5435552e-08
44644,2025-07-22 13:00:00,CV001718,0.0,0.0,4.5493135e-08
44645,2025-07-22 13:00:00,CV001718,0.0,0.0,4.5551044e-08
44646,2025-07-22 13:30:00,CV001718,0.0,0.0,4.5609468e-08
44647,2025-07-22 13:30:00,CV001718,0.0,0.0,4.56684e-08
44648,2025-07-22 14:00:00,CV001718,0.0,0.0,4.5727408e-08
44649,2025-07-22 14:00:00,CV001718,0.0,0.0,4.578702e-08
44650,2025-07-22 14:30:00,CV001718,0.0,0.0,4.5847226e-08
44651,2025-07-22 14:30:00,CV001718,0.0,0.0,4.5907694e-08
44652,2025-07-22 15:00:00,CV001718,0.0,0.0,4.5968854e-08
44653,2025-07-22 15:00:00,CV001718,0.0,0.0,4.603009e-08
44654,2025-07-22 15:30:00,CV001718,0.0,0.0,4.609238e-08
44655,2025-07-22 15:30:00,CV001718,0.0,0.0,4.6154494e-08
44656,2025-07-22 16:00:00,CV001718,0.0,0.0,4.6217213e-08
44657,2025-07-22 16:00:00,CV001718,0.0,0.0,4.6280817e-08
44658,2025-07-22 16:30:00,CV001718,0.0,0.0,4.6344326e-08
44659,2025-07-22 16:30:00,CV001718,0.0,0.0,4.6408548e-08
44660,2025-07-22 17:00:00,CV001718,0.0,0.0,4.647303e-08
44661,2025-07-22 17:00:00,CV001718,0.0,0.0,4.6538226e-08
44662,2025-07-22 17:30:00,CV001718,0.0,0.0,4.660378e-08
44663,2025-07-22 17:30:00,CV001718,0.0,0.0,4.6669694e-08
44664,2025-07-22 18:00:00,CV001718,0.0,0.0,4.673606e-08
44665,2025-07-22 18:00:00,CV001718,0.0,0.0,4.680287e-08
44666,2025-07-22 18:30:00,CV001718,0.0,0.0,4.6870408e-08
44667,2025-07-22 18:30:00,CV001718,0.0,0.0,4.6938045e-08
44668,2025-07-22 19:00:00,CV001718,0.0,0.0,4.7006044e-08
44669,2025-07-22 19:00:00,CV001718,0.0,0.0,4.7074952e-08
44670,2025-07-22 19:30:00,CV001718,0.0,0.0,4.714414e-08
44671,2025-07-22 19:30:00,CV001718,0.0,0.0,4.721379e-08
44672,2025-07-22 20:00:00,CV001718,0.0,0.0,4.7283905e-08
44673,2025-07-22 20:00:00,CV001718,0.0,0.0,4.735412e-08
44674,2025-07-22 20:30:00,CV001718,0.0,0.0,4.7425257e-08
44675,2025-07-22 20:30:00,CV001718,0.0,0.0,4.7496407e-08
44676,2025-07-22 21:00:00,CV001718,0.0,0.0,4.7568484e-08
44677,2025-07-22 21:00:00,CV001718,0.0,0.0,4.764058e-08
44678,2025-07-22 21:30:00,CV001718,0.0,0.0,4.771333e-08
44679,2025-07-22 21:30:00,CV001718,0.0,0.0,4.7786372e-08
44680,2025-07-22 22:00:00,CV001718,0.0,0.0,4.7860347e-08
44681,2025-07-22 22:00:00,CV001718,0.0,0.0,4.7934254e-08
44682,2025-07-22 22:30:00,CV001718,0.0,0.0,4.8008825e-08
44683,2025-07-22 22:30:00,CV001718,0.0,0.0,4.8083876e-08
44684,2025-07-22 23:00:00,CV001718,0.0,0.0,4.8159603e-08
44685,2025-07-22 23:00:00,CV001718,0.0,0.0,4.823563e-08
44686,2025-07-22 23:30:00,CV001718,0.0,0.0,4.8312053e-08
44687,2025-07-22 23:30:00,CV001718,0.0,0.0,4.838878e-08
44688,2025-07-23 00:00:00,CV001718,0.0,0.0,4.8465903e-08
44689,2025-07-23 00:00:00,CV001718,0.0,0.0,4.8543985e-08
44690,2025-07-23 00:30:00,CV001718,0.0,0.0,4.8622287e-08
44691,2025-07-23 00:30:00,CV001718,0.0,0.0,4.8700905e-08
44692,2025-07-23 01:00:00,CV001718,0.0,0.0,4.8779924e-08
44693,2025-07-23 01:00:00,CV001718,0.0,0.0,4.8859725e-08
44694,2025-07-23 01:30:00,CV001718,0.0,0.0,4.8939935e-08
44695,2025-07-23 01:30:00,CV001718,0.0,0.0,4.9020187e-08
44696,2025-07-23 02:00:00,CV001718,0.0,0.0,4.910141e-08
44697,2025-07-23 02:00:00,CV001718,0.0,0.0,4.918258e-08
44698,2025-07-23 02:30:00,CV001718,0.0,0.0,4.9265015e-08
44699,2025-07-23 02:30:00,CV001718,0.0,0.0,4.93473e-08
44700,2025-07-23 03:00:00,CV001718,0.0,0.0,4.9429914e-08
44701,2025-07-23 03:00:00,CV001718,0.0,0.0,4.9513893e-08
44702,2025-07-23 03:30:00,CV001718,0.0,0.0,4.959717e-08
44703,2025-07-23 03:30:00,CV001718,0.0,0.0,4.9681624e-08
44704,2025-07-23 04:00:00,CV001718,0.0,0.0,4.9766598e-08
44705,2025-07-23 04:00:00,CV001718,0.0,0.0,4.9851725e-08
44706,2025-07-23 04:30:00,CV001718,0.0,0.0,4.993766e-08
44707,2025-07-23 04:30:00,CV001718,0.0,0.0,5.0023743e-08
44708,2025-07-23 05:00:00,CV001718,0.0,0.0,5.0110543e-08
44709,2025-07-23 05:00:00,CV001718,0.0,0.0,5.0197503e-08
44710,2025-07-23 05:30:00,CV001718,0.0,0.0,5.0285184e-08
44711,2025-07-23 05:30:00,CV001718,0.0,0.0,5.0373405e-08
44712,2025-07-23 06:00:00,CV001718,0.0,0.0,5.046159e-08
44713,2025-07-23 06:00:00,CV001718,0.0,0.0,5.05506e-08
44714,2025-07-23 06:30:00,CV001718,0.0,0.0,5.0640253e-08
44715,2025-07-23 06:30:00,CV001718,0.0,0.0,5.073035e-08
44716,2025-07-23 07:00:00,CV001718,0.0,0.0,5.0820805e-08
44717,2025-07-23 07:00:00,CV001718,0.0,0.0,5.0911908e-08
44718,2025-07-23 07:30:00,CV001718,0.0,0.0,5.1003173e-08
44719,2025-07-23 07:30:00,CV001718,0.0,0.0,5.1094894e-08
44720,2025-07-23 08:00:00,CV001718,0.0,0.0,5.1187463e-08
44721,2025-07-23 08:00:00,CV001718,0.0,0.0,5.12802e-08
44722,2025-07-23 08:30:00,CV001718,0.0,0.0,5.1373497e-08
44723,2025-07-23 08:30:00,CV001718,0.0,0.0,5.146765e-08
44724,2025-07-23 09:00:00,CV001718,0.0,0.0,5.156188e-08
44725,2025-07-23 09:00:00,CV001718,0.0,0.0,5.1656475e-08
44726,2025-07-23 09:30:00,CV001718,0.0,0.0,5.175184e-08
44727,2025-07-23 09:30:00,CV001718,0.0,0.0,5.184748e-08
44728,2025-07-23 10:00:00,CV001718,0.0,0.0,5.194379e-08
44729,2025-07-23 10:00:00,CV001718,0.0,0.0,5.2040676e-08
44730,2025-07-23 10:30:00,CV001718,0.0,0.0,5.213814e-08
44731,2025-07-23 10:30:00,CV001718,0.0,0.0,5.223559e-08
44732,2025-07-23 11:00:00,CV001718,0.0,0.0,5.2333817e-08
44733,2025-07-23 11:00:00,CV001718,0.0,0.0,5.243233e-08
44734,2025-07-23 11:30:00,CV001718,0.0,0.0,5.2532034e-08
44735,2025-07-23 11:30:00,CV001718,0.0,0.0,5.263152e-08
44736,2025-07-23 12:00:00,CV001718,0.0,0.0,5.27316e-08
44737,2025-07-23 12:00:00,CV001718,0.0,0.0,5.2832274e-08
44738,2025-07-23 12:30:00,CV001718,0.0,0.0,5.2933547e-08
44739,2025-07-23 12:30:00,CV001718,0.0,0.0,5.303531e-08
44740,2025-07-23 13:00:00,CV001718,0.0,0.0,5.3137377e-08
44741,2025-07-23 13:00:00,CV001718,0.0,0.0,5.3240143e-08
44742,2025-07-23 13:30:00,CV001718,0.0,0.0,5.3343218e-08
44743,2025-07-23 13:30:00,CV001718,0.0,0.0,5.34472e-08
44744,2025-07-23 14:00:00,CV001718,0.0,0.0,5.3550767e-08
44745,2025-07-23 14:00:00,CV001718,0.0,0.0,5.3655665e-08
44746,2025-07-23 14:30:00,CV001718,0.0,0.0,5.3760875e-08
44747,2025-07-23 14:30:00,CV001718,0.0,0.0,5.3866795e-08
44748,2025-07-23 15:00:00,CV001718,0.0,0.0,5.3972727e-08
44749,2025-07-23 15:00:00,CV001718,0.0,0.0,5.407969e-08
44750,2025-07-23 15:30:00,CV001718,0.0,0.0,5.4186657e-08
44751,2025-07-23 15:30:00,CV001718,0.0,0.0,5.429415e-08
44752,2025-07-23 16:00:00,CV001718,0.0,0.0,5.440289e-08
44753,2025-07-23 16:00:00,CV001718,0.0,0.0,5.4511432e-08
44754,2025-07-23 16:30:00,CV001718,0.0,0.0,5.46204e-08
44755,2025-07-23 16:30:00,CV001718,0.0,0.0,5.473063e-08
44756,2025-07-23 17:00:00,CV001718,0.0,0.0,5.4840765e-08
44757,2025-07-23 17:00:00,CV001718,0.0,0.0,5.495144e-08
44758,2025-07-23 17:30:00,CV001718,0.0,0.0,5.5062653e-08
44759,2025-07-23 17:30:00,CV001718,0.0,0.0,5.5174933e-08
44760,2025-07-23 18:00:00,CV001718,0.0,0.0,5.5286808e-08
44761,2025-07-23 18:00:00,CV001718,0.0,0.0,5.539965e-08
44762,2025-07-23 18:30:00,CV001718,0.0,0.0,5.5513144e-08
44763,2025-07-23 18:30:00,CV001718,0.0,0.0,5.5626984e-08
44764,2025-07-23 19:00:00,CV001718,0.0,0.0,5.5741264e-08
44765,2025-07-23 19:00:00,CV001718,0.0,0.0,5.5856525e-08
44766,2025-07-23 19:30:00,CV001718,0.0,0.0,5.5971707e-08
44767,2025-07-23 19:30:00,CV001718,0.0,0.0,5.6088084e-08
44768,2025-07-23 20:00:00,CV001718,0.0,0.0,5.6204495e-08
44769,2025-07-23 20:00:00,CV001718,0.0,0.0,5.6321568e-08
44770,2025-07-23 20:30:00,CV001718,0.0,0.0,5.643857e-08
44771,2025-07-23 20:30:00,CV001718,0.0,0.0,5.6557106e-08
44772,2025-07-23 21:00:00,CV001718,0.0,0.0,5.6675677e-08
44773,2025-07-23 21:00:00,CV001718,0.0,0.0,5.679536e-08
44774,2025-07-23 21:30:00,CV001718,0.0,0.0,5.6914757e-08
44775,2025-07-23 21:30:00,CV001718,0.0,0.0,5.703484e-08
44776,2025-07-23 22:00:00,CV001718,0.0,0.0,5.715561e-08
44777,2025-07-23 22:00:00,CV001718,0.0,0.0,5.7276853e-08
44778,2025-07-23 22:30:00,CV001718,0.0,0.0,5.7398687e-08
44779,2025-07-23 22:30:00,CV001718,0.0,0.0,5.7520886e-08
44780,2025-07-23 23:00:00,CV001718,0.0,0.0,5.7643785e-08
44781,2025-07-23 23:00:00,CV001718,0.0,0.0,5.7767384e-08
44782,2025-07-23 23:30:00,CV001718,0.0,0.0,5.789147e-08
44783,2025-07-23 23:30:00,CV001718,0.0,0.0,5.801649e-08
44784,2025-07-24 00:00:00,CV001718,0.0,0.0,5.8141115e-08
44785,2025-07-24 00:00:00,CV001718,0.0,0.0,5.8266565e-08
44786,2025-07-24 00:30:00,CV001718,0.0,0.0,5.839306e-08
44787,2025-07-24 00:30:00,CV001718,0.0,0.0,5.851983e-08
44788,2025-07-24 01:00:00,CV001718,0.0,0.0,5.8646993e-08
44789,2025-07-24 01:00:00,CV001718,0.0,0.0,5.8774873e-08
44790,2025-07-24 01:30:00,CV001718,0.0,0.0,5.8903147e-08
44791,2025-07-24 01:30:00,CV001718,0.0,0.0,5.903193e-08
44792,2025-07-24 02:00:00,CV001718,0.0,0.0,5.916144e-08
44793,2025-07-24 02:00:00,CV001718,0.0,0.0,5.9291693e-08
44794,2025-07-24 02:30:00,CV001718,0.0,0.0,5.9422455e-08
44795,2025-07-24 02:30:00,CV001718,0.0,0.0,5.9553734e-08
44796,2025-07-24 03:00:00,CV001718,0.0,0.0,5.9685526e-08
44797,2025-07-24 03:00:00,CV001718,0.0,0.0,5.981739e-08
44798,2025-07-24 03:30:00,CV001718,0.0,0.0,5.9950224e-08
44799,2025-07-24 03:30:00,CV001718,0.0,0.0,6.008405e-08
44800,2025-07-24 04:00:00,CV001718,0.0,0.0,6.0217936e-08
44801,2025-07-24 04:00:00,CV001718,0.0,0.0,6.0352114e-08
44802,2025-07-24 04:30:00,CV001718,0.0,0.0,6.0487295e-08
44803,2025-07-24 04:30:00,CV001718,0.0,0.0,6.062312e-08
44804,2025-07-24 05:00:00,CV001718,0.0,0.0,6.0759255e-08
44805,2025-07-24 05:00:00,CV001718,0.0,0.0,6.089616e-08
44806,2025-07-24 05:30:00,CV001718,0.0,0.0,6.103396e-08
44807,2025-07-24 05:30:00,CV001718,0.0,0.0,6.117171e-08
44808,2025-07-24 06:00:00,CV001718,0.0,0.0,6.131037e-08
44809,2025-07-24 06:00:00,CV001718,0.0,0.0,6.144921e-08
44810,2025-07-24 06:30:00,CV001718,0.0,0.0,6.1588956e-08
44811,2025-07-24 06:30:00,CV001718,0.0,0.0,6.172914e-08
44812,2025-07-24 07:00:00,CV001718,0.0,0.0,6.1870004e-08
44813,2025-07-24 07:00:00,CV001718,0.0,0.0,6.201154e-08
44814,2025-07-24 07:30:00,CV001718,0.0,0.0,6.215328e-08
44815,2025-07-24 07:30:00,CV001718,0.0,0.0,6.2296294e-08
44816,2025-07-24 08:00:00,CV001718,0.0,0.0,6.243916e-08
44817,2025-07-24 08:00:00,CV001718,0.0,0.0,6.258307e-08
44818,2025-07-24 08:30:00,CV001718,0.0,0.0,6.2727196e-08
44819,2025-07-24 08:30:00,CV001718,0.0,0.0,6.2872374e-08
44820,2025-07-24 09:00:00,CV001718,0.0,0.0,6.3017765e-08
44821,2025-07-24 09:00:00,CV001718,0.0,0.0,6.3164215e-08
44822,2025-07-24 09:30:00,CV001718,0.0,0.0,6.3310644e-08
44823,2025-07-24 09:30:00,CV001718,0.0,0.0,6.345801e-08
44824,2025-07-24 10:00:00,CV001718,0.0,0.0,6.360597e-08
44825,2025-07-24 10:00:00,CV001718,0.0,0.0,6.375451e-08
44826,2025-07-24 10:30:00,CV001718,0.0,0.0,6.390401e-08
44827,2025-07-24 10:30:00,CV001718,0.0,0.0,6.405326e-08
44828,2025-07-24 11:00:00,CV001718,0.0,0.0,6.420322e-08
44829,2025-07-24 11:00:00,CV001718,0.0,0.0,6.435426e-08
44830,2025-07-24 11:30:00,CV001718,0.0,0.0,6.4506644e-08
44831,2025-07-24 11:30:00,CV001718,0.0,0.0,6.465853e-08
44832,2025-07-24 12:00:00,CV001718,0.0,0.0,6.481127e-08
44833,2025-07-24 12:00:00,CV001718,0.0,0.0,6.496423e-08
44834,2025-07-24 12:30:00,CV001718,0.0,0.0,6.511869e-08
44835,2025-07-24 12:30:00,CV001718,0.0,0.0,6.527313e-08
44836,2025-07-24 13:00:00,CV001718,0.0,0.0,6.542869e-08
44837,2025-07-24 13:00:00,CV001718,0.0,0.0,6.558462e-08
44838,2025-07-24 13:30:00,CV001718,0.0,0.0,6.57408e-08
44839,2025-07-24 13:30:00,CV001718,0.0,0.0,6.5897595e-08
44840,2025-07-24 14:00:00,CV001718,0.0,0.0,6.605565e-08
44841,2025-07-24 14:00:00,CV001718,0.0,0.0,6.6214085e-08
44842,2025-07-24 14:30:00,CV001718,0.0,0.0,6.637252e-08
44843,2025-07-24 14:30:00,CV001718,0.0,0.0,6.653235e-08
44844,2025-07-24 15:00:00,CV001718,0.0,0.0,6.6692564e-08
44845,2025-07-24 15:00:00,CV001718,0.0,0.0,6.685367e-08
44846,2025-07-24 15:30:00,CV001718,0.0,0.0,6.701453e-08
44847,2025-07-24 15:30:00,CV001718,0.0,0.0,6.7176934e-08
44848,2025-07-24 16:00:00,CV001718,0.0,0.0,6.73396e-08
44849,2025-07-24 16:00:00,CV001718,0.0,0.0,6.750292e-08
44850,2025-07-24 16:30:00,CV001718,0.0,0.0,6.766702e-08
44851,2025-07-24 16:30:00,CV001718,0.0,0.0,6.783203e-08
44852,2025-07-24 17:00:00,CV001718,0.0,0.0,6.7997064e-08
44853,2025-07-24 17:00:00,CV001718,0.0,0.0,6.816288e-08
44854,2025-07-24 17:30:00,CV001718,0.0,0.0,6.8329626e-08
44855,2025-07-24 17:30:00,CV001718,0.0,0.0,6.84964e-08
44856,2025-07-24 18:00:00,CV001718,0.0,0.0,6.866461e-08
44857,2025-07-24 18:00:00,CV001718,0.0,0.0,6.883311e-08
44858,2025-07-24 18:30:00,CV001718,0.0,0.0,6.900228e-08
44859,2025-07-24 18:30:00,CV001718,0.0,0.0,6.917228e-08
44860,2025-07-24 19:00:00,CV001718,0.0,0.0,6.934281e-08
44861,2025-07-24 19:00:00,CV001718,0.0,0.0,6.951404e-08
44862,2025-07-24 19:30:00,CV001718,0.0,0.0,6.968542e-08
44863,2025-07-24 19:30:00,CV001718,0.0,0.0,6.985762e-08
44864,2025-07-24 20:00:00,CV001718,0.0,0.0,7.003079e-08
44865,2025-07-24 20:00:00,CV001718,0.0,0.0,7.020478e-08
44866,2025-07-24 20:30:00,CV001718,0.0,0.0,7.037948e-08
44867,2025-07-24 20:30:00,CV001718,0.0,0.0,7.055474e-08
44868,2025-07-24 21:00:00,CV001718,0.0,0.0,7.0730174e-08
44869,2025-07-24 21:00:00,CV001718,0.0,0.0,7.0906715e-08
44870,2025-07-24 21:30:00,CV001718,0.0,0.0,7.108343e-08
44871,2025-07-24 21:30:00,CV001718,0.0,0.0,7.126167e-08
44872,2025-07-24 22:00:00,CV001718,0.0,0.0,7.1440766e-08
44873,2025-07-24 22:00:00,CV001718,0.0,0.0,7.161894e-08
44874,2025-07-24 22:30:00,CV001718,0.0,0.0,7.179866e-08
44875,2025-07-24 22:30:00,CV001718,0.0,0.0,7.197952e-08
44876,2025-07-24 23:00:00,CV001718,0.0,0.0,7.216028e-08
44877,2025-07-24 23:00:00,CV001718,0.0,0.0,7.2342466e-08
44878,2025-07-24 23:30:00,CV001718,0.0,0.0,7.25247e-08
44879,2025-07-24 23:30:00,CV001718,0.0,0.0,7.270863e-08
44880,2025-07-25 00:00:00,CV001718,0.0,0.0,7.2892064e-08
44881,2025-07-25 00:00:00,CV001718,0.0,0.0,7.307637e-08
44882,2025-07-25 00:30:00,CV001718,0.0,0.0,7.326199e-08
44883,2025-07-25 00:30:00,CV001718,0.0,0.0,7.344779e-08
44884,2025-07-25 01:00:00,CV001718,0.0,0.0,7.363491e-08
44885,2025-07-25 01:00:00,CV001718,0.0,0.0,7.3821795e-08
44886,2025-07-25 01:30:00,CV001718,0.0,0.0,7.401001e-08
44887,2025-07-25 01:30:00,CV001718,0.0,0.0,7.4198695e-08
44888,2025-07-25 02:00:00,CV001718,0.0,0.0,7.43883e-08
44889,2025-07-25 02:00:00,CV001718,0.0,0.0,7.4578814e-08
44890,2025-07-25 02:30:00,CV001718,0.0,0.0,7.476938e-08
44891,2025-07-25 02:30:00,CV001718,0.0,0.0,7.496059e-08
44892,2025-07-25 03:00:00,CV001718,0.0,0.0,7.515313e-08
44893,2025-07-25 03:00:00,CV001718,0.0,0.0,7.534646e-08
44894,2025-07-25 03:30:00,CV001718,0.0,0.0,7.5539575e-08
44895,2025-07-25 03:30:00,CV001718,0.0,0.0,7.573476e-08
44896,2025-07-25 04:00:00,CV001718,0.0,0.0,7.5930174e-08
44897,2025-07-25 04:00:00,CV001718,0.0,0.0,7.612551e-08
44898,2025-07-25 04:30:00,CV001718,0.0,0.0,7.632192e-08
44899,2025-07-25 04:30:00,CV001718,0.0,0.0,7.651972e-08
44900,2025-07-25 05:00:00,CV001718,0.0,0.0,7.6717e-08
44901,2025-07-25 05:00:00,CV001718,0.0,0.0,7.691656e-08
44902,2025-07-25 05:30:00,CV001718,0.0,0.0,7.71159e-08
44903,2025-07-25 05:30:00,CV001718,0.0,0.0,7.7315754e-08
44904,2025-07-25 06:00:00,CV001718,0.0,0.0,7.751672e-08
44905,2025-07-25 06:00:00,CV001718,0.0,0.0,7.7718944e-08
44906,2025-07-25 06:30:00,CV001718,0.0,0.0,7.792081e-08
44907,2025-07-25 06:30:00,CV001718,0.0,0.0,7.812394e-08
44908,2025-07-25 07:00:00,CV001718,0.0,0.0,7.832806e-08
44909,2025-07-25 07:00:00,CV001718,0.0,0.0,7.85327e-08
44910,2025-07-25 07:30:00,CV001718,0.0,0.0,7.873863e-08
44911,2025-07-25 07:30:00,CV001718,0.0,0.0,7.8943444e-08
44912,2025-07-25 08:00:00,CV001718,0.0,0.0,7.9151356e-08
44913,2025-07-25 08:00:00,CV001718,0.0,0.0,7.93583e-08
44914,2025-07-25 08:30:00,CV001718,0.0,0.0,7.9566696e-08
44915,2025-07-25 08:30:00,CV001718,0.0,0.0,7.977626e-08
44916,2025-07-25 09:00:00,CV001718,0.0,0.0,7.99853e-08
44917,2025-07-25 09:00:00,CV001718,0.0,0.0,8.019565e-08
44918,2025-07-25 09:30:00,CV001718,0.0,0.0,8.040778e-08
44919,2025-07-25 09:30:00,CV001718,0.0,0.0,8.06197e-08
44920,2025-07-25 10:00:00,CV001718,0.0,0.0,8.0832486e-08
44921,2025-07-25 10:00:00,CV001718,0.0,0.0,8.104677e-08
44922,2025-07-25 10:30:00,CV001718,0.0,0.0,8.126069e-08
44923,2025-07-25 10:30:00,CV001718,0.0,0.0,8.14758e-08
44924,2025-07-25 11:00:00,CV001718,0.0,0.0,8.169193e-08
44925,2025-07-25 11:00:00,CV001718,0.0,0.0,8.190848e-08
44926,2025-07-25 11:30:00,CV001718,0.0,0.0,8.212547e-08
44927,2025-07-25 11:30:00,CV001718,0.0,0.0,8.234443e-08
44928,2025-07-25 12:00:00,CV001718,0.0,0.0,8.25635e-08
44929,2025-07-25 12:00:00,CV001718,0.0,0.0,8.278253e-08
44930,2025-07-25 12:30:00,CV001718,0.0,0.0,8.300371e-08
44931,2025-07-25 12:30:00,CV001718,0.0,0.0,8.322486e-08
44932,2025-07-25 13:00:00,CV001718,0.0,0.0,8.34474e-08
44933,2025-07-25 13:00:00,CV001718,0.0,0.0,8.366989e-08
44934,2025-07-25 13:30:00,CV001718,0.0,0.0,8.389345e-08
44935,2025-07-25 13:30:00,CV001718,0.0,0.0,8.411792e-08
44936,2025-07-25 14:00:00,CV001718,0.0,0.0,8.434365e-08
44937,2025-07-25 14:00:00,CV001718,0.0,0.0,8.4569486e-08
44938,2025-07-25 14:30:00,CV001718,0.0,0.0,8.479675e-08
44939,2025-07-25 14:30:00,CV001718,0.0,0.0,8.502364e-08
44940,2025-07-25 15:00:00,CV001718,0.0,0.0,8.5252125e-08
44941,2025-07-25 15:00:00,CV001718,0.0,0.0,8.548155e-08
44942,2025-07-25 15:30:00,CV001718,0.0,0.0,8.571191e-08
44943,2025-07-25 15:30:00,CV001718,0.0,0.0,8.594224e-08
44944,2025-07-25 16:00:00,CV001718,0.0,0.0,8.617384e-08
44945,2025-07-25 16:00:00,CV001718,0.0,0.0,8.6405414e-08
44946,2025-07-25 16:30:00,CV001718,0.0,0.0,8.663859e-08
44947,2025-07-25 16:30:00,CV001718,0.0,0.0,8.687274e-08
44948,2025-07-25 17:00:00,CV001718,0.0,0.0,8.7107516e-08
44949,2025-07-25 17:00:00,CV001718,0.0,0.0,8.7344596e-08
44950,2025-07-25 17:30:00,CV001718,0.0,0.0,8.758049e-08
44951,2025-07-25 17:30:00,CV001718,0.0,0.0,8.781768e-08
44952,2025-07-25 18:00:00,CV001718,0.0,0.0,8.80545e-08
44953,2025-07-25 18:00:00,CV001718,0.0,0.0,8.829331e-08
44954,2025-07-25 18:30:00,CV001718,0.0,0.0,8.853345e-08
44955,2025-07-25 18:30:00,CV001718,0.0,0.0,8.877407e-08
44956,2025-07-25 19:00:00,CV001718,0.0,0.0,8.901467e-08
44957,2025-07-25 19:00:00,CV001718,0.0,0.0,8.9256766e-08
44958,2025-07-25 19:30:00,CV001718,0.0,0.0,8.9499174e-08
44959,2025-07-25 19:30:00,CV001718,0.0,0.0,8.974311e-08
44960,2025-07-25 20:00:00,CV001718,0.0,0.0,8.998787e-08
44961,2025-07-25 20:00:00,CV001718,0.0,0.0,9.023296e-08
44962,2025-07-25 20:30:00,CV001718,0.0,0.0,9.047924e-08
44963,2025-07-25 20:30:00,CV001718,0.0,0.0,9.072636e-08
44964,2025-07-25 21:00:00,CV001718,0.0,0.0,9.097363e-08
44965,2025-07-25 21:00:00,CV001718,0.0,0.0,9.1222276e-08
44966,2025-07-25 21:30:00,CV001718,0.0,0.0,9.147195e-08
44967,2025-07-25 21:30:00,CV001718,0.0,0.0,9.172213e-08
44968,2025-07-25 22:00:00,CV001718,0.0,0.0,9.1973696e-08
44969,2025-07-25 22:00:00,CV001718,0.0,0.0,9.2224894e-08
44970,2025-07-25 22:30:00,CV001718,0.0,0.0,9.247767e-08
44971,2025-07-25 22:30:00,CV001718,0.0,0.0,9.273166e-08
44972,2025-07-25 23:00:00,CV001718,0.0,0.0,9.298618e-08
44973,2025-07-25 23:00:00,CV001718,0.0,0.0,9.324103e-08
44974,2025-07-25 23:30:00,CV001718,0.0,0.0,9.3497476e-08
44975,2025-07-25 23:30:00,CV001718,0.0,0.0,9.375427e-08
44976,2025-07-26 00:00:00,CV001718,0.0,0.0,9.401159e-08
44977,2025-07-26 00:00:00,CV001718,0.0,0.0,9.4271414e-08
44978,2025-07-26 00:30:00,CV001718,0.0,0.0,9.4530876e-08
44979,2025-07-26 00:30:00,CV001718,0.0,0.0,9.479104e-08
44980,2025-07-26 01:00:00,CV001718,0.0,0.0,9.5052485e-08
44981,2025-07-26 01:00:00,CV001718,0.0,0.0,9.5314824e-08
44982,2025-07-26 01:30:00,CV001718,0.0,0.0,9.5578066e-08
44983,2025-07-26 01:30:00,CV001718,0.0,0.0,9.584203e-08
44984,2025-07-26 02:00:00,CV001718,0.0,0.0,9.6106916e-08
44985,2025-07-26 02:00:00,CV001718,0.0,0.0,9.637198e-08
44986,2025-07-26 02:30:00,CV001718,0.0,0.0,9.66387e-08
44987,2025-07-26 02:30:00,CV001718,0.0,0.0,9.690615e-08
44988,2025-07-26 03:00:00,CV001718,0.0,0.0,9.7174535e-08
44989,2025-07-26 03:00:00,CV001718,0.0,0.0,9.744384e-08
44990,2025-07-26 03:30:00,CV001718,0.0,0.0,9.771427e-08
44991,2025-07-26 03:30:00,CV001718,0.0,0.0,9.7984326e-08
44992,2025-07-26 04:00:00,CV001718,0.0,0.0,9.8257196e-08
44993,2025-07-26 04:00:00,CV001718,0.0,0.0,9.8528936e-08
44994,2025-07-26 04:30:00,CV001718,0.0,0.0,9.8803504e-08
44995,2025-07-26 04:30:00,CV001718,0.0,0.0,9.9077894e-08
44996,2025-07-26 05:00:00,CV001718,0.0,0.0,9.935305e-08
44997,2025-07-26 05:00:00,CV001718,0.0,0.0,9.962897e-08
44998,2025-07-26 05:30:00,CV001718,0.0,0.0,9.990603e-08
44999,2025-07-26 05:30:00,CV001718,0.0,0.0,1.0018368e-07
45000,2025-07-26 06:00:00,CV001718,0.0,0.0,1.0046343e-07
45001,2025-07-26 06:00:00,CV001718,0.0,0.0,1.0074339e-07
45002,2025-07-26 06:30:00,CV001718,0.0,0.0,1.01025876e-07
45003,2025-07-26 06:30:00,CV001718,0.0,0.0,1.0130662e-07
45004,2025-07-26 07:00:00,CV001718,0.0,0.0,1.0158893e-07
45005,2025-07-26 07:00:00,CV001718,0.0,0.0,1.0187281e-07
45006,2025-07-26 07:30:00,CV001718,0.0,0.0,1.0215748e-07
45007,2025-07-26 07:30:00,CV001718,0.0,0.0,1.0244255e-07
45008,2025-07-26 08:00:00,CV001718,0.0,0.0,1.0272881e-07
45009,2025-07-26 08:00:00,CV001718,0.0,0.0,1.0301588e-07
45010,2025-07-26 08:30:00,CV001718,0.0,0.0,1.0330453e-07
45011,2025-07-26 08:30:00,CV001718,0.0,0.0,1.03592996e-07
45012,2025-07-26 09:00:00,CV001718,0.0,0.0,1.0388307e-07
45013,2025-07-26 09:00:00,CV001718,0.0,0.0,1.0417494e-07
45014,2025-07-26 09:30:00,CV001718,0.0,0.0,1.0446644e-07
45015,2025-07-26 09:30:00,CV001718,0.0,0.0,1.0475915e-07
45016,2025-07-26 10:00:00,CV001718,0.0,0.0,1.05052884e-07
45017,2025-07-26 10:00:00,CV001718,0.0,0.0,1.05347844e-07
45018,2025-07-26 10:30:00,CV001718,0.0,0.0,1.05644034e-07
45019,2025-07-26 10:30:00,CV001718,0.0,0.0,1.0594086e-07
45020,2025-07-26 11:00:00,CV001718,0.0,0.0,1.0623791e-07
45021,2025-07-26 11:00:00,CV001718,0.0,0.0,1.06536e-07
45022,2025-07-26 11:30:00,CV001718,0.0,0.0,1.0683492e-07
45023,2025-07-26 11:30:00,CV001718,0.0,0.0,1.0713611e-07
45024,2025-07-26 12:00:00,CV001718,0.0,0.0,1.07437124e-07
45025,2025-07-26 12:00:00,CV001718,0.0,0.0,1.0773939e-07
45026,2025-07-26 12:30:00,CV001718,0.0,0.0,1.0804334e-07
45027,2025-07-26 12:30:00,CV001718,0.0,0.0,1.0834753e-07
45028,2025-07-26 13:00:00,CV001718,0.0,0.0,1.08652564e-07
45029,2025-07-26 13:00:00,CV001718,0.0,0.0,1.0895867e-07
45030,2025-07-26 13:30:00,CV001718,0.0,0.0,1.0926522e-07
45031,2025-07-26 13:30:00,CV001718,0.0,0.0,1.0957431e-07
45032,2025-07-26 14:00:00,CV001718,0.0,0.0,1.0988301e-07
45033,2025-07-26 14:00:00,CV001718,0.0,0.0,1.1019322e-07
45034,2025-07-26 14:30:00,CV001718,0.0,0.0,1.1050472e-07
45035,2025-07-26 14:30:00,CV001718,0.0,0.0,1.1081668e-07
45036,2025-07-26 15:00:00,CV001718,0.0,0.0,1.1112994e-07
45037,2025-07-26 15:00:00,CV001718,0.0,0.0,1.1144388e-07
45038,2025-07-26 15:30:00,CV001718,0.0,0.0,1.1175977e-07
45039,2025-07-26 15:30:00,CV001718,0.0,0.0,1.1207528e-07
45040,2025-07-26 16:00:00,CV001718,0.0,0.0,1.1239188e-07
45041,2025-07-26 16:00:00,CV001718,0.0,0.0,1.1271024e-07
45042,2025-07-26 16:30:00,CV001718,0.0,0.0,1.130295e-07
45043,2025-07-26 16:30:00,CV001718,0.0,0.0,1.1334816e-07
45044,2025-07-26 17:00:00,CV001718,0.0,0.0,1.1366879e-07
45045,2025-07-26 17:00:00,CV001718,0.0,0.0,1.1399143e-07
45046,2025-07-26 17:30:00,CV001718,0.0,0.0,1.1431475e-07
45047,2025-07-26 17:30:00,CV001718,0.0,0.0,1.14640095e-07
45048,2025-07-26 18:00:00,CV001718,0.0,0.0,1.1496461e-07
45049,2025-07-26 18:00:00,CV001718,0.0,0.0,1.1529069e-07
45050,2025-07-26 18:30:00,CV001718,0.0,0.0,1.1561727e-07
45051,2025-07-26 18:30:00,CV001718,0.0,0.0,1.1594542e-07
45052,2025-07-26 19:00:00,CV001718,0.0,0.0,1.1627452e-07
45053,2025-07-26 19:00:00,CV001718,0.0,0.0,1.1660476e-07
45054,2025-07-26 19:30:00,CV001718,0.0,0.0,1.1693595e-07
45055,2025-07-26 19:30:00,CV001718,0.0,0.0,1.1726809e-07
45056,2025-07-26 20:00:00,CV001718,0.0,0.0,1.1760204e-07
45057,2025-07-26 20:00:00,CV001718,0.0,0.0,1.1793562e-07
45058,2025-07-26 20:30:00,CV001718,0.0,0.0,1.1827059e-07
45059,2025-07-26 20:30:00,CV001718,0.0,0.0,1.1860718e-07
45060,2025-07-26 21:00:00,CV001718,0.0,0.0,1.1894338e-07
45061,2025-07-26 21:00:00,CV001718,0.0,0.0,1.1928188e-07
45062,2025-07-26 21:30:00,CV001718,0.0,0.0,1.1962182e-07
45063,2025-07-26 21:30:00,CV001718,0.0,0.0,1.1996202e-07
45064,2025-07-26 22:00:00,CV001718,0.0,0.0,1.2030344e-07
45065,2025-07-26 22:00:00,CV001718,0.0,0.0,1.2064605e-07
45066,2025-07-26 22:30:00,CV001718,0.0,0.0,1.209901e-07
45067,2025-07-26 22:30:00,CV001718,0.0,0.0,1.2133444e-07
45068,2025-07-26 23:00:00,CV001718,0.0,0.0,1.2168022e-07
45069,2025-07-26 23:00:00,CV001718,0.0,0.0,1.2202652e-07
45070,2025-07-26 23:30:00,CV001718,0.0,0.0,1.2237497e-07
45071,2025-07-26 23:30:00,CV001718,0.0,0.0,1.2272349e-07
45072,2025-07-27 00:00:00,CV001718,0.0,0.0,1.2307275e-07
45073,2025-07-27 00:00:00,CV001718,0.0,0.0,1.2342396e-07
45074,2025-07-27 00:30:00,CV001718,0.0,0.0,1.2377569e-07
45075,2025-07-27 00:30:00,CV001718,0.0,0.0,1.241301e-07
45076,2025-07-27 01:00:00,CV001718,0.0,0.0,1.244829e-07
45077,2025-07-27 01:00:00,CV001718,0.0,0.0,1.2483883e-07
45078,2025-07-27 01:30:00,CV001718,0.0,0.0,1.2519556e-07
45079,2025-07-27 01:30:00,CV001718,0.0,0.0,1.2555235e-07
45080,2025-07-27 02:00:00,CV001718,0.0,0.0,1.259111e-07
45081,2025-07-27 02:00:00,CV001718,0.0,0.0,1.2627089e-07
45082,2025-07-27 02:30:00,CV001718,0.0,0.0,1.2663124e-07
45083,2025-07-27 02:30:00,CV001718,0.0,0.0,1.2699307e-07
45084,2025-07-27 03:00:00,CV001718,0.0,0.0,1.2735545e-07
45085,2025-07-27 03:00:00,CV001718,0.0,0.0,1.2772034e-07
45086,2025-07-27 03:30:00,CV001718,0.0,0.0,1.2808432e-07
45087,2025-07-27 03:30:00,CV001718,0.0,0.0,1.2844983e-07
45088,2025-07-27 04:00:00,CV001718,0.0,0.0,1.2881713e-07
45089,2025-07-27 04:00:00,CV001718,0.0,0.0,1.2918595e-07
45090,2025-07-27 04:30:00,CV001718,0.0,0.0,1.2955658e-07
45091,2025-07-27 04:30:00,CV001718,0.0,0.0,1.2992703e-07
45092,2025-07-27 05:00:00,CV001718,0.0,0.0,1.3029681e-07
45093,2025-07-27 05:00:00,CV001718,0.0,0.0,1.3066962e-07
45094,2025-07-27 05:30:00,CV001718,0.0,0.0,1.310435e-07
45095,2025-07-27 05:30:00,CV001718,0.0,0.0,1.3141945e-07
45096,2025-07-27 06:00:00,CV001718,0.0,0.0,1.31796e-07
45097,2025-07-27 06:00:00,CV001718,0.0,0.0,1.3217335e-07
45098,2025-07-27 06:30:00,CV001718,0.0,0.0,1.3255078e-07
45099,2025-07-27 06:30:00,CV001718,0.0,0.0,1.3293031e-07
45100,2025-07-27 07:00:00,CV001718,0.0,0.0,1.333109e-07
45101,2025-07-27 07:00:00,CV001718,0.0,0.0,1.3369261e-07
45102,2025-07-27 07:30:00,CV001718,0.0,0.0,1.3407592e-07
45103,2025-07-27 07:30:00,CV001718,0.0,0.0,1.3445903e-07
45104,2025-07-27 08:00:00,CV001718,0.0,0.0,1.3484427e-07
45105,2025-07-27 08:00:00,CV001718,0.0,0.0,1.3523035e-07
45106,2025-07-27 08:30:00,CV001718,0.0,0.0,1.3561755e-07
45107,2025-07-27 08:30:00,CV001718,0.0,0.0,1.3600793e-07
45108,2025-07-27 09:00:00,CV001718,0.0,0.0,1.3639655e-07
45109,2025-07-27 09:00:00,CV001718,0.0,0.0,1.3678762e-07
45110,2025-07-27 09:30:00,CV001718,0.0,0.0,1.3717954e-07
45111,2025-07-27 09:30:00,CV001718,0.0,0.0,1.3757256e-07
45112,2025-07-27 10:00:00,CV001718,0.0,0.0,1.379662e-07
45113,2025-07-27 10:00:00,CV001718,0.0,0.0,1.3836096e-07
45114,2025-07-27 10:30:00,CV001718,0.0,0.0,1.3875818e-07
45115,2025-07-27 10:30:00,CV001718,0.0,0.0,1.3915653e-07
45116,2025-07-27 11:00:00,CV001718,0.0,0.0,1.3955496e-07
45117,2025-07-27 11:00:00,CV001718,0.0,0.0,1.3995454e-07
45118,2025-07-27 11:30:00,CV001718,0.0,0.0,1.4035687e-07
45119,2025-07-27 11:30:00,CV001718,0.0,0.0,1.40759e-07
45120,2025-07-27 12:00:00,CV001718,0.0,0.0,1.4116337e-07
45121,2025-07-27 12:00:00,CV001718,0.0,0.0,1.4156647e-07
45122,2025-07-27 12:30:00,CV001718,0.0,0.0,1.4197289e-07
45123,2025-07-27 12:30:00,CV001718,0.0,0.0,1.4237911e-07
45124,2025-07-27 13:00:00,CV001718,0.0,0.0,1.4278814e-07
45125,2025-07-27 13:00:00,CV001718,0.0,0.0,1.4319697e-07
45126,2025-07-27 13:30:00,CV001718,0.0,0.0,1.4360751e-07
45127,2025-07-27 13:30:00,CV001718,0.0,0.0,1.4402035e-07
45128,2025-07-27 14:00:00,CV001718,0.0,0.0,1.4443215e-07
45129,2025-07-27 14:00:00,CV001718,0.0,0.0,1.4484708e-07
45130,2025-07-27 14:30:00,CV001718,0.0,0.0,1.4526292e-07
45131,2025-07-27 14:30:00,CV001718,0.0,0.0,1.456794e-07
45132,2025-07-27 15:00:00,CV001718,0.0,0.0,1.4609621e-07
45133,2025-07-27 15:00:00,CV001718,0.0,0.0,1.4651563e-07
45134,2025-07-27 15:30:00,CV001718,0.0,0.0,1.469357e-07
45135,2025-07-27 15:30:00,CV001718,0.0,0.0,1.473567e-07
45136,2025-07-27 16:00:00,CV001718,0.0,0.0,1.4777974e-07
45137,2025-07-27 16:00:00,CV001718,0.0,0.0,1.4820341e-07
45138,2025-07-27 16:30:00,CV001718,0.0,0.0,1.486286e-07
45139,2025-07-27 16:30:00,CV001718,0.0,0.0,1.4905473e-07
45140,2025-07-27 17:00:00,CV001718,0.0,0.0,1.4948237e-07
45141,2025-07-27 17:00:00,CV001718,0.0,0.0,1.4991123e-07
45142,2025-07-27 17:30:00,CV001718,0.0,0.0,1.5034044e-07
45143,2025-07-27 17:30:00,CV001718,0.0,0.0,1.5077119e-07
45144,2025-07-27 18:00:00,CV001718,0.0,0.0,1.5120318e-07
45145,2025-07-27 18:00:00,CV001718,0.0,0.0,1.5163783e-07
45146,2025-07-27 18:30:00,CV001718,0.0,0.0,1.5207142e-07
45147,2025-07-27 18:30:00,CV001718,0.0,0.0,1.5250741e-07
45148,2025-07-27 19:00:00,CV001718,0.0,0.0,1.5294437e-07
45149,2025-07-27 19:00:00,CV001718,0.0,0.0,1.5338286e-07
45150,2025-07-27 19:30:00,CV001718,0.0,0.0,1.5382349e-07
45151,2025-07-27 19:30:00,CV001718,0.0,0.0,1.5426393e-07
45152,2025-07-27 20:00:00,CV001718,0.0,0.0,1.5470592e-07
45153,2025-07-27 20:00:00,CV001718,0.0,0.0,1.5515005e-07
45154,2025-07-27 20:30:00,CV001718,0.0,0.0,1.5559309e-07
45155,2025-07-27 20:30:00,CV001718,0.0,0.0,1.5604007e-07
45156,2025-07-27 21:00:00,CV001718,0.0,0.0,1.5648713e-07
45157,2025-07-27 21:00:00,CV001718,0.0,0.0,1.569352e-07
45158,2025-07-27 21:30:00,CV001718,0.0,0.0,1.5738485e-07
45159,2025-07-27 21:30:00,CV001718,0.0,0.0,1.5783607e-07
45160,2025-07-27 22:00:00,CV001718,0.0,0.0,1.5828827e-07
45161,2025-07-27 22:00:00,CV001718,0.0,0.0,1.5874119e-07
45162,2025-07-27 22:30:00,CV001718,0.0,0.0,1.591963e-07
45163,2025-07-27 22:30:00,CV001718,0.0,0.0,1.5965273e-07
45164,2025-07-27 23:00:00,CV001718,0.0,0.0,1.6011198e-07
45165,2025-07-27 23:00:00,CV001718,0.0,0.0,1.6056859e-07
45166,2025-07-27 23:30:00,CV001718,0.0,0.0,1.6102803e-07
45167,2025-07-27 23:30:00,CV001718,0.0,0.0,1.614903e-07
45168,2025-07-28 00:00:00,CV001718,0.0,0.0,1.6195237e-07
45169,2025-07-28 00:00:00,CV001718,0.0,0.0,1.6241577e-07
45170,2025-07-28 00:30:00,CV001718,0.0,0.0,1.6288112e-07
45171,2025-07-28 00:30:00,CV001718,0.0,0.0,1.6334684e-07
45172,2025-07-28 01:00:00,CV001718,0.0,0.0,1.6381517e-07
45173,2025-07-28 01:00:00,CV001718,0.0,0.0,1.6428326e-07
45174,2025-07-28 01:30:00,CV001718,0.0,0.0,1.6475396e-07
45175,2025-07-28 01:30:00,CV001718,0.0,0.0,1.6522505e-07
45176,2025-07-28 02:00:00,CV001718,0.0,0.0,1.6569717e-07
45177,2025-07-28 02:00:00,CV001718,0.0,0.0,1.6617001e-07
45178,2025-07-28 02:30:00,CV001718,0.0,0.0,1.6664579e-07
45179,2025-07-28 02:30:00,CV001718,0.0,0.0,1.6712293e-07
45180,2025-07-28 03:00:00,CV001718,0.0,0.0,1.676008e-07
45181,2025-07-28 03:00:00,CV001718,0.0,0.0,1.6807908e-07
45182,2025-07-28 03:30:00,CV001718,0.0,0.0,1.6855904e-07
45183,2025-07-28 03:30:00,CV001718,0.0,0.0,1.6904198e-07
45184,2025-07-28 04:00:00,CV001718,0.0,0.0,1.6952566e-07
45185,2025-07-28 04:00:00,CV001718,0.0,0.0,1.7000943e-07
45186,2025-07-28 04:30:00,CV001718,0.0,0.0,1.7049426e-07
45187,2025-07-28 04:30:00,CV001718,0.0,0.0,1.7098242e-07
45188,2025-07-28 05:00:00,CV001718,0.0,0.0,1.7147e-07
45189,2025-07-28 05:00:00,CV001718,0.0,0.0,1.7195866e-07
45190,2025-07-28 05:30:00,CV001718,0.0,0.0,1.7245102e-07
45191,2025-07-28 05:30:00,CV001718,0.0,0.0,1.7294346e-07
45192,2025-07-28 06:00:00,CV001718,0.0,0.0,1.7343665e-07
45193,2025-07-28 06:00:00,CV001718,0.0,0.0,1.7393157e-07
45194,2025-07-28 06:30:00,CV001718,0.0,0.0,1.7442791e-07
45195,2025-07-28 06:30:00,CV001718,0.0,0.0,1.7492667e-07
45196,2025-07-28 07:00:00,CV001718,0.0,0.0,1.7542618e-07
45197,2025-07-28 07:00:00,CV001718,0.0,0.0,1.759261e-07
45198,2025-07-28 07:30:00,CV001718,0.0,0.0,1.7642746e-07
45199,2025-07-28 07:30:00,CV001718,0.0,0.0,1.7693195e-07
45200,2025-07-28 08:00:00,CV001718,0.0,0.0,1.7743447e-07
45201,2025-07-28 08:00:00,CV001718,0.0,0.0,1.7794183e-07
45202,2025-07-28 08:30:00,CV001718,0.0,0.0,1.7844927e-07
45203,2025-07-28 08:30:00,CV001718,0.0,0.0,1.7895816e-07
45204,2025-07-28 09:00:00,CV001718,0.0,0.0,1.794661e-07
45205,2025-07-28 09:00:00,CV001718,0.0,0.0,1.7997652e-07
45206,2025-07-28 09:30:00,CV001718,0.0,0.0,1.804901e-07
45207,2025-07-28 09:30:00,CV001718,0.0,0.0,1.810055e-07
45208,2025-07-28 10:00:00,CV001718,0.0,0.0,1.8151891e-07
45209,2025-07-28 10:00:00,CV001718,0.0,0.0,1.8203517e-07
45210,2025-07-28 10:30:00,CV001718,0.0,0.0,1.8255218e-07
45211,2025-07-28 10:30:00,CV001718,0.0,0.0,1.8307209e-07
45212,2025-07-28 11:00:00,CV001718,0.0,0.0,1.8359206e-07
45213,2025-07-28 11:00:00,CV001718,0.0,0.0,1.8411491e-07
45214,2025-07-28 11:30:00,CV001718,0.0,0.0,1.846389e-07
45215,2025-07-28 11:30:00,CV001718,0.0,0.0,1.8516474e-07
45216,2025-07-28 12:00:00,CV001718,0.0,0.0,1.8568923e-07
45217,2025-07-28 12:00:00,CV001718,0.0,0.0,1.862184e-07
45218,2025-07-28 12:30:00,CV001718,0.0,0.0,1.8674696e-07
45219,2025-07-28 12:30:00,CV001718,0.0,0.0,1.8727559e-07
45220,2025-07-28 13:00:00,CV001718,0.0,0.0,1.8781037e-07
45221,2025-07-28 13:00:00,CV001718,0.0,0.0,1.8834163e-07
45222,2025-07-28 13:30:00,CV001718,0.0,0.0,0.000996965
45223,2025-07-28 13:30:00,CV001718,0.0,0.0,0.0013608112
45224,2025-07-28 14:00:00,CV001718,0.0,0.0,0.0016806897
45225,2025-07-28 14:00:00,CV001718,0.0,0.0,0.0020138174
45226,2025-07-28 14:30:00,CV001718,0.0,0.0,0.0023852976
45227,2025-07-28 14:30:00,CV001718,0.0,0.0,0.002801128
45228,2025-07-28 15:00:00,CV001718,0.0,0.0,0.0032578933
45229,2025-07-28 15:00:00,CV001718,0.0,0.0,0.003748318
45230,2025-07-28 15:30:00,CV001718,0.0,0.0,0.004263931
45231,2025-07-28 15:30:00,CV001718,0.0,0.0,0.004796096
45232,2025-07-28 16:00:00,CV001718,0.0,0.0,0.0053366288
45233,2025-07-28 16:00:00,CV001718,0.0,0.0,0.0058774655
45234,2025-07-28 16:30:00,CV001718,0.0,0.0,0.006410483
45235,2025-07-28 16:30:00,CV001718,0.0,0.0,0.0069286753
45236,2025-07-28 17:00:00,CV001718,0.0,0.0,0.007426109
45237,2025-07-28 17:00:00,CV001718,0.0,0.0,0.007897386
45238,2025-07-28 17:30:00,CV001718,0.0,0.0,0.008337805
45239,2025-07-28 17:30:00,CV001718,0.0,0.0,0.008743504
45240,2025-07-28 18:00:00,CV001718,0.0,0.0,0.00911085
45241,2025-07-28 18:00:00,CV001718,0.0,0.0,0.009437391
45242,2025-07-28 18:30:00,CV001718,0.0,0.0,0.009721354
45243,2025-07-28 18:30:00,CV001718,0.0,0.0,0.009961677
45244,2025-07-28 19:00:00,CV001718,0.0,0.0,0.010157983
45245,2025-07-28 19:00:00,CV001718,0.0,0.0,0.010310496
45246,2025-07-28 19:30:00,CV001718,0.0,0.0,0.010419848
45247,2025-07-28 19:30:00,CV001718,0.0,0.0,0.010487435
45248,2025-07-28 20:00:00,CV001718,0.0,0.0,0.010514832
45249,2025-07-28 20:00:00,CV001718,0.0,0.0,0.010503975
45250,2025-07-28 20:30:00,CV001718,0.0,0.0,0.010457154
45251,2025-07-28 20:30:00,CV001718,0.0,0.0,0.010376697
45252,2025-07-28 21:00:00,CV001718,0.0,0.0,0.010265478
45253,2025-07-28 21:00:00,CV001718,0.0,0.0,0.01012599
45254,2025-07-28 21:30:00,CV001718,0.0,0.0,0.009961006
45255,2025-07-28 21:30:00,CV001718,0.0,0.0,0.009773301
45256,2025-07-28 22:00:00,CV001718,0.0,0.0,0.009565595
45257,2025-07-28 22:00:00,CV001718,0.0,0.0,0.009340594
45258,2025-07-28 22:30:00,CV001718,0.0,0.0,0.009100861
45259,2025-07-28 22:30:00,CV001718,0.0,0.0,0.00884877
45260,2025-07-28 23:00:00,CV001718,0.0,0.0,0.008586732
45261,2025-07-28 23:00:00,CV001718,0.0,0.0,0.008316878
45262,2025-07-28 23:30:00,CV001718,0.0,0.0,0.008041207
45263,2025-07-28 23:30:00,CV001718,0.0,0.0,0.007761737
45264,2025-07-29 00:00:00,CV001718,0.0,0.0,0.007480052
45265,2025-07-29 00:00:00,CV001718,0.0,0.0,0.007197799
45266,2025-07-29 00:30:00,CV001718,0.0,0.0,0.0069163432
45267,2025-07-29 00:30:00,CV001718,0.0,0.0,0.0066369893
45268,2025-07-29 01:00:00,CV001718,0.0,0.0,0.006360809
45269,2025-07-29 01:00:00,CV001718,0.0,0.0,0.006088796
45270,2025-07-29 01:30:00,CV001718,0.0,0.0,0.0058217845
45271,2025-07-29 01:30:00,CV001718,0.0,0.0,0.0055605075
45272,2025-07-29 02:00:00,CV001718,0.0,0.0,0.0053056143
45273,2025-07-29 02:00:00,CV001718,0.0,0.0,0.0050575263
45274,2025-07-29 02:30:00,CV001718,0.0,0.0,0.0048167007
45275,2025-07-29 02:30:00,CV001718,0.0,0.0,0.0045834533
45276,2025-07-29 03:00:00,CV001718,0.0,0.0,0.004358008
45277,2025-07-29 03:00:00,CV001718,0.0,0.0,0.004140546
45278,2025-07-29 03:30:00,CV001718,0.0,0.0,0.003931137
45279,2025-07-29 03:30:00,CV001718,0.0,0.0,0.0037298705
45280,2025-07-29 04:00:00,CV001718,0.0,0.0,0.0035366868
45281,2025-07-29 04:00:00,CV001718,0.0,0.0,0.0033515606
45282,2025-07-29 04:30:00,CV001718,0.0,0.0,0.0031744028
45283,2025-07-29 04:30:00,CV001718,0.0,0.0,0.0030050885
45284,2025-07-29 05:00:00,CV001718,0.0,0.0,0.00284344
45285,2025-07-29 05:00:00,CV001718,0.0,0.0,0.002689325
45286,2025-07-29 05:30:00,CV001718,0.0,0.0,0.0025425053
45287,2025-07-29 05:30:00,CV001718,0.0,0.0,0.0024028188
45288,2025-07-29 06:00:00,CV001718,0.0,0.0,0.0022699991
45289,2025-07-29 06:00:00,CV001718,0.0,0.0,0.00214383
45290,2025-07-29 06:30:00,CV001718,0.0,0.0,0.0020240897
45291,2025-07-29 06:30:00,CV001718,0.0,0.0,0.0019105186
45292,2025-07-29 07:00:00,CV001718,0.0,0.0,0.0018028863
45293,2025-07-29 07:00:00,CV001718,0.0,0.0,0.001700939
45294,2025-07-29 07:30:00,CV001718,0.0,0.0,0.001604439
45295,2025-07-29 07:30:00,CV001718,0.0,0.0,0.0015131559
45296,2025-07-29 08:00:00,CV001718,0.0,0.0,0.001426849
45297,2025-07-29 08:00:00,CV001718,0.0,0.0,0.0013452751
45298,2025-07-29 08:30:00,CV001718,0.0,0.0,0.0012682208
45299,2025-07-29 08:30:00,CV001718,0.0,0.0,0.0011954558
45300,2025-07-29 09:00:00,CV001718,0.0,0.0,0.0011267847
45301,2025-07-29 09:00:00,CV001718,0.0,0.0,0.0010619849
45302,2025-07-29 09:30:00,CV001718,0.0,0.0,0.0010008645
45303,2025-07-29 09:30:00,CV001718,0.0,0.0,0.0009432314
45304,2025-07-29 10:00:00,CV001718,0.0,0.0,0.0008889078
45305,2025-07-29 10:00:00,CV001718,0.0,0.0,0.00083770044
45306,2025-07-29 10:30:00,CV001718,0.0,0.0,0.00078945566
45307,2025-07-29 10:30:00,CV001718,0.0,0.0,0.00074400584
45308,2025-07-29 11:00:00,CV001718,0.0,0.0,0.0007011994
45309,2025-07-29 11:00:00,CV001718,0.0,0.0,0.0006608861
45310,2025-07-29 11:30:00,CV001718,0.0,0.0,0.0006229285
45311,2025-07-29 11:30:00,CV001718,0.0,0.0,0.0005871903
45312,2025-07-29 12:00:00,CV001718,0.0,0.0,0.000553547
45313,2025-07-29 12:00:00,CV001718,0.0,0.0,0.0005218786
45314,2025-07-29 12:30:00,CV001718,0.0,0.0,0.0004920691
45315,2025-07-29 12:30:00,CV001718,0.0,0.0,0.00046401413
45316,2025-07-29 13:00:00,CV001718,0.0,0.0,0.00043760863
45317,2025-07-29 13:00:00,CV001718,0.0,0.0,0.00041275975
45318,2025-07-29 13:30:00,CV001718,0.0,0.0,0.0003893728
45319,2025-07-29 13:30:00,CV001718,0.0,0.0,0.000367361
45320,2025-07-29 14:00:00,CV001718,0.0,0.0,0.0003466461
45321,2025-07-29 14:00:00,CV001718,0.0,0.0,0.00032714912
45322,2025-07-29 14:30:00,CV001718,0.0,0.0,0.00030879935
45323,2025-07-29 14:30:00,CV001718,0.0,0.0,0.0002915262
45324,2025-07-29 15:00:00,CV001718,0.0,0.0,0.00027526714
45325,2025-07-29 15:00:00,CV001718,0.0,0.0,0.00025996187
45326,2025-07-29 15:30:00,CV001718,0.0,0.0,0.00024555338
45327,2025-07-29 15:30:00,CV001718,0.0,0.0,0.00023198585
45328,2025-07-29 16:00:00,CV001718,0.0,0.0,0.00021921222
45329,2025-07-29 16:00:00,CV001718,0.0,0.0,0.00020718154
45330,2025-07-29 16:30:00,CV001718,0.0,0.0,0.0001958518
45331,2025-07-29 16:30:00,CV001718,0.0,0.0,0.00018517984
45332,2025-07-29 17:00:00,CV001718,0.0,0.0,0.00017512712
45333,2025-07-29 17:00:00,CV001718,0.0,0.0,0.00016565369
45334,2025-07-29 17:30:00,CV001718,0.0,0.0,0.00015672813
45335,2025-07-29 17:30:00,CV001718,0.0,0.0,0.00014831653
45336,2025-07-29 18:00:00,CV001718,0.0,0.0,0.0001403874
45337,2025-07-29 18:00:00,CV001718,0.0,0.0,0.0001329123
45338,2025-07-29 18:30:00,CV001718,0.0,0.0,0.00012586522
45339,2025-07-29 18:30:00,CV001718,0.0,0.0,0.00011921856
45340,2025-07-29 19:00:00,CV001718,0.0,0.0,0.000112949594
45341,2025-07-29 19:00:00,CV001718,0.0,0.0,0.00010703618
45342,2025-07-29 19:30:00,CV001718,0.0,0.0,0.00010145644
45343,2025-07-29 19:30:00,CV001718,0.0,0.0,9.619057e-05
45344,2025-07-29 20:00:00,CV001718,0.0,0.0,9.122086e-05
45345,2025-07-29 20:00:00,CV001718,0.0,0.0,8.652855e-05
45346,2025-07-29 20:30:00,CV001718,0.0,0.0,8.209803e-05
45347,2025-07-29 20:30:00,CV001718,0.0,0.0,7.791373e-05
45348,2025-07-29 21:00:00,CV001718,0.0,0.0,7.3961106e-05
45349,2025-07-29 21:00:00,CV001718,0.0,0.0,7.0227e-05
45350,2025-07-29 21:30:00,CV001718,0.0,0.0,6.669807e-05
45351,2025-07-29 21:30:00,CV001718,0.0,0.0,6.336242e-05
45352,2025-07-29 22:00:00,CV001718,0.0,0.0,6.020944e-05
45353,2025-07-29 22:00:00,CV001718,0.0,0.0,5.722769e-05
45354,2025-07-29 22:30:00,CV001718,0.0,0.0,5.4407305e-05
45355,2025-07-29 22:30:00,CV001718,0.0,0.0,5.1739527e-05
45356,2025-07-29 23:00:00,CV001718,0.0,0.0,4.9215178e-05
45357,2025-07-29 23:00:00,CV001718,0.0,0.0,4.682614e-05
45358,2025-07-29 23:30:00,CV001718,0.0,0.0,4.456458e-05
45359,2025-07-29 23:30:00,CV001718,0.0,0.0,4.2423246e-05
45360,2025-07-30 00:00:00,CV001718,0.0,0.0,4.0395204e-05
45361,2025-07-30 00:00:00,CV001718,0.0,0.0,3.847409e-05
45362,2025-07-30 00:30:00,CV001718,0.0,0.0,3.665384e-05
45363,2025-07-30 00:30:00,CV001718,0.0,0.0,3.492877e-05
45364,2025-07-30 01:00:00,CV001718,0.0,0.0,3.329346e-05
45365,2025-07-30 01:00:00,CV001718,0.0,0.0,3.1743122e-05
45366,2025-07-30 01:30:00,CV001718,0.0,0.0,3.0272598e-05
45367,2025-07-30 01:30:00,CV001718,0.0,0.0,2.8877852e-05
45368,2025-07-30 02:00:00,CV001718,0.0,0.0,2.7554326e-05
45369,2025-07-30 02:00:00,CV001718,0.0,0.0,2.6298281e-05
45370,2025-07-30 02:30:00,CV001718,0.0,0.0,2.5106028e-05
45371,2025-07-30 02:30:00,CV001718,0.0,0.0,2.3973882e-05
45372,2025-07-30 03:00:00,CV001718,0.0,0.0,2.2898686e-05
45373,2025-07-30 03:00:00,CV001718,0.0,0.0,2.1877404e-05
45374,2025-07-30 03:30:00,CV001718,0.0,0.0,2.0907035e-05
45375,2025-07-30 03:30:00,CV001718,0.0,0.0,1.9984658e-05
45376,2025-07-30 04:00:00,CV001718,0.0,0.0,1.910788e-05
45377,2025-07-30 04:00:00,CV001718,0.0,0.0,1.8274146e-05
45378,2025-07-30 04:30:00,CV001718,0.0,0.0,1.748131e-05
45379,2025-07-30 04:30:00,CV001718,0.0,0.0,1.6727048e-05
45380,2025-07-30 05:00:00,CV001718,0.0,0.0,1.6009271e-05
45381,2025-07-30 05:00:00,CV001718,0.0,0.0,1.532621e-05
45382,2025-07-30 05:30:00,CV001718,0.0,0.0,1.4675946e-05
45383,2025-07-30 05:30:00,CV001718,0.0,0.0,1.405666e-05
45384,2025-07-30 06:00:00,CV001718,0.0,0.0,1.3466962e-05
45385,2025-07-30 06:00:00,CV001718,0.0,0.0,1.290513e-05
45386,2025-07-30 06:30:00,CV001718,0.0,0.0,1.236979e-05
45387,2025-07-30 06:30:00,CV001718,0.0,0.0,1.1859507e-05
45388,2025-07-30 07:00:00,CV001718,0.0,0.0,1.1373051e-05
45389,2025-07-30 07:00:00,CV001718,0.0,0.0,1.0909274e-05
45390,2025-07-30 07:30:00,CV001718,0.0,0.0,1.0466764e-05
45391,2025-07-30 07:30:00,CV001718,0.0,0.0,1.0044771e-05
45392,2025-07-30 08:00:00,CV001718,0.0,0.0,9.642054e-06
45393,2025-07-30 08:00:00,CV001718,0.0,0.0,9.257697e-06
45394,2025-07-30 08:30:00,CV001718,0.0,0.0,8.890714e-06
45395,2025-07-30 08:30:00,CV001718,0.0,0.0,8.540321e-06
45396,2025-07-30 09:00:00,CV001718,0.0,0.0,8.205679e-06
45397,2025-07-30 09:00:00,CV001718,0.0,0.0,7.886149e-06
45398,2025-07-30 09:30:00,CV001718,0.0,0.0,7.581187e-06
45399,2025-07-30 09:30:00,CV001718,0.0,0.0,7.2899516e-06
45400,2025-07-30 10:00:00,CV001718,0.0,0.0,7.011802e-06
45401,2025-07-30 10:00:00,CV001718,0.0,0.0,6.746015e-06
45402,2025-07-30 10:30:00,CV001718,0.0,0.0,6.4920246e-06
45403,2025-07-30 10:30:00,CV001718,0.0,0.0,6.2491927e-06
45404,2025-07-30 11:00:00,CV001718,0.0,0.0,6.017005e-06
45405,2025-07-30 11:00:00,CV001718,0.0,0.0,5.7949696e-06
45406,2025-07-30 11:30:00,CV001718,0.0,0.0,5.5825326e-06
45407,2025-07-30 11:30:00,CV001718,0.0,0.0,5.3792423e-06
45408,2025-07-30 12:00:00,CV001718,0.0,0.0,5.1846205e-06
45409,2025-07-30 12:00:00,CV001718,0.0,0.0,4.998323e-06
45410,2025-07-30 12:30:00,CV001718,0.0,0.0,4.819891e-06
45411,2025-07-30 12:30:00,CV001718,0.0,0.0,4.648968e-06
45412,2025-07-30 13:00:00,CV001718,0.0,0.0,4.485214e-06
45413,2025-07-30 13:00:00,CV001718,0.0,0.0,4.328231e-06
45414,2025-07-30 13:30:00,CV001718,0.0,0.0,4.1777507e-06
45415,2025-07-30 13:30:00,CV001718,0.0,0.0,4.033494e-06
45416,2025-07-30 14:00:00,CV001718,0.0,0.0,3.8951025e-06
45417,2025-07-30 14:00:00,CV001718,0.0,0.0,3.7623527e-06
45418,2025-07-30 14:30:00,CV001718,0.0,0.0,3.6349659e-06
45419,2025-07-30 14:30:00,CV001718,0.0,0.0,3.5126961e-06
45420,2025-07-30 15:00:00,CV001718,0.0,0.0,3.3953197e-06
45421,2025-07-30 15:00:00,CV001718,0.0,0.0,3.2826003e-06
45422,2025-07-30 15:30:00,CV001718,0.0,0.0,3.1743227e-06
45423,2025-07-30 15:30:00,CV001718,0.0,0.0,3.0703193e-06
45424,2025-07-30 16:00:00,CV001718,0.0,0.0,2.9703551e-06
45425,2025-07-30 16:00:00,CV001718,0.0,0.0,2.8742868e-06
45426,2025-07-30 16:30:00,CV001718,0.0,0.0,2.7819303e-06
45427,2025-07-30 16:30:00,CV001718,0.0,0.0,2.6931245e-06
45428,2025-07-30 17:00:00,CV001718,0.0,0.0,2.6077032e-06
45429,2025-07-30 17:00:00,CV001718,0.0,0.0,2.5255185e-06
45430,2025-07-30 17:30:00,CV001718,0.0,0.0,2.4464446e-06
45431,2025-07-30 17:30:00,CV001718,0.0,0.0,2.3703433e-06
45432,2025-07-30 18:00:00,CV001718,0.0,0.0,2.297076e-06
45433,2025-07-30 18:00:00,CV001718,0.0,0.0,2.2265363e-06
45434,2025-07-30 18:30:00,CV001718,0.0,0.0,2.1585927e-06
45435,2025-07-30 18:30:00,CV001718,0.0,0.0,2.0931539e-06
45436,2025-07-30 19:00:00,CV001718,0.0,0.0,2.0300781e-06
45437,2025-07-30 19:00:00,CV001718,0.0,0.0,1.96932e-06
45438,2025-07-30 19:30:00,CV001718,0.0,0.0,1.910743e-06
45439,2025-07-30 19:30:00,CV001718,0.0,0.0,1.8542814e-06
45440,2025-07-30 20:00:00,CV001718,0.0,0.0,1.7998505e-06
45441,2025-07-30 20:00:00,CV001718,0.0,0.0,1.7473604e-06
45442,2025-07-30 20:30:00,CV001718,0.0,0.0,1.6967151e-06
45443,2025-07-30 20:30:00,CV001718,0.0,0.0,1.6478787e-06
45444,2025-07-30 21:00:00,CV001718,0.0,0.0,1.600744e-06
45445,2025-07-30 21:00:00,CV001718,0.0,0.0,1.5552511e-06
45446,2025-07-30 21:30:00,CV001718,0.0,0.0,1.5113453e-06
45447,2025-07-30 21:30:00,CV001718,0.0,0.0,1.468945e-06
45448,2025-07-30 22:00:00,CV001718,0.0,0.0,1.4280038e-06
45449,2025-07-30 22:00:00,CV001718,0.0,0.0,1.388458e-06
45450,2025-07-30 22:30:00,CV001718,0.0,0.0,1.3502545e-06
45451,2025-07-30 22:30:00,CV001718,0.0,0.0,1.31334e-06
45452,2025-07-30 23:00:00,CV001718,0.0,0.0,1.2776641e-06
45453,2025-07-30 23:00:00,CV001718,0.0,0.0,1.2431893e-06
45454,2025-07-30 23:30:00,CV001718,0.0,0.0,1.2098411e-06
45455,2025-07-30 23:30:00,CV001718,0.0,0.0,1.1776119e-06
45456,2025-07-31 00:00:00,CV001718,0.0,0.0,1.1464338e-06
45457,2025-07-31 00:00:00,CV001718,0.0,0.0,1.1162726e-06
45458,2025-07-31 00:30:00,CV001718,0.0,0.0,1.0870937e-06
45459,2025-07-31 00:30:00,CV001718,0.0,0.0,1.0588572e-06
45460,2025-07-31 01:00:00,CV001718,0.0,0.0,1.0315272e-06
45461,2025-07-31 01:00:00,CV001718,0.0,0.0,1.0050695e-06
45462,2025-07-31 01:30:00,CV001718,0.0,0.0,9.794622e-07
45463,2025-07-31 01:30:00,CV001718,0.0,0.0,9.546594e-07
45464,2025-07-31 02:00:00,CV001718,0.0,0.0,9.3064074e-07
45465,2025-07-31 02:00:00,CV001718,0.0,0.0,9.073701e-07
45466,2025-07-31 02:30:00,CV001718,0.0,0.0,8.8482483e-07
45467,2025-07-31 02:30:00,CV001718,0.0,0.0,8.629721e-07
45468,2025-07-31 03:00:00,CV001718,0.0,0.0,8.4180044e-07
45469,2025-07-31 03:00:00,CV001718,0.0,0.0,8.212743e-07
45470,2025-07-31 03:30:00,CV001718,0.0,0.0,8.013671e-07
45471,2025-07-31 03:30:00,CV001718,0.0,0.0,7.820655e-07
45472,2025-07-31 04:00:00,CV001718,0.0,0.0,7.6334015e-07
45473,2025-07-31 04:00:00,CV001718,0.0,0.0,7.4517396e-07
45474,2025-07-31 04:30:00,CV001718,0.0,0.0,7.275449e-07
45475,2025-07-31 04:30:00,CV001718,0.0,0.0,7.104373e-07
45476,2025-07-31 05:00:00,CV001718,0.0,0.0,6.938344e-07
45477,2025-07-31 05:00:00,CV001718,0.0,0.0,6.777146e-07
45478,2025-07-31 05:30:00,CV001718,0.0,0.0,6.6206263e-07
45479,2025-07-31 05:30:00,CV001718,0.0,0.0,6.468691e-07
45480,2025-07-31 06:00:00,CV001718,0.0,0.0,6.321098e-07
45481,2025-07-31 06:00:00,CV001718,0.0,0.0,6.1776984e-07
45482,2025-07-31 06:30:00,CV001718,0.0,0.0,6.038426e-07
45483,2025-07-31 06:30:00,CV001718,0.0,0.0,5.9030873e-07
45484,2025-07-31 07:00:00,CV001718,0.0,0.0,5.77158e-07
45485,2025-07-31 07:00:00,CV001718,0.0,0.0,5.64374e-07
45486,2025-07-31 07:30:00,CV001718,0.0,0.0,5.5195153e-07
45487,2025-07-31 07:30:00,CV001718,0.0,0.0,5.398705e-07
45488,2025-07-31 08:00:00,CV001718,0.0,0.0,5.281254e-07
45489,2025-07-31 08:00:00,CV001718,0.0,0.0,5.167058e-07
45490,2025-07-31 08:30:00,CV001718,0.0,0.0,5.055953e-07
45491,2025-07-31 08:30:00,CV001718,0.0,0.0,4.947898e-07
45492,2025-07-31 09:00:00,CV001718,0.0,0.0,4.842775e-07
45493,2025-07-31 09:00:00,CV001718,0.0,0.0,4.740496e-07
45494,2025-07-31 09:30:00,CV001718,0.0,0.0,4.6409394e-07
45495,2025-07-31 09:30:00,CV001718,0.0,0.0,4.544059e-07
45496,2025-07-31 10:00:00,CV001718,0.0,0.0,4.449765e-07
45497,2025-07-31 10:00:00,CV001718,0.0,0.0,4.3579763e-07
45498,2025-07-31 10:30:00,CV001718,0.0,0.0,4.2685858e-07
45499,2025-07-31 10:30:00,CV001718,0.0,0.0,4.181539e-07
45500,2025-07-31 11:00:00,CV001718,0.0,0.0,4.096791e-07
45501,2025-07-31 11:00:00,CV001718,0.0,0.0,4.01422e-07
45502,2025-07-31 11:30:00,CV001718,0.0,0.0,3.9337857e-07
45503,2025-07-31 11:30:00,CV001718,0.0,0.0,3.855419e-07
45504,2025-07-31 12:00:00,CV001718,0.0,0.0,3.779082e-07
45505,2025-07-31 12:00:00,CV001718,0.0,0.0,3.7046595e-07
45506,2025-07-31 12:30:00,CV001718,0.0,0.0,3.6321424e-07
45507,2025-07-31 12:30:00,CV001718,0.0,0.0,3.561459e-07
45508,2025-07-31 13:00:00,CV001718,0.0,0.0,3.4925475e-07
45509,2025-07-31 13:00:00,CV001718,0.0,0.0,3.4253682e-07
45510,2025-07-31 13:30:00,CV001718,0.0,0.0,3.3598587e-07
45511,2025-07-31 13:30:00,CV001718,0.0,0.0,3.2959605e-07
45512,2025-07-31 14:00:00,CV001718,0.0,0.0,3.2336473e-07
45513,2025-07-31 14:00:00,CV001718,0.0,0.0,3.172882e-07
45514,2025-07-31 14:30:00,CV001718,0.0,0.0,3.1135758e-07
45515,2025-07-31 14:30:00,CV001718,0.0,0.0,3.0557015e-07
45516,2025-07-31 15:00:00,CV001718,0.0,0.0,2.9992492e-07
45517,2025-07-31 15:00:00,CV001718,0.0,0.0,2.94416e-07
45518,2025-07-31 15:30:00,CV001718,0.0,0.0,2.8903972e-07
45519,2025-07-31 15:30:00,CV001718,0.0,0.0,2.8378943e-07
45520,2025-07-31 16:00:00,CV001718,0.0,0.0,2.7866588e-07
45521,2025-07-31 16:00:00,CV001718,0.0,0.0,2.736646e-07
45522,2025-07-31 16:30:00,CV001718,0.0,0.0,2.6877973e-07
45523,2025-07-31 16:30:00,CV001718,0.0,0.0,2.6400897e-07
45524,2025-07-31 17:00:00,CV001718,0.0,0.0,2.593499e-07
45525,2025-07-31 17:00:00,CV001718,0.0,0.0,2.547985e-07
45526,2025-07-31 17:30:00,CV001718,0.0,0.0,2.503535e-07
45527,2025-07-31 17:30:00,CV001718,0.0,0.0,2.4601047e-07
45528,2025-07-31 18:00:00,CV001718,0.0,0.0,2.4176762e-07
45529,2025-07-31 18:00:00,CV001718,0.0,0.0,2.3761974e-07
45530,2025-07-31 18:30:00,CV001718,0.0,0.0,2.3356797e-07
45531,2025-07-31 18:30:00,CV001718,0.0,0.0,2.2960764e-07
45532,2025-07-31 19:00:00,CV001718,0.0,0.0,2.2573639e-07
45533,2025-07-31 19:00:00,CV001718,0.0,0.0,2.2195157e-07
45534,2025-07-31 19:30:00,CV001718,0.0,0.0,2.1825186e-07
45535,2025-07-31 19:30:00,CV001718,0.0,0.0,2.1463308e-07
45536,2025-07-31 20:00:00,CV001718,0.0,0.0,2.1109521e-07
45537,2025-07-31 20:00:00,CV001718,0.0,0.0,2.0763626e-07
45538,2025-07-31 20:30:00,CV001718,0.0,0.0,2.0425077e-07
45539,2025-07-31 20:30:00,CV001718,0.0,0.0,2.0094113e-07
45540,2025-07-31 21:00:00,CV001718,0.0,0.0,1.9770287e-07
45541,2025-07-31 21:00:00,CV001718,0.0,0.0,1.9453458e-07
45542,2025-07-31 21:30:00,CV001718,0.0,0.0,1.9143535e-07
45543,2025-07-31 21:30:00,CV001718,0.0,0.0,1.8840235e-07
45544,2025-07-31 22:00:00,CV001718,0.0,0.0,1.8543405e-07
45545,2025-07-31 22:00:00,CV001718,0.0,0.0,1.8252888e-07
45546,2025-07-31 22:30:00,CV001718,0.0,0.0,1.7968566e-07
45547,2025-07-31 22:30:00,CV001718,0.0,0.0,1.7690157e-07
45548,2025-07-31 23:00:00,CV001718,0.0,0.0,1.741769e-07
45549,2025-07-31 23:00:00,CV001718,0.0,0.0,1.715086e-07
45550,2025-07-31 23:30:00,CV001718,0.0,0.0,1.6889662e-07
45551,2025-07-31 23:30:00,CV001718,0.0,0.0,1.6633777e-07
45552,2025-08-01 00:00:00,CV001718,0.0,0.0,1.6383267e-07
45553,2025-08-01 00:00:00,CV001718,0.0,0.0,1.6137915e-07
45554,2025-08-01 00:30:00,CV001718,0.0,0.0,1.5897571e-07
45555,2025-08-01 00:30:00,CV001718,0.0,0.0,1.5662091e-07
45556,2025-08-01 01:00:00,CV001718,0.0,0.0,1.5431453e-07
45557,2025-08-01 01:00:00,CV001718,0.0,0.0,1.5205518e-07
45558,2025-08-01 01:30:00,CV001718,0.0,0.0,1.4984062e-07
45559,2025-08-01 01:30:00,CV001718,0.0,0.0,1.4767012e-07
45560,2025-08-01 02:00:00,CV001718,0.0,0.0,1.4554413e-07
45561,2025-08-01 02:00:00,CV001718,0.0,0.0,1.4345886e-07
45562,2025-08-01 02:30:00,CV001718,0.0,0.0,1.4141669e-07
45563,2025-08-01 02:30:00,CV001718,0.0,0.0,1.3941448e-07
45564,2025-08-01 03:00:00,CV001718,0.0,0.0,1.374514e-07
45565,2025-08-01 03:00:00,CV001718,0.0,0.0,1.3552601e-07
45566,2025-08-01 03:30:00,CV001718,0.0,0.0,1.3363906e-07
45567,2025-08-01 03:30:00,CV001718,0.0,0.0,1.3178845e-07
45568,2025-08-01 04:00:00,CV001718,0.0,0.0,1.2997387e-07
45569,2025-08-01 04:00:00,CV001718,0.0,0.0,1.2819406e-07
45570,2025-08-01 04:30:00,CV001718,0.0,0.0,1.2644828e-07
45571,2025-08-01 04:30:00,CV001718,0.0,0.0,1.2473578e-07
45572,2025-08-01 05:00:00,CV001718,0.0,0.0,1.2305657e-07
45573,2025-08-01 05:00:00,CV001718,0.0,0.0,1.2140852e-07
45574,2025-08-01 05:30:00,CV001718,0.0,0.0,1.197917e-07
45575,2025-08-01 05:30:00,CV001718,0.0,0.0,1.1820586e-07
45576,2025-08-01 06:00:00,CV001718,0.0,0.0,1.1664881e-07
45577,2025-08-01 06:00:00,CV001718,0.0,0.0,1.1512172e-07
45578,2025-08-01 06:30:00,CV001718,0.0,0.0,1.1362262e-07
45579,2025-08-01 06:30:00,CV001718,0.0,0.0,1.1215161e-07
45580,2025-08-01 07:00:00,CV001718,0.0,0.0,1.1070725e-07
45581,2025-08-01 07:00:00,CV001718,0.0,0.0,1.0928898e-07
45582,2025-08-01 07:30:00,CV001718,0.0,0.0,1.0789733e-07
45583,2025-08-01 07:30:00,CV001718,0.0,0.0,1.0653072e-07
45584,2025-08-01 08:00:00,CV001718,0.0,0.0,1.0518922e-07
45585,2025-08-01 08:00:00,CV001718,0.0,0.0,1.0387177e-07
45586,2025-08-01 08:30:00,CV001718,0.0,0.0,1.0257824e-07
45587,2025-08-01 08:30:00,CV001718,0.0,0.0,1.0130778e-07
45588,2025-08-01 09:00:00,CV001718,0.0,0.0,1.0005993e-07
45589,2025-08-01 09:00:00,CV001718,0.0,0.0,9.8834796e-08
45590,2025-08-01 09:30:00,CV001718,0.0,0.0,9.763081e-08
45591,2025-08-01 09:30:00,CV001718,0.0,0.0,9.64483e-08
45592,2025-08-01 10:00:00,CV001718,0.0,0.0,9.528683e-08
45593,2025-08-01 10:00:00,CV001718,0.0,0.0,9.414581e-08
45594,2025-08-01 10:30:00,CV001718,0.0,0.0,9.3024134e-08
45595,2025-08-01 10:30:00,CV001718,0.0,0.0,9.19223e-08
45596,2025-08-01 11:00:00,CV001718,0.0,0.0,9.08396e-08
45597,2025-08-01 11:00:00,CV001718,0.0,0.0,8.977581e-08
45598,2025-08-01 11:30:00,CV001718,0.0,0.0,8.872972e-08
45599,2025-08-01 11:30:00,CV001718,0.0,0.0,8.770201e-08
45600,2025-08-01 12:00:00,CV001718,0.0,0.0,8.669166e-08
45601,2025-08-01 12:00:00,CV001718,0.0,0.0,8.569883e-08
45602,2025-08-01 12:30:00,CV001718,0.0,0.0,8.4722224e-08
45603,2025-08-01 12:30:00,CV001718,0.0,0.0,8.376266e-08
45604,2025-08-01 13:00:00,CV001718,0.0,0.0,8.281901e-08
45605,2025-08-01 13:00:00,CV001718,0.0,0.0,8.18913e-08
45606,2025-08-01 13:30:00,CV001718,0.0,0.0,8.097924e-08
45607,2025-08-01 13:30:00,CV001718,0.0,0.0,8.0081925e-08
45608,2025-08-01 14:00:00,CV001718,0.0,0.0,7.919983e-08
45609,2025-08-01 14:00:00,CV001718,0.0,0.0,7.8332235e-08
45610,2025-08-01 14:30:00,CV001718,0.0,0.0,7.747888e-08
45611,2025-08-01 14:30:00,CV001718,0.0,0.0,7.663949e-08
45612,2025-08-01 15:00:00,CV001718,0.0,0.0,7.5814256e-08
45613,2025-08-01 15:00:00,CV001718,0.0,0.0,7.500162e-08
45614,2025-08-01 15:30:00,CV001718,0.0,0.0,7.4202944e-08
45615,2025-08-01 15:30:00,CV001718,0.0,0.0,7.341627e-08
45616,2025-08-01 16:00:00,CV001718,0.0,0.0,7.264334e-08
45617,2025-08-01 16:00:00,CV001718,0.0,0.0,7.188225e-08
45618,2025-08-01 16:30:00,CV001718,0.0,0.0,7.1133066e-08
45619,2025-08-01 16:30:00,CV001718,0.0,0.0,7.0396254e-08
45620,2025-08-01 17:00:00,CV001718,0.0,0.0,6.9671195e-08
45621,2025-08-01 17:00:00,CV001718,0.0,0.0,6.895768e-08
45622,2025-08-01 17:30:00,CV001718,0.0,0.0,6.825486e-08
45623,2025-08-01 17:30:00,CV001718,0.0,0.0,6.7563455e-08
45624,2025-08-01 18:00:00,CV001718,0.0,0.0,6.688301e-08
45625,2025-08-01 18:00:00,CV001718,0.0,0.0,6.621282e-08
45626,2025-08-01 18:30:00,CV001718,0.0,0.0,6.555336e-08
45627,2025-08-01 18:30:00,CV001718,0.0,0.0,6.4904164e-08
45628,2025-08-01 19:00:00,CV001718,0.0,0.0,6.426472e-08
45629,2025-08-01 19:00:00,CV001718,0.0,0.0,6.363533e-08
45630,2025-08-01 19:30:00,CV001718,0.0,0.0,6.301536e-08
45631,2025-08-01 19:30:00,CV001718,0.0,0.0,6.240523e-08
45632,2025-08-01 20:00:00,CV001718,0.0,0.0,6.180395e-08
45633,2025-08-01 20:00:00,CV001718,0.0,0.0,6.121221e-08
45634,2025-08-01 20:30:00,CV001718,0.0,0.0,6.0629255e-08
45635,2025-08-01 20:30:00,CV001718,0.0,0.0,6.0054944e-08
45636,2025-08-01 21:00:00,CV001718,0.0,0.0,5.9489363e-08
45637,2025-08-01 21:00:00,CV001718,0.0,0.0,5.8932255e-08
45638,2025-08-01 21:30:00,CV001718,0.0,0.0,5.838382e-08
45639,2025-08-01 21:30:00,CV001718,0.0,0.0,5.7843017e-08
45640,2025-08-01 22:00:00,CV001718,0.0,0.0,5.7310622e-08
45641,2025-08-01 22:00:00,CV001718,0.0,0.0,5.6785723e-08
45642,2025-08-01 22:30:00,CV001718,0.0,0.0,5.6268853e-08
45643,2025-08-01 22:30:00,CV001718,0.0,0.0,5.5759447e-08
45644,2025-08-01 23:00:00,CV001718,0.0,0.0,5.52575e-08
45645,2025-08-01 23:00:00,CV001718,0.0,0.0,5.4762893e-08
45646,2025-08-01 23:30:00,CV001718,0.0,0.0,5.4275617e-08
45647,2025-08-01 23:30:00,CV001718,0.0,0.0,5.379534e-08
45648,2025-08-02 00:00:00,CV001718,0.0,0.0,5.3321955e-08
45649,2025-08-02 00:00:00,CV001718,0.0,0.0,5.2855054e-08
45650,2025-08-02 00:30:00,CV001718,0.0,0.0,5.239524e-08
45651,2025-08-02 00:30:00,CV001718,0.0,0.0,5.194191e-08
45652,2025-08-02 01:00:00,CV001718,0.0,0.0,5.1495046e-08
45653,2025-08-02 01:00:00,CV001718,0.0,0.0,5.1054467e-08
45654,2025-08-02 01:30:00,CV001718,0.0,0.0,5.062026e-08
45655,2025-08-02 01:30:00,CV001718,0.0,0.0,5.019195e-08
45656,2025-08-02 02:00:00,CV001718,0.0,0.0,4.977011e-08
45657,2025-08-02 02:00:00,CV001718,0.0,0.0,4.935389e-08
45658,2025-08-02 02:30:00,CV001718,0.0,0.0,4.8943203e-08
45659,2025-08-02 02:30:00,CV001718,0.0,0.0,4.853871e-08
45660,2025-08-02 03:00:00,CV001718,0.0,0.0,4.8139764e-08
45661,2025-08-02 03:00:00,CV001718,0.0,0.0,4.7746372e-08
45662,2025-08-02 03:30:00,CV001718,0.0,0.0,4.7358366e-08
45663,2025-08-02 03:30:00,CV001718,0.0,0.0,4.6975572e-08
45664,2025-08-02 04:00:00,CV001718,0.0,0.0,4.659827e-08
45665,2025-08-02 04:00:00,CV001718,0.0,0.0,4.6226116e-08
45666,2025-08-02 04:30:00,CV001718,0.0,0.0,4.585895e-08
45667,2025-08-02 04:30:00,CV001718,0.0,0.0,4.5496517e-08
45668,2025-08-02 05:00:00,CV001718,0.0,0.0,4.513936e-08
45669,2025-08-02 05:00:00,CV001718,0.0,0.0,4.4786972e-08
45670,2025-08-02 05:30:00,CV001718,0.0,0.0,4.4439282e-08
45671,2025-08-02 05:30:00,CV001718,0.0,0.0,4.40964e-08
45672,2025-08-02 06:00:00,CV001718,0.0,0.0,4.3758078e-08
45673,2025-08-02 06:00:00,CV001718,0.0,0.0,4.3424176e-08
45674,2025-08-02 06:30:00,CV001718,0.0,0.0,4.309496e-08
45675,2025-08-02 06:30:00,CV001718,0.0,0.0,4.2770196e-08
45676,2025-08-02 07:00:00,CV001718,0.0,0.0,4.244966e-08
45677,2025-08-02 07:00:00,CV001718,0.0,0.0,4.2133372e-08
45678,2025-08-02 07:30:00,CV001718,0.0,0.0,4.182104e-08
45679,2025-08-02 07:30:00,CV001718,0.0,0.0,4.1513e-08
45680,2025-08-02 08:00:00,CV001718,0.0,0.0,4.1209198e-08
45681,2025-08-02 08:00:00,CV001718,0.0,0.0,4.0909413e-08
45682,2025-08-02 08:30:00,CV001718,0.0,0.0,4.06132e-08
45683,2025-08-02 08:30:00,CV001718,0.0,0.0,4.032129e-08
45684,2025-08-02 09:00:00,CV001718,0.0,0.0,4.0033076e-08
45685,2025-08-02 09:00:00,CV001718,0.0,0.0,3.9748365e-08
45686,2025-08-02 09:30:00,CV001718,0.0,0.0,3.946756e-08
45687,2025-08-02 09:30:00,CV001718,0.0,0.0,3.919031e-08
45688,2025-08-02 10:00:00,CV001718,0.0,0.0,3.8916937e-08
45689,2025-08-02 10:00:00,CV001718,0.0,0.0,3.8646505e-08
45690,2025-08-02 10:30:00,CV001718,0.0,0.0,3.8380147e-08
45691,2025-08-02 10:30:00,CV001718,0.0,0.0,3.811686e-08
45692,2025-08-02 11:00:00,CV001718,0.0,0.0,3.7856967e-08
45693,2025-08-02 11:00:00,CV001718,0.0,0.0,3.7600493e-08
45694,2025-08-02 11:30:00,CV001718,0.0,0.0,3.7347046e-08
45695,2025-08-02 11:30:00,CV001718,0.0,0.0,3.7097e-08
45696,2025-08-02 12:00:00,CV001718,0.0,0.0,3.6850174e-08
45697,2025-08-02 12:00:00,CV001718,0.0,0.0,3.6606387e-08
45698,2025-08-02 12:30:00,CV001718,0.0,0.0,3.6365535e-08
45699,2025-08-02 12:30:00,CV001718,0.0,0.0,3.6127847e-08
45700,2025-08-02 13:00:00,CV001718,0.0,0.0,3.5893084e-08
45701,2025-08-02 13:00:00,CV001718,0.0,0.0,3.566121e-08
45702,2025-08-02 13:30:00,CV001718,0.0,0.0,3.5432247e-08
45703,2025-08-02 13:30:00,CV001718,0.0,0.0,3.5206167e-08
45704,2025-08-02 14:00:00,CV001718,0.0,0.0,3.49828e-08
45705,2025-08-02 14:00:00,CV001718,0.0,0.0,3.4762238e-08
45706,2025-08-02 14:30:00,CV001718,0.0,0.0,3.454439e-08
45707,2025-08-02 14:30:00,CV001718,0.0,0.0,3.4329148e-08
45708,2025-08-02 15:00:00,CV001718,0.0,0.0,3.411674e-08
45709,2025-08-02 15:00:00,CV001718,0.0,0.0,3.3906943e-08
45710,2025-08-02 15:30:00,CV001718,0.0,0.0,3.3699592e-08
45711,2025-08-02 15:30:00,CV001718,0.0,0.0,3.3494597e-08
45712,2025-08-02 16:00:00,CV001718,0.0,0.0,3.3292373e-08
45713,2025-08-02 16:00:00,CV001718,0.0,0.0,3.309257e-08
45714,2025-08-02 16:30:00,CV001718,0.0,0.0,3.2894967e-08
45715,2025-08-02 16:30:00,CV001718,0.0,0.0,3.269992e-08
45716,2025-08-02 17:00:00,CV001718,0.0,0.0,3.250708e-08
45717,2025-08-02 17:00:00,CV001718,0.0,0.0,3.2316734e-08
45718,2025-08-02 17:30:00,CV001718,0.0,0.0,3.2128728e-08
45719,2025-08-02 17:30:00,CV001718,0.0,0.0,3.1942793e-08
45720,2025-08-02 18:00:00,CV001718,0.0,0.0,3.1759082e-08
45721,2025-08-02 18:00:00,CV001718,0.0,0.0,3.1577695e-08
45722,2025-08-02 18:30:00,CV001718,0.0,0.0,3.1398418e-08
45723,2025-08-02 18:30:00,CV001718,0.0,0.0,3.1221113e-08
45724,2025-08-02 19:00:00,CV001718,0.0,0.0,3.104588e-08
45725,2025-08-02 19:00:00,CV001718,0.0,0.0,3.087292e-08
45726,2025-08-02 19:30:00,CV001718,0.0,0.0,3.0701976e-08
45727,2025-08-02 19:30:00,CV001718,0.0,0.0,3.053286e-08
45728,2025-08-02 20:00:00,CV001718,0.0,0.0,3.0365825e-08
45729,2025-08-02 20:00:00,CV001718,0.0,0.0,3.0200862e-08
45730,2025-08-02 20:30:00,CV001718,0.0,0.0,3.003771e-08
45731,2025-08-02 20:30:00,CV001718,0.0,0.0,2.9876464e-08
45732,2025-08-02 21:00:00,CV001718,0.0,0.0,2.9717164e-08
45733,2025-08-02 21:00:00,CV001718,0.0,0.0,2.9559557e-08
45734,2025-08-02 21:30:00,CV001718,0.0,0.0,2.9404019e-08
45735,2025-08-02 21:30:00,CV001718,0.0,0.0,2.9250025e-08
45736,2025-08-02 22:00:00,CV001718,0.0,0.0,2.9097837e-08
45737,2025-08-02 22:00:00,CV001718,0.0,0.0,2.8947653e-08
45738,2025-08-02 22:30:00,CV001718,0.0,0.0,2.8798963e-08
45739,2025-08-02 22:30:00,CV001718,0.0,0.0,2.8652073e-08
45740,2025-08-02 23:00:00,CV001718,0.0,0.0,2.8506799e-08
45741,2025-08-02 23:00:00,CV001718,0.0,0.0,2.836313e-08
45742,2025-08-02 23:30:00,CV001718,0.0,0.0,2.8221315e-08
45743,2025-08-02 23:30:00,CV001718,0.0,0.0,2.8080962e-08
45744,2025-08-03 00:00:00,CV001718,0.0,0.0,2.7942315e-08
45745,2025-08-03 00:00:00,CV001718,0.0,0.0,2.7805095e-08
45746,2025-08-03 00:30:00,CV001718,0.0,0.0,2.7669502e-08
45747,2025-08-03 00:30:00,CV001718,0.0,0.0,2.753541e-08
45748,2025-08-03 01:00:00,CV001718,0.0,0.0,2.7402853e-08
45749,2025-08-03 01:00:00,CV001718,0.0,0.0,2.7271874e-08
45750,2025-08-03 01:30:00,CV001718,0.0,0.0,2.7142349e-08
45751,2025-08-03 01:30:00,CV001718,0.0,0.0,2.7014003e-08
45752,2025-08-03 02:00:00,CV001718,0.0,0.0,2.6887447e-08
45753,2025-08-03 02:00:00,CV001718,0.0,0.0,2.6762196e-08
45754,2025-08-03 02:30:00,CV001718,0.0,0.0,2.6638293e-08
45755,2025-08-03 02:30:00,CV001718,0.0,0.0,2.6515872e-08
45756,2025-08-03 03:00:00,CV001718,0.0,0.0,2.639477e-08
45757,2025-08-03 03:00:00,CV001718,0.0,0.0,2.6275222e-08
45758,2025-08-03 03:30:00,CV001718,0.0,0.0,2.6156666e-08
45759,2025-08-03 03:30:00,CV001718,0.0,0.0,2.6039588e-08
45760,2025-08-03 04:00:00,CV001718,0.0,0.0,2.5923825e-08
45761,2025-08-03 04:00:00,CV001718,0.0,0.0,2.5809266e-08
45762,2025-08-03 04:30:00,CV001718,0.0,0.0,2.5695948e-08
45763,2025-08-03 04:30:00,CV001718,0.0,0.0,2.5583956e-08
45764,2025-08-03 05:00:00,CV001718,0.0,0.0,2.547328e-08
45765,2025-08-03 05:00:00,CV001718,0.0,0.0,2.5363661e-08
45766,2025-08-03 05:30:00,CV001718,0.0,0.0,2.525529e-08
45767,2025-08-03 05:30:00,CV001718,0.0,0.0,2.5148289e-08
45768,2025-08-03 06:00:00,CV001718,0.0,0.0,2.5042217e-08
45769,2025-08-03 06:00:00,CV001718,0.0,0.0,2.4937453e-08
45770,2025-08-03 06:30:00,CV001718,0.0,0.0,2.483388e-08
45771,2025-08-03 06:30:00,CV001718,0.0,0.0,2.4731262e-08
45772,2025-08-03 07:00:00,CV001718,0.0,0.0,2.462991e-08
45773,2025-08-03 07:00:00,CV001718,0.0,0.0,2.4529628e-08
45774,2025-08-03 07:30:00,CV001718,0.0,0.0,2.443041e-08
45775,2025-08-03 07:30:00,CV001718,0.0,0.0,2.4332286e-08
45776,2025-08-03 08:00:00,CV001718,0.0,0.0,2.4235343e-08
45777,2025-08-03 08:00:00,CV001718,0.0,0.0,2.41392e-08
45778,2025-08-03 08:30:00,CV001718,0.0,0.0,2.4044404e-08
45779,2025-08-03 08:30:00,CV001718,0.0,0.0,2.395048e-08
45780,2025-08-03 09:00:00,CV001718,0.0,0.0,2.3857654e-08
45781,2025-08-03 09:00:00,CV001718,0.0,0.0,2.3765592e-08
45782,2025-08-03 09:30:00,CV001718,0.0,0.0,2.3674835e-08
45783,2025-08-03 09:30:00,CV001718,0.0,0.0,2.3584876e-08
45784,2025-08-03 10:00:00,CV001718,0.0,0.0,2.3495929e-08
45785,2025-08-03 10:00:00,CV001718,0.0,0.0,2.3407988e-08
45786,2025-08-03 10:30:00,CV001718,0.0,0.0,2.3320952e-08
45787,2025-08-03 10:30:00,CV001718,0.0,0.0,2.3234952e-08
45788,2025-08-03 11:00:00,CV001718,0.0,0.0,2.3149754e-08
45789,2025-08-03 11:00:00,CV001718,0.0,0.0,2.306557e-08
45790,2025-08-03 11:30:00,CV001718,0.0,0.0,2.2982267e-08
45791,2025-08-03 11:30:00,CV001718,0.0,0.0,2.289983e-08
45792,2025-08-03 12:00:00,CV001718,0.0,0.0,2.2818341e-08
45793,2025-08-03 12:00:00,CV001718,0.0,0.0,2.2737748e-08
45794,2025-08-03 12:30:00,CV001718,0.0,0.0,2.2657959e-08
45795,2025-08-03 12:30:00,CV001718,0.0,0.0,2.2579053e-08
45796,2025-08-03 13:00:00,CV001718,0.0,0.0,2.2500938e-08
45797,2025-08-03 13:00:00,CV001718,0.0,0.0,2.2423778e-08
45798,2025-08-03 13:30:00,CV001718,0.0,0.0,2.2347393e-08
45799,2025-08-03 13:30:00,CV001718,0.0,0.0,2.227182e-08
45800,2025-08-03 14:00:00,CV001718,0.0,0.0,2.2197012e-08
45801,2025-08-03 14:00:00,CV001718,0.0,0.0,2.2123086e-08
45802,2025-08-03 14:30:00,CV001718,0.0,0.0,2.2049829e-08
45803,2025-08-03 14:30:00,CV001718,0.0,0.0,2.1977568e-08
45804,2025-08-03 15:00:00,CV001718,0.0,0.0,2.1906002e-08
45805,2025-08-03 15:00:00,CV001718,0.0,0.0,2.1835213e-08
45806,2025-08-03 15:30:00,CV001718,0.0,0.0,2.1764983e-08
45807,2025-08-03 15:30:00,CV001718,0.0,0.0,2.1695808e-08
45808,2025-08-03 16:00:00,CV001718,0.0,0.0,2.1627264e-08
45809,2025-08-03 16:00:00,CV001718,0.0,0.0,2.1559389e-08
45810,2025-08-03 16:30:00,CV001718,0.0,0.0,2.1492262e-08
45811,2025-08-03 16:30:00,CV001718,0.0,0.0,2.1425956e-08
45812,2025-08-03 17:00:00,CV001718,0.0,0.0,2.1360302e-08
45813,2025-08-03 17:00:00,CV001718,0.0,0.0,2.1295458e-08
45814,2025-08-03 17:30:00,CV001718,0.0,0.0,2.1231136e-08
45815,2025-08-03 17:30:00,CV001718,0.0,0.0,2.116749e-08
45816,2025-08-03 18:00:00,CV001718,0.0,0.0,2.1104642e-08
45817,2025-08-03 18:00:00,CV001718,0.0,0.0,2.1042462e-08
45818,2025-08-03 18:30:00,CV001718,0.0,0.0,2.0980904e-08
45819,2025-08-03 18:30:00,CV001718,0.0,0.0,2.0920085e-08
45820,2025-08-03 19:00:00,CV001718,0.0,0.0,2.0859959e-08
45821,2025-08-03 19:00:00,CV001718,0.0,0.0,2.0800442e-08
45822,2025-08-03 19:30:00,CV001718,0.0,0.0,2.074157e-08
45823,2025-08-03 19:30:00,CV001718,0.0,0.0,2.0683418e-08
45824,2025-08-03 20:00:00,CV001718,0.0,0.0,2.0625784e-08
45825,2025-08-03 20:00:00,CV001718,0.0,0.0,2.056878e-08
45826,2025-08-03 20:30:00,CV001718,0.0,0.0,2.0512324e-08
45827,2025-08-03 20:30:00,CV001718,0.0,0.0,2.0456568e-08
45828,2025-08-03 21:00:00,CV001718,0.0,0.0,2.0401512e-08
45829,2025-08-03 21:00:00,CV001718,0.0,0.0,2.0347029e-08
45830,2025-08-03 21:30:00,CV001718,0.0,0.0,2.029308e-08
45831,2025-08-03 21:30:00,CV001718,0.0,0.0,2.0239618e-08
45832,2025-08-03 22:00:00,CV001718,0.0,0.0,2.0186954e-08
45833,2025-08-03 22:00:00,CV001718,0.0,0.0,2.013485e-08
45834,2025-08-03 22:30:00,CV001718,0.0,0.0,2.0083146e-08
45835,2025-08-03 22:30:00,CV001718,0.0,0.0,2.0032076e-08
45836,2025-08-03 23:00:00,CV001718,0.0,0.0,1.9981664e-08
45837,2025-08-03 23:00:00,CV001718,0.0,0.0,1.9931838e-08
45838,2025-08-03 23:30:00,CV001718,0.0,0.0,1.9882402e-08
45839,2025-08-03 23:30:00,CV001718,0.0,0.0,1.9833655e-08
45840,2025-08-04 00:00:00,CV001718,0.0,0.0,1.9785329e-08
45841,2025-08-04 00:00:00,CV001718,0.0,0.0,1.9737648e-08
45842,2025-08-04 00:30:00,CV001718,0.0,0.0,1.9690496e-08
45843,2025-08-04 00:30:00,CV001718,0.0,0.0,1.9643833e-08
45844,2025-08-04 01:00:00,CV001718,0.0,0.0,1.9597614e-08
45845,2025-08-04 01:00:00,CV001718,0.0,0.0,1.9552026e-08
45846,2025-08-04 01:30:00,CV001718,0.0,0.0,1.9506954e-08
45847,2025-08-04 01:30:00,CV001718,0.0,0.0,1.946232e-08
45848,2025-08-04 02:00:00,CV001718,0.0,0.0,1.9418195e-08
45849,2025-08-04 02:00:00,CV001718,0.0,0.0,1.9374689e-08
45850,2025-08-04 02:30:00,CV001718,0.0,0.0,1.9331427e-08
45851,2025-08-04 02:30:00,CV001718,0.0,0.0,1.9288924e-08
45852,2025-08-04 03:00:00,CV001718,0.0,0.0,1.9246809e-08
45853,2025-08-04 03:00:00,CV001718,0.0,0.0,1.9205187e-08
45854,2025-08-04 03:30:00,CV001718,0.0,0.0,1.9163911e-08
45855,2025-08-04 03:30:00,CV001718,0.0,0.0,1.9123235e-08
45856,2025-08-04 04:00:00,CV001718,0.0,0.0,1.9083119e-08
45857,2025-08-04 04:00:00,CV001718,0.0,0.0,1.9043341e-08
45858,2025-08-04 04:30:00,CV001718,0.0,0.0,1.900408e-08
45859,2025-08-04 04:30:00,CV001718,0.0,0.0,1.8965153e-08
45860,2025-08-04 05:00:00,CV001718,0.0,0.0,1.8926777e-08
45861,2025-08-04 05:00:00,CV001718,0.0,0.0,1.8888803e-08
45862,2025-08-04 05:30:00,CV001718,0.0,0.0,1.88513e-08
45863,2025-08-04 05:30:00,CV001718,0.0,0.0,1.8814335e-08
45864,2025-08-04 06:00:00,CV001718,0.0,0.0,1.8777733e-08
45865,2025-08-04 06:00:00,CV001718,0.0,0.0,1.8741522e-08
45866,2025-08-04 06:30:00,CV001718,0.0,0.0,1.8705775e-08
45867,2025-08-04 06:30:00,CV001718,0.0,0.0,1.8670415e-08
45868,2025-08-04 07:00:00,CV001718,0.0,0.0,1.8635477e-08
45869,2025-08-04 07:00:00,CV001718,0.0,0.0,1.8600995e-08
45870,2025-08-04 07:30:00,CV001718,0.0,0.0,1.8566967e-08
45871,2025-08-04 07:30:00,CV001718,0.0,0.0,1.8533248e-08
45872,2025-08-04 08:00:00,CV001718,0.0,0.0,1.8500051e-08
45873,2025-08-04 08:00:00,CV001718,0.0,0.0,1.8467158e-08
45874,2025-08-04 08:30:00,CV001718,0.0,0.0,1.8434676e-08
45875,2025-08-04 08:30:00,CV001718,0.0,0.0,1.840274e-08
45876,2025-08-04 09:00:00,CV001718,0.0,0.0,1.8371072e-08
45877,2025-08-04 09:00:00,CV001718,0.0,0.0,1.8339808e-08
45878,2025-08-04 09:30:00,CV001718,0.0,0.0,1.8308912e-08
45879,2025-08-04 09:30:00,CV001718,0.0,0.0,1.8278417e-08
45880,2025-08-04 10:00:00,CV001718,0.0,0.0,1.8248285e-08
45881,2025-08-04 10:00:00,CV001718,0.0,0.0,1.8218584e-08
45882,2025-08-04 10:30:00,CV001718,0.0,0.0,1.818928e-08
45883,2025-08-04 10:30:00,CV001718,0.0,0.0,1.8160298e-08
45884,2025-08-04 11:00:00,CV001718,0.0,0.0,1.8131676e-08
45885,2025-08-04 11:00:00,CV001718,0.0,0.0,1.8103512e-08
45886,2025-08-04 11:30:00,CV001718,0.0,0.0,1.8075564e-08
45887,2025-08-04 11:30:00,CV001718,0.0,0.0,1.804814e-08
45888,2025-08-04 12:00:00,CV001718,0.0,0.0,1.8020899e-08
45889,2025-08-04 12:00:00,CV001718,0.0,0.0,1.7994177e-08
45890,2025-08-04 12:30:00,CV001718,0.0,0.0,1.7967736e-08
45891,2025-08-04 12:30:00,CV001718,0.0,0.0,1.794164e-08
45892,2025-08-04 13:00:00,CV001718,0.0,0.0,1.7915822e-08
45893,2025-08-04 13:00:00,CV001718,0.0,0.0,1.7890551e-08
45894,2025-08-04 13:30:00,CV001718,0.0,0.0,1.786559e-08
45895,2025-08-04 13:30:00,CV001718,0.0,0.0,1.7840835e-08
45896,2025-08-04 14:00:00,CV001718,0.0,0.0,1.7816486e-08
45897,2025-08-04 14:00:00,CV001718,0.0,0.0,1.7792512e-08
45898,2025-08-04 14:30:00,CV001718,0.0,0.0,1.776884e-08
45899,2025-08-04 14:30:00,CV001718,0.0,0.0,1.7745368e-08
45900,2025-08-04 15:00:00,CV001718,0.0,0.0,1.772237e-08
45901,2025-08-04 15:00:00,CV001718,0.0,0.0,1.7699735e-08
45902,2025-08-04 15:30:00,CV001718,0.0,0.0,1.76773e-08
45903,2025-08-04 15:30:00,CV001718,0.0,0.0,1.7655228e-08
45904,2025-08-04 16:00:00,CV001718,0.0,0.0,1.7633488e-08
45905,2025-08-04 16:00:00,CV001718,0.0,0.0,1.7612042e-08
45906,2025-08-04 16:30:00,CV001718,0.0,0.0,1.7590926e-08
45907,2025-08-04 16:30:00,CV001718,0.0,0.0,1.757027e-08
45908,2025-08-04 17:00:00,CV001718,0.0,0.0,1.7549706e-08
45909,2025-08-04 17:00:00,CV001718,0.0,0.0,1.7529532e-08
45910,2025-08-04 17:30:00,CV001718,0.0,0.0,1.750975e-08
45911,2025-08-04 17:30:00,CV001718,0.0,0.0,1.749019e-08
45912,2025-08-04 18:00:00,CV001718,0.0,0.0,1.7470985e-08
45913,2025-08-04 18:00:00,CV001718,0.0,0.0,1.7452102e-08
45914,2025-08-04 18:30:00,CV001718,0.0,0.0,1.743327e-08
45915,2025-08-04 18:30:00,CV001718,0.0,0.0,1.7415024e-08
45916,2025-08-04 19:00:00,CV001718,0.0,0.0,1.7396898e-08
45917,2025-08-04 19:00:00,CV001718,0.0,0.0,1.7379222e-08
45918,2025-08-04 19:30:00,CV001718,0.0,0.0,1.7361696e-08
45919,2025-08-04 19:30:00,CV001718,0.0,0.0,1.7344552e-08
45920,2025-08-04 20:00:00,CV001718,0.0,0.0,1.732762e-08
45921,2025-08-04 20:00:00,CV001718,0.0,0.0,1.731097e-08
45922,2025-08-04 20:30:00,CV001718,0.0,0.0,1.7294669e-08
45923,2025-08-04 20:30:00,CV001718,0.0,0.0,1.7278678e-08
45924,2025-08-04 21:00:00,CV001718,0.0,0.0,1.726293e-08
45925,2025-08-04 21:00:00,CV001718,0.0,0.0,1.7247332e-08
45926,2025-08-04 21:30:00,CV001718,0.0,0.0,1.7232237e-08
45927,2025-08-04 21:30:00,CV001718,0.0,0.0,1.721729e-08
45928,2025-08-04 22:00:00,CV001718,0.0,0.0,1.7202584e-08
45929,2025-08-04 22:00:00,CV001718,0.0,0.0,1.7188219e-08
45930,2025-08-04 22:30:00,CV001718,0.0,0.0,1.7174061e-08
45931,2025-08-04 22:30:00,CV001718,0.0,0.0,1.7160211e-08
45932,2025-08-04 23:00:00,CV001718,0.0,0.0,1.7146633e-08
45933,2025-08-04 23:00:00,CV001718,0.0,0.0,1.713333e-08
45934,2025-08-04 23:30:00,CV001718,0.0,0.0,1.7120229e-08
45935,2025-08-04 23:30:00,CV001718,0.0,0.0,1.7107466e-08
45936,2025-08-05 00:00:00,CV001718,0.0,0.0,1.709494e-08
45937,2025-08-05 00:00:00,CV001718,0.0,0.0,1.7082685e-08
45938,2025-08-05 00:30:00,CV001718,0.0,0.0,1.7070633e-08
45939,2025-08-05 00:30:00,CV001718,0.0,0.0,1.705885e-08
45940,2025-08-05 01:00:00,CV001718,0.0,0.0,1.70474e-08
45941,2025-08-05 01:00:00,CV001718,0.0,0.0,1.7036122e-08
45942,2025-08-05 01:30:00,CV001718,0.0,0.0,1.702511e-08
45943,2025-08-05 01:30:00,CV001718,0.0,0.0,1.7014397e-08
45944,2025-08-05 02:00:00,CV001718,0.0,0.0,1.7003822e-08
45945,2025-08-05 02:00:00,CV001718,0.0,0.0,1.6993608e-08
45946,2025-08-05 02:30:00,CV001718,0.0,0.0,1.6983629e-08
45947,2025-08-05 02:30:00,CV001718,0.0,0.0,1.6973848e-08
45948,2025-08-05 03:00:00,CV001718,0.0,0.0,1.6964398e-08
45949,2025-08-05 03:00:00,CV001718,0.0,0.0,1.6955147e-08
45950,2025-08-05 03:30:00,CV001718,0.0,0.0,1.6946094e-08
45951,2025-08-05 03:30:00,CV001718,0.0,0.0,1.693724e-08
45952,2025-08-05 04:00:00,CV001718,0.0,0.0,1.6928745e-08
45953,2025-08-05 04:00:00,CV001718,0.0,0.0,1.6920417e-08
45954,2025-08-05 04:30:00,CV001718,0.0,0.0,1.6912253e-08
45955,2025-08-05 04:30:00,CV001718,0.0,0.0,1.6904481e-08
45956,2025-08-05 05:00:00,CV001718,0.0,0.0,1.6896841e-08
45957,2025-08-05 05:00:00,CV001718,0.0,0.0,1.6889462e-08
45958,2025-08-05 05:30:00,CV001718,0.0,0.0,1.6882344e-08
45959,2025-08-05 05:30:00,CV001718,0.0,0.0,1.6875456e-08
45960,2025-08-05 06:00:00,CV001718,0.0,0.0,1.6868793e-08
45961,2025-08-05 06:00:00,CV001718,0.0,0.0,1.686236e-08
45962,2025-08-05 06:30:00,CV001718,0.0,0.0,1.6855928e-08
45963,2025-08-05 06:30:00,CV001718,0.0,0.0,1.6849983e-08
45964,2025-08-05 07:00:00,CV001718,0.0,0.0,1.6844295e-08
45965,2025-08-05 07:00:00,CV001718,0.0,0.0,1.683864e-08
45966,2025-08-05 07:30:00,CV001718,0.0,0.0,1.6833406e-08
45967,2025-08-05 07:30:00,CV001718,0.0,0.0,1.6828334e-08
45968,2025-08-05 08:00:00,CV001718,0.0,0.0,1.6823424e-08
45969,2025-08-05 08:00:00,CV001718,0.0,0.0,1.681874e-08
45970,2025-08-05 08:30:00,CV001718,0.0,0.0,1.6814218e-08
45971,2025-08-05 08:30:00,CV001718,0.0,0.0,1.6809953e-08
45972,2025-08-05 09:00:00,CV001718,0.0,0.0,1.6806041e-08
45973,2025-08-05 09:00:00,CV001718,0.0,0.0,1.680226e-08
45974,2025-08-05 09:30:00,CV001718,0.0,0.0,1.6798671e-08
45975,2025-08-05 09:30:00,CV001718,0.0,0.0,1.6795243e-08
45976,2025-08-05 10:00:00,CV001718,0.0,0.0,1.6792104e-08
45977,2025-08-05 10:00:00,CV001718,0.0,0.0,1.6789157e-08
45978,2025-08-05 10:30:00,CV001718,0.0,0.0,1.6786371e-08
45979,2025-08-05 10:30:00,CV001718,0.0,0.0,1.678397e-08
45980,2025-08-05 11:00:00,CV001718,0.0,0.0,1.6781634e-08
45981,2025-08-05 11:00:00,CV001718,0.0,0.0,1.6779488e-08
45982,2025-08-05 11:30:00,CV001718,0.0,0.0,1.67776e-08
45983,2025-08-05 11:30:00,CV001718,0.0,0.0,1.6775969e-08
45984,2025-08-05 12:00:00,CV001718,0.0,0.0,1.6774528e-08
45985,2025-08-05 12:00:00,CV001718,0.0,0.0,1.6773217e-08
45986,2025-08-05 12:30:00,CV001718,0.0,0.0,1.677213e-08
45987,2025-08-05 12:30:00,CV001718,0.0,0.0,1.6771267e-08
45988,2025-08-05 13:00:00,CV001718,0.0,0.0,1.6770626e-08
45989,2025-08-05 13:00:00,CV001718,0.0,0.0,1.6770146e-08
45990,2025-08-05 13:30:00,CV001718,0.0,0.0,1.6769826e-08
45991,2025-08-05 13:30:00,CV001718,0.0,0.0,1.6769826e-08
45992,2025-08-05 14:00:00,CV001718,0.0,0.0,1.6769986e-08
45993,2025-08-05 14:00:00,CV001718,0.0,0.0,1.6770306e-08
45994,2025-08-05 14:30:00,CV001718,0.0,0.0,1.6770851e-08
45995,2025-08-05 14:30:00,CV001718,0.0,0.0,1.6771619e-08
45996,2025-08-05 15:00:00,CV001718,0.0,0.0,1.6772482e-08
45997,2025-08-05 15:00:00,CV001718,0.0,0.0,1.6773633e-08
45998,2025-08-05 15:30:00,CV001718,0.0,0.0,1.6774976e-08
45999,2025-08-05 15:30:00,CV001718,0.0,0.0,1.677648e-08
46000,2025-08-05 16:00:00,CV001718,0.0,0.0,1.6778241e-08
46001,2025-08-05 16:00:00,CV001718,0.0,0.0,1.6780065e-08
46002,2025-08-05 16:30:00,CV001718,0.0,0.0,1.6782241e-08
46003,2025-08-05 16:30:00,CV001718,0.0,0.0,1.678461e-08
46004,2025-08-05 17:00:00,CV001718,0.0,0.0,1.6787013e-08
46005,2025-08-05 17:00:00,CV001718,0.0,0.0,1.6789636e-08
46006,2025-08-05 17:30:00,CV001718,0.0,0.0,1.6792583e-08
46007,2025-08-05 17:30:00,CV001718,0.0,0.0,1.6795628e-08
46008,2025-08-05 18:00:00,CV001718,0.0,0.0,1.6798863e-08
46009,2025-08-05 18:00:00,CV001718,0.0,0.0,1.6802389e-08
46010,2025-08-05 18:30:00,CV001718,0.0,0.0,1.6806009e-08
46011,2025-08-05 18:30:00,CV001718,0.0,0.0,1.6809857e-08
46012,2025-08-05 19:00:00,CV001718,0.0,0.0,1.68138e-08
46013,2025-08-05 19:00:00,CV001718,0.0,0.0,1.681797e-08
46014,2025-08-05 19:30:00,CV001718,0.0,0.0,1.6822364e-08
46015,2025-08-05 19:30:00,CV001718,0.0,0.0,1.6826954e-08
46016,2025-08-05 20:00:00,CV001718,0.0,0.0,1.6831738e-08
46017,2025-08-05 20:00:00,CV001718,0.0,0.0,1.6836681e-08
46018,2025-08-05 20:30:00,CV001718,0.0,0.0,1.684182e-08
46019,2025-08-05 20:30:00,CV001718,0.0,0.0,1.6847121e-08
46020,2025-08-05 21:00:00,CV001718,0.0,0.0,1.6852553e-08
46021,2025-08-05 21:00:00,CV001718,0.0,0.0,1.6858243e-08
46022,2025-08-05 21:30:00,CV001718,0.0,0.0,1.6864128e-08
46023,2025-08-05 21:30:00,CV001718,0.0,0.0,1.6870144e-08
46024,2025-08-05 22:00:00,CV001718,0.0,0.0,1.6876388e-08
46025,2025-08-05 22:00:00,CV001718,0.0,0.0,1.6882666e-08
46026,2025-08-05 22:30:00,CV001718,0.0,0.0,1.6889398e-08
46027,2025-08-05 22:30:00,CV001718,0.0,0.0,1.6896132e-08
46028,2025-08-05 23:00:00,CV001718,0.0,0.0,1.690303e-08
46029,2025-08-05 23:00:00,CV001718,0.0,0.0,1.6910189e-08
46030,2025-08-05 23:30:00,CV001718,0.0,0.0,1.6917511e-08
46031,2025-08-05 23:30:00,CV001718,0.0,0.0,1.6924934e-08
46032,2025-08-06 00:00:00,CV001718,0.0,0.0,1.6932523e-08
46033,2025-08-06 00:00:00,CV001718,0.0,0.0,1.6940405e-08
46034,2025-08-06 00:30:00,CV001718,0.0,0.0,1.6948453e-08
46035,2025-08-06 00:30:00,CV001718,0.0,0.0,1.6956697e-08
46036,2025-08-06 01:00:00,CV001718,0.0,0.0,1.6965044e-08
46037,2025-08-06 01:00:00,CV001718,0.0,0.0,1.6973557e-08
46038,2025-08-06 01:30:00,CV001718,0.0,0.0,1.69823e-08
46039,2025-08-06 01:30:00,CV001718,0.0,0.0,1.6991113e-08
46040,2025-08-06 02:00:00,CV001718,0.0,0.0,1.7000255e-08
46041,2025-08-06 02:00:00,CV001718,0.0,0.0,1.7009498e-08
46042,2025-08-06 02:30:00,CV001718,0.0,0.0,1.7018909e-08
46043,2025-08-06 02:30:00,CV001718,0.0,0.0,1.7028585e-08
46044,2025-08-06 03:00:00,CV001718,0.0,0.0,1.7038266e-08
46045,2025-08-06 03:00:00,CV001718,0.0,0.0,1.7048247e-08
46046,2025-08-06 03:30:00,CV001718,0.0,0.0,1.7058232e-08
46047,2025-08-06 03:30:00,CV001718,0.0,0.0,1.7068583e-08
46048,2025-08-06 04:00:00,CV001718,0.0,0.0,1.7079003e-08
46049,2025-08-06 04:00:00,CV001718,0.0,0.0,1.7089626e-08
46050,2025-08-06 04:30:00,CV001718,0.0,0.0,1.7100453e-08
46051,2025-08-06 04:30:00,CV001718,0.0,0.0,1.711148e-08
46052,2025-08-06 05:00:00,CV001718,0.0,0.0,1.7122579e-08
46053,2025-08-06 05:00:00,CV001718,0.0,0.0,1.7134047e-08
46054,2025-08-06 05:30:00,CV001718,0.0,0.0,1.7145457e-08
46055,2025-08-06 05:30:00,CV001718,0.0,0.0,1.7157102e-08
46056,2025-08-06 06:00:00,CV001718,0.0,0.0,1.7168984e-08
46057,2025-08-06 06:00:00,CV001718,0.0,0.0,1.7180975e-08
46058,2025-08-06 06:30:00,CV001718,0.0,0.0,1.7193104e-08
46059,2025-08-06 06:30:00,CV001718,0.0,0.0,1.7205505e-08
46060,2025-08-06 07:00:00,CV001718,0.0,0.0,1.7217946e-08
46061,2025-08-06 07:00:00,CV001718,0.0,0.0,1.7230628e-08
46062,2025-08-06 07:30:00,CV001718,0.0,0.0,1.7243549e-08
46063,2025-08-06 07:30:00,CV001718,0.0,0.0,1.7256545e-08
46064,2025-08-06 08:00:00,CV001718,0.0,0.0,1.7269715e-08
46065,2025-08-06 08:00:00,CV001718,0.0,0.0,1.7282996e-08
46066,2025-08-06 08:30:00,CV001718,0.0,0.0,1.7296482e-08
46067,2025-08-06 08:30:00,CV001718,0.0,0.0,1.7310343e-08
46068,2025-08-06 09:00:00,CV001718,0.0,0.0,1.7324183e-08
46069,2025-08-06 09:00:00,CV001718,0.0,0.0,1.7338165e-08
46070,2025-08-06 09:30:00,CV001718,0.0,0.0,1.7352326e-08
46071,2025-08-06 09:30:00,CV001718,0.0,0.0,1.7366762e-08
46072,2025-08-06 10:00:00,CV001718,0.0,0.0,1.7381277e-08
46073,2025-08-06 10:00:00,CV001718,0.0,0.0,1.739597e-08
46074,2025-08-06 10:30:00,CV001718,0.0,0.0,1.7410906e-08
46075,2025-08-06 10:30:00,CV001718,0.0,0.0,1.742589e-08
46076,2025-08-06 11:00:00,CV001718,0.0,0.0,1.7441053e-08
46077,2025-08-06 11:00:00,CV001718,0.0,0.0,1.7456463e-08
46078,2025-08-06 11:30:00,CV001718,0.0,0.0,1.7471985e-08
46079,2025-08-06 11:30:00,CV001718,0.0,0.0,1.7487688e-08
46080,2025-08-06 12:00:00,CV001718,0.0,0.0,1.7503538e-08
46081,2025-08-06 12:00:00,CV001718,0.0,0.0,1.7519538e-08
46082,2025-08-06 12:30:00,CV001718,0.0,0.0,1.7535752e-08
46083,2025-08-06 12:30:00,CV001718,0.0,0.0,1.7552116e-08
46084,2025-08-06 13:00:00,CV001718,0.0,0.0,1.7568695e-08
46085,2025-08-06 13:00:00,CV001718,0.0,0.0,1.7585357e-08
46086,2025-08-06 13:30:00,CV001718,0.0,0.0,1.760227e-08
46087,2025-08-06 13:30:00,CV001718,0.0,0.0,1.7619367e-08
46088,2025-08-06 14:00:00,CV001718,0.0,0.0,1.7636381e-08
46089,2025-08-06 14:00:00,CV001718,0.0,0.0,1.765378e-08
46090,2025-08-06 14:30:00,CV001718,0.0,0.0,1.7671265e-08
46091,2025-08-06 14:30:00,CV001718,0.0,0.0,1.7689038e-08
46092,2025-08-06 15:00:00,CV001718,0.0,0.0,1.7706858e-08
46093,2025-08-06 15:00:00,CV001718,0.0,0.0,1.7724803e-08
46094,2025-08-06 15:30:00,CV001718,0.0,0.0,1.7743101e-08
46095,2025-08-06 15:30:00,CV001718,0.0,0.0,1.7761318e-08
46096,2025-08-06 16:00:00,CV001718,0.0,0.0,1.7779858e-08
46097,2025-08-06 16:00:00,CV001718,0.0,0.0,1.7798689e-08
46098,2025-08-06 16:30:00,CV001718,0.0,0.0,1.7817438e-08
46099,2025-08-06 16:30:00,CV001718,0.0,0.0,1.7836411e-08
46100,2025-08-06 17:00:00,CV001718,0.0,0.0,1.7855541e-08
46101,2025-08-06 17:00:00,CV001718,0.0,0.0,1.7874964e-08
46102,2025-08-06 17:30:00,CV001718,0.0,0.0,1.7894443e-08
46103,2025-08-06 17:30:00,CV001718,0.0,0.0,1.7914148e-08
46104,2025-08-06 18:00:00,CV001718,0.0,0.0,1.7933942e-08
46105,2025-08-06 18:00:00,CV001718,0.0,0.0,1.795386e-08
46106,2025-08-06 18:30:00,CV001718,0.0,0.0,1.7974143e-08
46107,2025-08-06 18:30:00,CV001718,0.0,0.0,1.7994417e-08
46108,2025-08-06 19:00:00,CV001718,0.0,0.0,1.8014816e-08
46109,2025-08-06 19:00:00,CV001718,0.0,0.0,1.8035582e-08
46110,2025-08-06 19:30:00,CV001718,0.0,0.0,1.805637e-08
46111,2025-08-06 19:30:00,CV001718,0.0,0.0,1.8077323e-08
46112,2025-08-06 20:00:00,CV001718,0.0,0.0,1.8098506e-08
46113,2025-08-06 20:00:00,CV001718,0.0,0.0,1.8119783e-08
46114,2025-08-06 20:30:00,CV001718,0.0,0.0,1.8141362e-08
46115,2025-08-06 20:30:00,CV001718,0.0,0.0,1.8162897e-08
46116,2025-08-06 21:00:00,CV001718,0.0,0.0,1.8184735e-08
46117,2025-08-06 21:00:00,CV001718,0.0,0.0,1.8206599e-08
46118,2025-08-06 21:30:00,CV001718,0.0,0.0,1.8228803e-08
46119,2025-08-06 21:30:00,CV001718,0.0,0.0,1.825107e-08
46120,2025-08-06 22:00:00,CV001718,0.0,0.0,1.827357e-08
46121,2025-08-06 22:00:00,CV001718,0.0,0.0,1.8296204e-08
46122,2025-08-06 22:30:00,CV001718,0.0,0.0,1.8318902e-08
46123,2025-08-06 22:30:00,CV001718,0.0,0.0,1.8341872e-08
46124,2025-08-06 23:00:00,CV001718,0.0,0.0,1.836501e-08
46125,2025-08-06 23:00:00,CV001718,0.0,0.0,1.838839e-08
46126,2025-08-06 23:30:00,CV001718,0.0,0.0,1.8411834e-08
46127,2025-08-06 23:30:00,CV001718,0.0,0.0,1.8435378e-08
46128,2025-08-07 00:00:00,CV001718,0.0,0.0,1.8459092e-08
46129,2025-08-07 00:00:00,CV001718,0.0,0.0,1.8483085e-08
46130,2025-08-07 00:30:00,CV001718,0.0,0.0,1.8507356e-08
46131,2025-08-07 00:30:00,CV001718,0.0,0.0,1.8531445e-08
46132,2025-08-07 01:00:00,CV001718,0.0,0.0,1.855592e-08
46133,2025-08-07 01:00:00,CV001718,0.0,0.0,1.8580499e-08
46134,2025-08-07 01:30:00,CV001718,0.0,0.0,1.8605288e-08
46135,2025-08-07 01:30:00,CV001718,0.0,0.0,1.863011e-08
46136,2025-08-07 02:00:00,CV001718,0.0,0.0,1.865532e-08
46137,2025-08-07 02:00:00,CV001718,0.0,0.0,1.8680531e-08
46138,2025-08-07 02:30:00,CV001718,0.0,0.0,1.8706025e-08
46139,2025-08-07 02:30:00,CV001718,0.0,0.0,1.8731587e-08
46140,2025-08-07 03:00:00,CV001718,0.0,0.0,1.8757257e-08
46141,2025-08-07 03:00:00,CV001718,0.0,0.0,1.8783393e-08
46142,2025-08-07 03:30:00,CV001718,0.0,0.0,1.8809313e-08
46143,2025-08-07 03:30:00,CV001718,0.0,0.0,1.883563e-08
46144,2025-08-07 04:00:00,CV001718,0.0,0.0,1.8862053e-08
46145,2025-08-07 04:00:00,CV001718,0.0,0.0,1.888873e-08
46146,2025-08-07 04:30:00,CV001718,0.0,0.0,1.8915554e-08
46147,2025-08-07 04:30:00,CV001718,0.0,0.0,1.8942378e-08
46148,2025-08-07 05:00:00,CV001718,0.0,0.0,1.8969532e-08
46149,2025-08-07 05:00:00,CV001718,0.0,0.0,1.8996724e-08
46150,2025-08-07 05:30:00,CV001718,0.0,0.0,1.9024172e-08
46151,2025-08-07 05:30:00,CV001718,0.0,0.0,1.9051843e-08
46152,2025-08-07 06:00:00,CV001718,0.0,0.0,1.9079444e-08
46153,2025-08-07 06:00:00,CV001718,0.0,0.0,1.9107448e-08
46154,2025-08-07 06:30:00,CV001718,0.0,0.0,1.913553e-08
46155,2025-08-07 06:30:00,CV001718,0.0,0.0,1.9163949e-08
46156,2025-08-07 07:00:00,CV001718,0.0,0.0,1.9192296e-08
46157,2025-08-07 07:00:00,CV001718,0.0,0.0,1.9220945e-08
46158,2025-08-07 07:30:00,CV001718,0.0,0.0,1.9249635e-08
46159,2025-08-07 07:30:00,CV001718,0.0,0.0,1.9278552e-08
46160,2025-08-07 08:00:00,CV001718,0.0,0.0,1.930777e-08
46161,2025-08-07 08:00:00,CV001718,0.0,0.0,1.9336921e-08
46162,2025-08-07 08:30:00,CV001718,0.0,0.0,1.9366377e-08
46163,2025-08-07 08:30:00,CV001718,0.0,0.0,1.9396172e-08
46164,2025-08-07 09:00:00,CV001718,0.0,0.0,1.9425938e-08
46165,2025-08-07 09:00:00,CV001718,0.0,0.0,1.945575e-08
46166,2025-08-07 09:30:00,CV001718,0.0,0.0,1.948598e-08
46167,2025-08-07 09:30:00,CV001718,0.0,0.0,1.9516184e-08
46168,2025-08-07 10:00:00,CV001718,0.0,0.0,1.9546695e-08
46169,2025-08-07 10:00:00,CV001718,0.0,0.0,1.9577364e-08
46170,2025-08-07 10:30:00,CV001718,0.0,0.0,1.9608233e-08
46171,2025-08-07 10:30:00,CV001718,0.0,0.0,1.9639112e-08
46172,2025-08-07 11:00:00,CV001718,0.0,0.0,1.9670376e-08
46173,2025-08-07 11:00:00,CV001718,0.0,0.0,1.9701504e-08
46174,2025-08-07 11:30:00,CV001718,0.0,0.0,1.973317e-08
46175,2025-08-07 11:30:00,CV001718,0.0,0.0,1.976481e-08
46176,2025-08-07 12:00:00,CV001718,0.0,0.0,1.9796616e-08
46177,2025-08-07 12:00:00,CV001718,0.0,0.0,1.9828624e-08
46178,2025-08-07 12:30:00,CV001718,0.0,0.0,1.9860758e-08
46179,2025-08-07 12:30:00,CV001718,0.0,0.0,1.9893099e-08
46180,2025-08-07 13:00:00,CV001718,0.0,0.0,1.9925679e-08
46181,2025-08-07 13:00:00,CV001718,0.0,0.0,1.995843e-08
46182,2025-08-07 13:30:00,CV001718,0.0,0.0,1.999127e-08
46183,2025-08-07 13:30:00,CV001718,0.0,0.0,2.0024359e-08
46184,2025-08-07 14:00:00,CV001718,0.0,0.0,2.0057422e-08
46185,2025-08-07 14:00:00,CV001718,0.0,0.0,2.0090924e-08
46186,2025-08-07 14:30:00,CV001718,0.0,0.0,2.0124444e-08
46187,2025-08-07 14:30:00,CV001718,0.0,0.0,2.015829e-08
46188,2025-08-07 15:00:00,CV001718,0.0,0.0,2.0192113e-08
46189,2025-08-07 15:00:00,CV001718,0.0,0.0,2.0226343e-08
46190,2025-08-07 15:30:00,CV001718,0.0,0.0,2.0260476e-08
46191,2025-08-07 15:30:00,CV001718,0.0,0.0,2.029482e-08
46192,2025-08-07 16:00:00,CV001718,0.0,0.0,2.0329612e-08
46193,2025-08-07 16:00:00,CV001718,0.0,0.0,2.0364384e-08
46194,2025-08-07 16:30:00,CV001718,0.0,0.0,2.0399217e-08
46195,2025-08-07 16:30:00,CV001718,0.0,0.0,2.0434536e-08
46196,2025-08-07 17:00:00,CV001718,0.0,0.0,2.0469802e-08
46197,2025-08-07 17:00:00,CV001718,0.0,0.0,2.0505322e-08
46198,2025-08-07 17:30:00,CV001718,0.0,0.0,2.0540904e-08
46199,2025-08-07 17:30:00,CV001718,0.0,0.0,2.0576941e-08
46200,2025-08-07 18:00:00,CV001718,0.0,0.0,2.0612806e-08
46201,2025-08-07 18:00:00,CV001718,0.0,0.0,2.0648967e-08
46202,2025-08-07 18:30:00,CV001718,0.0,0.0,2.068543e-08
46203,2025-08-07 18:30:00,CV001718,0.0,0.0,2.0722036e-08
46204,2025-08-07 19:00:00,CV001718,0.0,0.0,2.0758629e-08
46205,2025-08-07 19:00:00,CV001718,0.0,0.0,2.0795722e-08
46206,2025-08-07 19:30:00,CV001718,0.0,0.0,2.0832681e-08
46207,2025-08-07 19:30:00,CV001718,0.0,0.0,2.0870067e-08
46208,2025-08-07 20:00:00,CV001718,0.0,0.0,2.090756e-08
46209,2025-08-07 20:00:00,CV001718,0.0,0.0,2.0945238e-08
46210,2025-08-07 20:30:00,CV001718,0.0,0.0,2.0982785e-08
46211,2025-08-07 20:30:00,CV001718,0.0,0.0,2.102096e-08
46212,2025-08-07 21:00:00,CV001718,0.0,0.0,2.1059122e-08
46213,2025-08-07 21:00:00,CV001718,0.0,0.0,2.1097598e-08
46214,2025-08-07 21:30:00,CV001718,0.0,0.0,2.1136064e-08
46215,2025-08-07 21:30:00,CV001718,0.0,0.0,2.11748e-08
46216,2025-08-07 22:00:00,CV001718,0.0,0.0,2.121373e-08
46217,2025-08-07 22:00:00,CV001718,0.0,0.0,2.125277e-08
46218,2025-08-07 22:30:00,CV001718,0.0,0.0,2.1292006e-08
46219,2025-08-07 22:30:00,CV001718,0.0,0.0,2.1331434e-08
46220,2025-08-07 23:00:00,CV001718,0.0,0.0,2.1371141e-08
46221,2025-08-07 23:00:00,CV001718,0.0,0.0,2.1410962e-08
46222,2025-08-07 23:30:00,CV001718,0.0,0.0,2.1451063e-08
46223,2025-08-07 23:30:00,CV001718,0.0,0.0,2.149132e-08
46224,2025-08-08 00:00:00,CV001718,0.0,0.0,2.153165e-08
46225,2025-08-08 00:00:00,CV001718,0.0,0.0,2.15721e-08
46226,2025-08-08 00:30:00,CV001718,0.0,0.0,2.1612912e-08
46227,2025-08-08 00:30:00,CV001718,0.0,0.0,2.1653806e-08
46228,2025-08-08 01:00:00,CV001718,0.0,0.0,2.1694897e-08
46229,2025-08-08 01:00:00,CV001718,0.0,0.0,2.1736232e-08
46230,2025-08-08 01:30:00,CV001718,0.0,0.0,2.1777689e-08
46231,2025-08-08 01:30:00,CV001718,0.0,0.0,2.1819352e-08
46232,2025-08-08 02:00:00,CV001718,0.0,0.0,2.1861258e-08
46233,2025-08-08 02:00:00,CV001718,0.0,0.0,2.1903329e-08
46234,2025-08-08 02:30:00,CV001718,0.0,0.0,2.1945565e-08
46235,2025-08-08 02:30:00,CV001718,0.0,0.0,2.1988049e-08
46236,2025-08-08 03:00:00,CV001718,0.0,0.0,2.2030743e-08
46237,2025-08-08 03:00:00,CV001718,0.0,0.0,2.2073435e-08
46238,2025-08-08 03:30:00,CV001718,0.0,0.0,2.2116462e-08
46239,2025-08-08 03:30:00,CV001718,0.0,0.0,2.2159785e-08
46240,2025-08-08 04:00:00,CV001718,0.0,0.0,2.2203023e-08
46241,2025-08-08 04:00:00,CV001718,0.0,0.0,2.224656e-08
46242,2025-08-08 04:30:00,CV001718,0.0,0.0,2.2290306e-08
46243,2025-08-08 04:30:00,CV001718,0.0,0.0,2.233431e-08
46244,2025-08-08 05:00:00,CV001718,0.0,0.0,2.2378444e-08
46245,2025-08-08 05:00:00,CV001718,0.0,0.0,2.2422707e-08
46246,2025-08-08 05:30:00,CV001718,0.0,0.0,2.246736e-08
46247,2025-08-08 05:30:00,CV001718,0.0,0.0,2.2512015e-08
46248,2025-08-08 06:00:00,CV001718,0.0,0.0,2.2557058e-08
46249,2025-08-08 06:00:00,CV001718,0.0,0.0,2.2602022e-08
46250,2025-08-08 06:30:00,CV001718,0.0,0.0,2.2647288e-08
46251,2025-08-08 06:30:00,CV001718,0.0,0.0,2.269282e-08
46252,2025-08-08 07:00:00,CV001718,0.0,0.0,2.2738442e-08
46253,2025-08-08 07:00:00,CV001718,0.0,0.0,2.2784375e-08
46254,2025-08-08 07:30:00,CV001718,0.0,0.0,2.2830443e-08
46255,2025-08-08 07:30:00,CV001718,0.0,0.0,2.2876822e-08
46256,2025-08-08 08:00:00,CV001718,0.0,0.0,2.2923121e-08
46257,2025-08-08 08:00:00,CV001718,0.0,0.0,2.296982e-08
46258,2025-08-08 08:30:00,CV001718,0.0,0.0,2.3016572e-08
46259,2025-08-08 08:30:00,CV001718,0.0,0.0,2.306377e-08
46260,2025-08-08 09:00:00,CV001718,0.0,0.0,2.3111019e-08
46261,2025-08-08 09:00:00,CV001718,0.0,0.0,2.31585e-08
46262,2025-08-08 09:30:00,CV001718,0.0,0.0,2.3206077e-08
46263,2025-08-08 09:30:00,CV001718,0.0,0.0,2.3253884e-08
46264,2025-08-08 10:00:00,CV001718,0.0,0.0,2.3301968e-08
46265,2025-08-08 10:00:00,CV001718,0.0,0.0,2.3350285e-08
46266,2025-08-08 10:30:00,CV001718,0.0,0.0,2.3398881e-08
46267,2025-08-08 10:30:00,CV001718,0.0,0.0,2.3447356e-08
46268,2025-08-08 11:00:00,CV001718,0.0,0.0,2.3496108e-08
46269,2025-08-08 11:00:00,CV001718,0.0,0.0,2.3545187e-08
46270,2025-08-08 11:30:00,CV001718,0.0,0.0,2.359464e-08
46271,2025-08-08 11:30:00,CV001718,0.0,0.0,2.364406e-08
46272,2025-08-08 12:00:00,CV001718,0.0,0.0,2.3693717e-08
46273,2025-08-08 12:00:00,CV001718,0.0,0.0,2.3743482e-08
46274,2025-08-08 12:30:00,CV001718,0.0,0.0,2.3793667e-08
46275,2025-08-08 12:30:00,CV001718,0.0,0.0,2.3843869e-08
46276,2025-08-08 13:00:00,CV001718,0.0,0.0,2.3894405e-08
46277,2025-08-08 13:00:00,CV001718,0.0,0.0,2.3945228e-08
46278,2025-08-08 13:30:00,CV001718,0.0,0.0,2.3995977e-08
46279,2025-08-08 13:30:00,CV001718,0.0,0.0,2.404697e-08
46280,2025-08-08 14:00:00,CV001718,0.0,0.0,2.409835e-08
46281,2025-08-08 14:00:00,CV001718,0.0,0.0,2.414984e-08
46282,2025-08-08 14:30:00,CV001718,0.0,0.0,2.4201483e-08
46283,2025-08-08 14:30:00,CV001718,0.0,0.0,2.4253424e-08
46284,2025-08-08 15:00:00,CV001718,0.0,0.0,2.4305567e-08
46285,2025-08-08 15:00:00,CV001718,0.0,0.0,2.435801e-08
46286,2025-08-08 15:30:00,CV001718,0.0,0.0,2.4410287e-08
46287,2025-08-08 15:30:00,CV001718,0.0,0.0,2.4463143e-08
46288,2025-08-08 16:00:00,CV001718,0.0,0.0,2.4516158e-08
46289,2025-08-08 16:00:00,CV001718,0.0,0.0,2.4569195e-08
46290,2025-08-08 16:30:00,CV001718,0.0,0.0,2.462263e-08
46291,2025-08-08 16:30:00,CV001718,0.0,0.0,2.4676416e-08
46292,2025-08-08 17:00:00,CV001718,0.0,0.0,2.4730083e-08
46293,2025-08-08 17:00:00,CV001718,0.0,0.0,2.478396e-08
46294,2025-08-08 17:30:00,CV001718,0.0,0.0,2.4838286e-08
46295,2025-08-08 17:30:00,CV001718,0.0,0.0,2.4892685e-08
46296,2025-08-08 18:00:00,CV001718,0.0,0.0,2.4947441e-08
46297,2025-08-08 18:00:00,CV001718,0.0,0.0,2.5002318e-08
46298,2025-08-08 18:30:00,CV001718,0.0,0.0,2.5057364e-08
46299,2025-08-08 18:30:00,CV001718,0.0,0.0,2.511272e-08
46300,2025-08-08 19:00:00,CV001718,0.0,0.0,2.5168202e-08
46301,2025-08-08 19:00:00,CV001718,0.0,0.0,2.5223997e-08
46302,2025-08-08 19:30:00,CV001718,0.0,0.0,2.527982e-08
46303,2025-08-08 19:30:00,CV001718,0.0,0.0,2.5335911e-08
46304,2025-08-08 20:00:00,CV001718,0.0,0.0,2.5392268e-08
46305,2025-08-08 20:00:00,CV001718,0.0,0.0,2.544895e-08
46306,2025-08-08 20:30:00,CV001718,0.0,0.0,2.5505853e-08
46307,2025-08-08 20:30:00,CV001718,0.0,0.0,2.5562835e-08
46308,2025-08-08 21:00:00,CV001718,0.0,0.0,2.5620045e-08
46309,2025-08-08 21:00:00,CV001718,0.0,0.0,2.5677574e-08
46310,2025-08-08 21:30:00,CV001718,0.0,0.0,2.5735089e-08
46311,2025-08-08 21:30:00,CV001718,0.0,0.0,2.5793222e-08
46312,2025-08-08 22:00:00,CV001718,0.0,0.0,2.5851588e-08
46313,2025-08-08 22:00:00,CV001718,0.0,0.0,2.590954e-08
46314,2025-08-08 22:30:00,CV001718,0.0,0.0,2.5968069e-08
46315,2025-08-08 22:30:00,CV001718,0.0,0.0,2.6026976e-08
46316,2025-08-08 23:00:00,CV001718,0.0,0.0,2.608587e-08
46317,2025-08-08 23:00:00,CV001718,0.0,0.0,2.6145344e-08
46318,2025-08-08 23:30:00,CV001718,0.0,0.0,2.6204704e-08
46319,2025-08-08 23:30:00,CV001718,0.0,0.0,2.626455e-08
46320,2025-08-09 00:00:00,CV001718,0.0,0.0,2.6324381e-08
46321,2025-08-09 00:00:00,CV001718,0.0,0.0,2.638435e-08
46322,2025-08-09 00:30:00,CV001718,0.0,0.0,2.644491e-08
46323,2025-08-09 00:30:00,CV001718,0.0,0.0,2.6505305e-08
46324,2025-08-09 01:00:00,CV001718,0.0,0.0,2.6566344e-08
46325,2025-08-09 01:00:00,CV001718,0.0,0.0,2.662722e-08
46326,2025-08-09 01:30:00,CV001718,0.0,0.0,2.668864e-08
46327,2025-08-09 01:30:00,CV001718,0.0,0.0,2.6750053e-08
46328,2025-08-09 02:00:00,CV001718,0.0,0.0,2.6811808e-08
46329,2025-08-09 02:00:00,CV001718,0.0,0.0,2.6873913e-08
46330,2025-08-09 02:30:00,CV001718,0.0,0.0,2.6936005e-08
46331,2025-08-09 02:30:00,CV001718,0.0,0.0,2.6998192e-08
46332,2025-08-09 03:00:00,CV001718,0.0,0.0,2.7060985e-08
46333,2025-08-09 03:00:00,CV001718,0.0,0.0,2.7123976e-08
46334,2025-08-09 03:30:00,CV001718,0.0,0.0,2.7186804e-08
46335,2025-08-09 03:30:00,CV001718,0.0,0.0,2.72504e-08
46336,2025-08-09 04:00:00,CV001718,0.0,0.0,2.7314144e-08
46337,2025-08-09 04:00:00,CV001718,0.0,0.0,2.7377776e-08
46338,2025-08-09 04:30:00,CV001718,0.0,0.0,2.7441768e-08
46339,2025-08-09 04:30:00,CV001718,0.0,0.0,2.750617e-08
46340,2025-08-09 05:00:00,CV001718,0.0,0.0,2.757041e-08
46341,2025-08-09 05:00:00,CV001718,0.0,0.0,2.7635432e-08
46342,2025-08-09 05:30:00,CV001718,0.0,0.0,2.7700393e-08
46343,2025-08-09 05:30:00,CV001718,0.0,0.0,2.7765507e-08
46344,2025-08-09 06:00:00,CV001718,0.0,0.0,2.7830936e-08
46345,2025-08-09 06:00:00,CV001718,0.0,0.0,2.7896784e-08
46346,2025-08-09 06:30:00,CV001718,0.0,0.0,2.7962628e-08
46347,2025-08-09 06:30:00,CV001718,0.0,0.0,2.8028733e-08
46348,2025-08-09 07:00:00,CV001718,0.0,0.0,2.8095373e-08
46349,2025-08-09 07:00:00,CV001718,0.0,0.0,2.8162006e-08
46350,2025-08-09 07:30:00,CV001718,0.0,0.0,2.8229014e-08
46351,2025-08-09 07:30:00,CV001718,0.0,0.0,2.8295805e-08
46352,2025-08-09 08:00:00,CV001718,0.0,0.0,2.8363509e-08
46353,2025-08-09 08:00:00,CV001718,0.0,0.0,2.8430943e-08
46354,2025-08-09 08:30:00,CV001718,0.0,0.0,2.8498917e-08
46355,2025-08-09 08:30:00,CV001718,0.0,0.0,2.8567053e-08
46356,2025-08-09 09:00:00,CV001718,0.0,0.0,2.8635188e-08
46357,2025-08-09 09:00:00,CV001718,0.0,0.0,2.8703706e-08
46358,2025-08-09 09:30:00,CV001718,0.0,0.0,2.8772883e-08
46359,2025-08-09 09:30:00,CV001718,0.0,0.0,2.884195e-08
46360,2025-08-09 10:00:00,CV001718,0.0,0.0,2.8911181e-08
46361,2025-08-09 10:00:00,CV001718,0.0,0.0,2.898102e-08
46362,2025-08-09 10:30:00,CV001718,0.0,0.0,2.9050645e-08
46363,2025-08-09 10:30:00,CV001718,0.0,0.0,2.9120766e-08
46364,2025-08-09 11:00:00,CV001718,0.0,0.0,2.9191114e-08
46365,2025-08-09 11:00:00,CV001718,0.0,0.0,2.926163e-08
46366,2025-08-09 11:30:00,CV001718,0.0,0.0,2.9332432e-08
46367,2025-08-09 11:30:00,CV001718,0.0,0.0,2.9403736e-08
46368,2025-08-09 12:00:00,CV001718,0.0,0.0,2.947505e-08
46369,2025-08-09 12:00:00,CV001718,0.0,0.0,2.9546477e-08
46370,2025-08-09 12:30:00,CV001718,0.0,0.0,2.9618477e-08
46371,2025-08-09 12:30:00,CV001718,0.0,0.0,2.9690478e-08
46372,2025-08-09 13:00:00,CV001718,0.0,0.0,2.9762885e-08
46373,2025-08-09 13:00:00,CV001718,0.0,0.0,2.9835352e-08
46374,2025-08-09 13:30:00,CV001718,0.0,0.0,2.9908055e-08
46375,2025-08-09 13:30:00,CV001718,0.0,0.0,2.998116e-08
46376,2025-08-09 14:00:00,CV001718,0.0,0.0,3.005479e-08
46377,2025-08-09 14:00:00,CV001718,0.0,0.0,3.012831e-08
46378,2025-08-09 14:30:00,CV001718,0.0,0.0,3.02023e-08
46379,2025-08-09 14:30:00,CV001718,0.0,0.0,3.0276244e-08
46380,2025-08-09 15:00:00,CV001718,0.0,0.0,3.03506e-08
46381,2025-08-09 15:00:00,CV001718,0.0,0.0,3.0425426e-08
46382,2025-08-09 15:30:00,CV001718,0.0,0.0,3.0500438e-08
46383,2025-08-09 15:30:00,CV001718,0.0,0.0,3.0575457e-08
46384,2025-08-09 16:00:00,CV001718,0.0,0.0,3.0650842e-08
46385,2025-08-09 16:00:00,CV001718,0.0,0.0,3.0726408e-08
46386,2025-08-09 16:30:00,CV001718,0.0,0.0,3.0802337e-08
46387,2025-08-09 16:30:00,CV001718,0.0,0.0,3.087857e-08
46388,2025-08-09 17:00:00,CV001718,0.0,0.0,3.095517e-08
46389,2025-08-09 17:00:00,CV001718,0.0,0.0,3.10322e-08
46390,2025-08-09 17:30:00,CV001718,0.0,0.0,3.1109245e-08
46391,2025-08-09 17:30:00,CV001718,0.0,0.0,3.1186357e-08
46392,2025-08-09 18:00:00,CV001718,0.0,0.0,3.12636e-08
46393,2025-08-09 18:00:00,CV001718,0.0,0.0,3.1341457e-08
46394,2025-08-09 18:30:00,CV001718,0.0,0.0,3.1419745e-08
46395,2025-08-09 18:30:00,CV001718,0.0,0.0,3.149805e-08
46396,2025-08-09 19:00:00,CV001718,0.0,0.0,3.1576427e-08
46397,2025-08-09 19:00:00,CV001718,0.0,0.0,3.1655485e-08
46398,2025-08-09 19:30:00,CV001718,0.0,0.0,3.1734437e-08
46399,2025-08-09 19:30:00,CV001718,0.0,0.0,3.181389e-08
46400,2025-08-09 20:00:00,CV001718,0.0,0.0,3.1893723e-08
46401,2025-08-09 20:00:00,CV001718,0.0,0.0,3.1973574e-08
46402,2025-08-09 20:30:00,CV001718,0.0,0.0,3.205381e-08
46403,2025-08-09 20:30:00,CV001718,0.0,0.0,3.2134306e-08
46404,2025-08-09 21:00:00,CV001718,0.0,0.0,3.2215066e-08
46405,2025-08-09 21:00:00,CV001718,0.0,0.0,3.229603e-08
46406,2025-08-09 21:30:00,CV001718,0.0,0.0,3.2377507e-08
46407,2025-08-09 21:30:00,CV001718,0.0,0.0,3.245888e-08
46408,2025-08-09 22:00:00,CV001718,0.0,0.0,3.254089e-08
46409,2025-08-09 22:00:00,CV001718,0.0,0.0,3.2622797e-08
46410,2025-08-09 22:30:00,CV001718,0.0,0.0,3.270522e-08
46411,2025-08-09 22:30:00,CV001718,0.0,0.0,3.2788165e-08
46412,2025-08-09 23:00:00,CV001718,0.0,0.0,3.287101e-08
46413,2025-08-09 23:00:00,CV001718,0.0,0.0,3.2954063e-08
46414,2025-08-09 23:30:00,CV001718,0.0,0.0,3.3037704e-08
46415,2025-08-09 23:30:00,CV001718,0.0,0.0,3.312149e-08
46416,2025-08-10 00:00:00,CV001718,0.0,0.0,3.3205303e-08
46417,2025-08-10 00:00:00,CV001718,0.0,0.0,3.329015e-08
46418,2025-08-10 00:30:00,CV001718,0.0,0.0,3.3374583e-08
46419,2025-08-10 00:30:00,CV001718,0.0,0.0,3.3459482e-08
46420,2025-08-10 01:00:00,CV001718,0.0,0.0,3.3544723e-08
46421,2025-08-10 01:00:00,CV001718,0.0,0.0,3.3630375e-08
46422,2025-08-10 01:30:00,CV001718,0.0,0.0,3.3716052e-08
46423,2025-08-10 01:30:00,CV001718,0.0,0.0,3.380221e-08
46424,2025-08-10 02:00:00,CV001718,0.0,0.0,3.388852e-08
46425,2025-08-10 02:00:00,CV001718,0.0,0.0,3.397492e-08
46426,2025-08-10 02:30:00,CV001718,0.0,0.0,3.406193e-08
46427,2025-08-10 02:30:00,CV001718,0.0,0.0,3.4149163e-08
46428,2025-08-10 03:00:00,CV001718,0.0,0.0,3.4236752e-08
46429,2025-08-10 03:00:00,CV001718,0.0,0.0,3.4324433e-08
46430,2025-08-10 03:30:00,CV001718,0.0,0.0,3.44126e-08
46431,2025-08-10 03:30:00,CV001718,0.0,0.0,3.4500797e-08
46432,2025-08-10 04:00:00,CV001718,0.0,0.0,3.458962e-08
46433,2025-08-10 04:00:00,CV001718,0.0,0.0,3.46784e-08
46434,2025-08-10 04:30:00,CV001718,0.0,0.0,3.476794e-08
46435,2025-08-10 04:30:00,CV001718,0.0,0.0,3.4857383e-08
46436,2025-08-10 05:00:00,CV001718,0.0,0.0,3.4947185e-08
46437,2025-08-10 05:00:00,CV001718,0.0,0.0,3.5037154e-08
46438,2025-08-10 05:30:00,CV001718,0.0,0.0,3.5127556e-08
46439,2025-08-10 05:30:00,CV001718,0.0,0.0,3.5218125e-08
46440,2025-08-10 06:00:00,CV001718,0.0,0.0,3.530926e-08
46441,2025-08-10 06:00:00,CV001718,0.0,0.0,3.5400838e-08
46442,2025-08-10 06:30:00,CV001718,0.0,0.0,3.5492786e-08
46443,2025-08-10 06:30:00,CV001718,0.0,0.0,3.5584364e-08
46444,2025-08-10 07:00:00,CV001718,0.0,0.0,3.567638e-08
46445,2025-08-10 07:00:00,CV001718,0.0,0.0,3.576884e-08
46446,2025-08-10 07:30:00,CV001718,0.0,0.0,3.5861742e-08
46447,2025-08-10 07:30:00,CV001718,0.0,0.0,3.5954617e-08
46448,2025-08-10 08:00:00,CV001718,0.0,0.0,3.604821e-08
46449,2025-08-10 08:00:00,CV001718,0.0,0.0,3.61417e-08
46450,2025-08-10 08:30:00,CV001718,0.0,0.0,3.623606e-08
46451,2025-08-10 08:30:00,CV001718,0.0,0.0,3.633004e-08
46452,2025-08-10 09:00:00,CV001718,0.0,0.0,3.642468e-08
46453,2025-08-10 09:00:00,CV001718,0.0,0.0,3.6519705e-08
46454,2025-08-10 09:30:00,CV001718,0.0,0.0,3.661491e-08
46455,2025-08-10 09:30:00,CV001718,0.0,0.0,3.671029e-08
46456,2025-08-10 10:00:00,CV001718,0.0,0.0,3.680627e-08
46457,2025-08-10 10:00:00,CV001718,0.0,0.0,3.6902296e-08
46458,2025-08-10 10:30:00,CV001718,0.0,0.0,3.699892e-08
46459,2025-08-10 10:30:00,CV001718,0.0,0.0,3.7095795e-08
46460,2025-08-10 11:00:00,CV001718,0.0,0.0,3.7192642e-08
46461,2025-08-10 11:00:00,CV001718,0.0,0.0,3.7289887e-08
46462,2025-08-10 11:30:00,CV001718,0.0,0.0,3.7387313e-08
46463,2025-08-10 11:30:00,CV001718,0.0,0.0,3.7485563e-08
46464,2025-08-10 12:00:00,CV001718,0.0,0.0,3.7583717e-08
46465,2025-08-10 12:00:00,CV001718,0.0,0.0,3.768234e-08
46466,2025-08-10 12:30:00,CV001718,0.0,0.0,3.7781586e-08
46467,2025-08-10 12:30:00,CV001718,0.0,0.0,3.7880728e-08
46468,2025-08-10 13:00:00,CV001718,0.0,0.0,3.798028e-08
46469,2025-08-10 13:00:00,CV001718,0.0,0.0,3.8080092e-08
46470,2025-08-10 13:30:00,CV001718,0.0,0.0,3.818016e-08
46471,2025-08-10 13:30:00,CV001718,0.0,0.0,3.8280934e-08
46472,2025-08-10 14:00:00,CV001718,0.0,0.0,3.8381685e-08
46473,2025-08-10 14:00:00,CV001718,0.0,0.0,3.848262e-08
46474,2025-08-10 14:30:00,CV001718,0.0,0.0,3.8584414e-08
46475,2025-08-10 14:30:00,CV001718,0.0,0.0,3.8686036e-08
46476,2025-08-10 15:00:00,CV001718,0.0,0.0,3.8788293e-08
46477,2025-08-10 15:00:00,CV001718,0.0,0.0,3.8890597e-08
46478,2025-08-10 15:30:00,CV001718,0.0,0.0,3.899362e-08
46479,2025-08-10 15:30:00,CV001718,0.0,0.0,3.9096612e-08
46480,2025-08-10 16:00:00,CV001718,0.0,0.0,3.9199808e-08
46481,2025-08-10 16:00:00,CV001718,0.0,0.0,3.9303647e-08
46482,2025-08-10 16:30:00,CV001718,0.0,0.0,3.9407837e-08
46483,2025-08-10 16:30:00,CV001718,0.0,0.0,3.951185e-08
46484,2025-08-10 17:00:00,CV001718,0.0,0.0,3.961652e-08
46485,2025-08-10 17:00:00,CV001718,0.0,0.0,3.9721613e-08
46486,2025-08-10 17:30:00,CV001718,0.0,0.0,3.982714e-08
46487,2025-08-10 17:30:00,CV001718,0.0,0.0,3.9933173e-08
46488,2025-08-10 18:00:00,CV001718,0.0,0.0,4.0039033e-08
46489,2025-08-10 18:00:00,CV001718,0.0,0.0,4.0145483e-08
46490,2025-08-10 18:30:00,CV001718,0.0,0.0,4.0252058e-08
46491,2025-08-10 18:30:00,CV001718,0.0,0.0,4.035907e-08
46492,2025-08-10 19:00:00,CV001718,0.0,0.0,4.0466286e-08
46493,2025-08-10 19:00:00,CV001718,0.0,0.0,4.0574175e-08
46494,2025-08-10 19:30:00,CV001718,0.0,0.0,4.068228e-08
46495,2025-08-10 19:30:00,CV001718,0.0,0.0,4.0790592e-08
46496,2025-08-10 20:00:00,CV001718,0.0,0.0,4.08995e-08
46497,2025-08-10 20:00:00,CV001718,0.0,0.0,4.1008313e-08
46498,2025-08-10 20:30:00,CV001718,0.0,0.0,4.1117573e-08
46499,2025-08-10 20:30:00,CV001718,0.0,0.0,4.122736e-08
46500,2025-08-10 21:00:00,CV001718,0.0,0.0,4.1336964e-08
46501,2025-08-10 21:00:00,CV001718,0.0,0.0,4.1447574e-08
46502,2025-08-10 21:30:00,CV001718,0.0,0.0,4.1558398e-08
46503,2025-08-10 21:30:00,CV001718,0.0,0.0,4.1669438e-08
46504,2025-08-10 22:00:00,CV001718,0.0,0.0,4.178094e-08
46505,2025-08-10 22:00:00,CV001718,0.0,0.0,4.1892573e-08
46506,2025-08-10 22:30:00,CV001718,0.0,0.0,4.200483e-08
46507,2025-08-10 22:30:00,CV001718,0.0,0.0,4.2117144e-08
46508,2025-08-10 23:00:00,CV001718,0.0,0.0,4.222992e-08
46509,2025-08-10 23:00:00,CV001718,0.0,0.0,4.234292e-08
46510,2025-08-10 23:30:00,CV001718,0.0,0.0,4.2456623e-08
46511,2025-08-10 23:30:00,CV001718,0.0,0.0,4.257039e-08
46512,2025-08-11 00:00:00,CV001718,0.0,0.0,4.26843e-08
46513,2025-08-11 00:00:00,CV001718,0.0,0.0,4.279884e-08
46514,2025-08-11 00:30:00,CV001718,0.0,0.0,4.2913605e-08
46515,2025-08-11 00:30:00,CV001718,0.0,0.0,4.302933e-08
46516,2025-08-11 01:00:00,CV001718,0.0,0.0,4.314447e-08
46517,2025-08-11 01:00:00,CV001718,0.0,0.0,4.3260492e-08
46518,2025-08-11 01:30:00,CV001718,0.0,0.0,4.3376993e-08
46519,2025-08-11 01:30:00,CV001718,0.0,0.0,4.3493557e-08
46520,2025-08-11 02:00:00,CV001718,0.0,0.0,4.3610267e-08
46521,2025-08-11 02:00:00,CV001718,0.0,0.0,4.372771e-08
46522,2025-08-11 02:30:00,CV001718,0.0,0.0,4.38453e-08
46523,2025-08-11 02:30:00,CV001718,0.0,0.0,4.3963457e-08
46524,2025-08-11 03:00:00,CV001718,0.0,0.0,4.408168e-08
46525,2025-08-11 03:00:00,CV001718,0.0,0.0,4.4200817e-08
46526,2025-08-11 03:30:00,CV001718,0.0,0.0,4.431951e-08
46527,2025-08-11 03:30:00,CV001718,0.0,0.0,4.4438778e-08
46528,2025-08-11 04:00:00,CV001718,0.0,0.0,4.4558533e-08
46529,2025-08-11 04:00:00,CV001718,0.0,0.0,4.467904e-08
46530,2025-08-11 04:30:00,CV001718,0.0,0.0,4.4799958e-08
46531,2025-08-11 04:30:00,CV001718,0.0,0.0,4.4920775e-08
46532,2025-08-11 05:00:00,CV001718,0.0,0.0,4.5041745e-08
46533,2025-08-11 05:00:00,CV001718,0.0,0.0,4.5163127e-08
46534,2025-08-11 05:30:00,CV001718,0.0,0.0,4.5285184e-08
46535,2025-08-11 05:30:00,CV001718,0.0,0.0,4.5408004e-08
46536,2025-08-11 06:00:00,CV001718,0.0,0.0,4.5530722e-08
46537,2025-08-11 06:00:00,CV001718,0.0,0.0,4.5653856e-08
46538,2025-08-11 06:30:00,CV001718,0.0,0.0,4.577698e-08
46539,2025-08-11 06:30:00,CV001718,0.0,0.0,4.5900777e-08
46540,2025-08-11 07:00:00,CV001718,0.0,0.0,4.6025086e-08
46541,2025-08-11 07:00:00,CV001718,0.0,0.0,4.6149825e-08
46542,2025-08-11 07:30:00,CV001718,0.0,0.0,4.6274813e-08
46543,2025-08-11 07:30:00,CV001718,0.0,0.0,4.6399876e-08
46544,2025-08-11 08:00:00,CV001718,0.0,0.0,4.6525358e-08
46545,2025-08-11 08:00:00,CV001718,0.0,0.0,4.6651447e-08
46546,2025-08-11 08:30:00,CV001718,0.0,0.0,4.6777973e-08
46547,2025-08-11 08:30:00,CV001718,0.0,0.0,4.6905292e-08
46548,2025-08-11 09:00:00,CV001718,0.0,0.0,4.7032053e-08
46549,2025-08-11 09:00:00,CV001718,0.0,0.0,4.715979e-08
46550,2025-08-11 09:30:00,CV001718,0.0,0.0,4.72876e-08
46551,2025-08-11 09:30:00,CV001718,0.0,0.0,4.7415757e-08
46552,2025-08-11 10:00:00,CV001718,0.0,0.0,4.7544354e-08
46553,2025-08-11 10:00:00,CV001718,0.0,0.0,4.7673396e-08
46554,2025-08-11 10:30:00,CV001718,0.0,0.0,4.780287e-08
46555,2025-08-11 10:30:00,CV001718,0.0,0.0,4.793297e-08
46556,2025-08-11 11:00:00,CV001718,0.0,0.0,4.806288e-08
46557,2025-08-11 11:00:00,CV001718,0.0,0.0,4.8193414e-08
46558,2025-08-11 11:30:00,CV001718,0.0,0.0,4.8324768e-08
46559,2025-08-11 11:30:00,CV001718,0.0,0.0,4.8455924e-08
46560,2025-08-11 12:00:00,CV001718,0.0,0.0,4.8587804e-08
46561,2025-08-11 12:00:00,CV001718,0.0,0.0,4.8719578e-08
46562,2025-08-11 12:30:00,CV001718,0.0,0.0,4.885236e-08
46563,2025-08-11 12:30:00,CV001718,0.0,0.0,4.8984948e-08
46564,2025-08-11 13:00:00,CV001718,0.0,0.0,4.911846e-08
46565,2025-08-11 13:00:00,CV001718,0.0,0.0,4.925186e-08
46566,2025-08-11 13:30:00,CV001718,0.0,0.0,4.938581e-08
46567,2025-08-11 13:30:00,CV001718,0.0,0.0,4.95206e-08
46568,2025-08-11 14:00:00,CV001718,0.0,0.0,4.9655192e-08
46569,2025-08-11 14:00:00,CV001718,0.0,0.0,4.979043e-08
46570,2025-08-11 14:30:00,CV001718,0.0,0.0,4.9926324e-08
46571,2025-08-11 14:30:00,CV001718,0.0,0.0,5.0062113e-08
46572,2025-08-11 15:00:00,CV001718,0.0,0.0,5.019827e-08
46573,2025-08-11 15:00:00,CV001718,0.0,0.0,5.0335178e-08
46574,2025-08-11 15:30:00,CV001718,0.0,0.0,5.0472273e-08
46575,2025-08-11 15:30:00,CV001718,0.0,0.0,5.0609835e-08
46576,2025-08-11 16:00:00,CV001718,0.0,0.0,5.074777e-08
46577,2025-08-11 16:00:00,CV001718,0.0,0.0,5.0886083e-08
46578,2025-08-11 16:30:00,CV001718,0.0,0.0,5.1024966e-08
46579,2025-08-11 16:30:00,CV001718,0.0,0.0,5.1164132e-08
46580,2025-08-11 17:00:00,CV001718,0.0,0.0,5.130378e-08
46581,2025-08-11 17:00:00,CV001718,0.0,0.0,5.14439e-08
46582,2025-08-11 17:30:00,CV001718,0.0,0.0,5.1583914e-08
46583,2025-08-11 17:30:00,CV001718,0.0,0.0,5.1724605e-08
46584,2025-08-11 18:00:00,CV001718,0.0,0.0,5.186568e-08
46585,2025-08-11 18:00:00,CV001718,0.0,0.0,5.2007536e-08
46586,2025-08-11 18:30:00,CV001718,0.0,0.0,5.214908e-08
46587,2025-08-11 18:30:00,CV001718,0.0,0.0,5.229161e-08
46588,2025-08-11 19:00:00,CV001718,0.0,0.0,5.2434032e-08
46589,2025-08-11 19:00:00,CV001718,0.0,0.0,5.2577338e-08
46590,2025-08-11 19:30:00,CV001718,0.0,0.0,5.2721244e-08
46591,2025-08-11 19:30:00,CV001718,0.0,0.0,5.2864934e-08
46592,2025-08-11 20:00:00,CV001718,0.0,0.0,5.3009323e-08
46593,2025-08-11 20:00:00,CV001718,0.0,0.0,5.3154206e-08
46594,2025-08-11 20:30:00,CV001718,0.0,0.0,5.329918e-08
46595,2025-08-11 20:30:00,CV001718,0.0,0.0,5.3445156e-08
46596,2025-08-11 21:00:00,CV001718,0.0,0.0,5.359113e-08
46597,2025-08-11 21:00:00,CV001718,0.0,0.0,5.3737292e-08
46598,2025-08-11 21:30:00,CV001718,0.0,0.0,5.3884165e-08
46599,2025-08-11 21:30:00,CV001718,0.0,0.0,5.4031435e-08
46600,2025-08-11 22:00:00,CV001718,0.0,0.0,5.4179317e-08
46601,2025-08-11 22:00:00,CV001718,0.0,0.0,5.432719e-08
46602,2025-08-11 22:30:00,CV001718,0.0,0.0,5.4475677e-08
46603,2025-08-11 22:30:00,CV001718,0.0,0.0,5.462498e-08
46604,2025-08-11 23:00:00,CV001718,0.0,0.0,5.47747e-08
46605,2025-08-11 23:00:00,CV001718,0.0,0.0,5.4924197e-08
46606,2025-08-11 23:30:00,CV001718,0.0,0.0,5.5074207e-08
46607,2025-08-11 23:30:00,CV001718,0.0,0.0,5.5225158e-08
46608,2025-08-12 00:00:00,CV001718,0.0,0.0,5.53762e-08
46609,2025-08-12 00:00:00,CV001718,0.0,0.0,5.552755e-08
46610,2025-08-12 00:30:00,CV001718,0.0,0.0,5.567953e-08
46611,2025-08-12 00:30:00,CV001718,0.0,0.0,5.5831496e-08
46612,2025-08-12 01:00:00,CV001718,0.0,0.0,5.598452e-08
46613,2025-08-12 01:00:00,CV001718,0.0,0.0,5.6137427e-08
46614,2025-08-12 01:30:00,CV001718,0.0,0.0,5.629107e-08
46615,2025-08-12 01:30:00,CV001718,0.0,0.0,5.644492e-08
46616,2025-08-12 02:00:00,CV001718,0.0,0.0,5.6599408e-08
46617,2025-08-12 02:00:00,CV001718,0.0,0.0,5.6753667e-08
46618,2025-08-12 02:30:00,CV001718,0.0,0.0,5.6909222e-08
46619,2025-08-12 02:30:00,CV001718,0.0,0.0,5.706509e-08
46620,2025-08-12 03:00:00,CV001718,0.0,0.0,5.7221165e-08
46621,2025-08-12 03:00:00,CV001718,0.0,0.0,5.7377452e-08
46622,2025-08-12 03:30:00,CV001718,0.0,0.0,5.7534383e-08
46623,2025-08-12 03:30:00,CV001718,0.0,0.0,5.7692176e-08
46624,2025-08-12 04:00:00,CV001718,0.0,0.0,5.785008e-08
46625,2025-08-12 04:00:00,CV001718,0.0,0.0,5.800819e-08
46626,2025-08-12 04:30:00,CV001718,0.0,0.0,5.8166627e-08
46627,2025-08-12 04:30:00,CV001718,0.0,0.0,5.8326048e-08
46628,2025-08-12 05:00:00,CV001718,0.0,0.0,5.8485462e-08
46629,2025-08-12 05:00:00,CV001718,0.0,0.0,5.86452e-08
46630,2025-08-12 05:30:00,CV001718,0.0,0.0,5.8805934e-08
46631,2025-08-12 05:30:00,CV001718,0.0,0.0,5.896689e-08
46632,2025-08-12 06:00:00,CV001718,0.0,0.0,5.9127824e-08
46633,2025-08-12 06:00:00,CV001718,0.0,0.0,5.9289995e-08
46634,2025-08-12 06:30:00,CV001718,0.0,0.0,5.9452045e-08
46635,2025-08-12 06:30:00,CV001718,0.0,0.0,5.9615104e-08
46636,2025-08-12 07:00:00,CV001718,0.0,0.0,5.9778266e-08
46637,2025-08-12 07:00:00,CV001718,0.0,0.0,5.994154e-08
46638,2025-08-12 07:30:00,CV001718,0.0,0.0,6.010537e-08
46639,2025-08-12 07:30:00,CV001718,0.0,0.0,6.027033e-08
46640,2025-08-12 08:00:00,CV001718,0.0,0.0,6.043483e-08
46641,2025-08-12 08:00:00,CV001718,0.0,0.0,6.0600236e-08
46642,2025-08-12 08:30:00,CV001718,0.0,0.0,6.0766446e-08
46643,2025-08-12 08:30:00,CV001718,0.0,0.0,6.0932415e-08
46644,2025-08-12 09:00:00,CV001718,0.0,0.0,6.109883e-08
46645,2025-08-12 09:00:00,CV001718,0.0,0.0,6.126559e-08
46646,2025-08-12 09:30:00,CV001718,0.0,0.0,6.143339e-08
46647,2025-08-12 09:30:00,CV001718,0.0,0.0,6.160176e-08
46648,2025-08-12 10:00:00,CV001718,0.0,0.0,6.1769896e-08
46649,2025-08-12 10:00:00,CV001718,0.0,0.0,6.193861e-08
46650,2025-08-12 10:30:00,CV001718,0.0,0.0,6.210754e-08
46651,2025-08-12 10:30:00,CV001718,0.0,0.0,6.227764e-08
46652,2025-08-12 11:00:00,CV001718,0.0,0.0,6.244762e-08
46653,2025-08-12 11:00:00,CV001718,0.0,0.0,6.261842e-08
46654,2025-08-12 11:30:00,CV001718,0.0,0.0,6.278956e-08
46655,2025-08-12 11:30:00,CV001718,0.0,0.0,6.2961895e-08
46656,2025-08-12 12:00:00,CV001718,0.0,0.0,6.3133136e-08
46657,2025-08-12 12:00:00,CV001718,0.0,0.0,6.3306295e-08
46658,2025-08-12 12:30:00,CV001718,0.0,0.0,6.347895e-08
46659,2025-08-12 12:30:00,CV001718,0.0,0.0,6.365184e-08
46660,2025-08-12 13:00:00,CV001718,0.0,0.0,6.382666e-08
46661,2025-08-12 13:00:00,CV001718,0.0,0.0,6.40005e-08
46662,2025-08-12 13:30:00,CV001718,0.0,0.0,0.00010317254
46663,2025-08-12 13:30:00,CV001718,0.0,0.0,0.00014315241
46664,2025-08-12 14:00:00,CV001718,0.0,0.0,0.00018520349
46665,2025-08-12 14:00:00,CV001718,0.0,0.0,0.00023056715
46666,2025-08-12 14:30:00,CV001718,0.0,0.0,0.00028022245
46667,2025-08-12 14:30:00,CV001718,0.0,0.0,0.00033431663
46668,2025-08-12 15:00:00,CV001718,0.0,0.0,0.0003923053
46669,2025-08-12 15:00:00,CV001718,0.0,0.0,0.000453299
46670,2025-08-12 15:30:00,CV001718,0.0,0.0,0.0005162951
46671,2025-08-12 15:30:00,CV001718,0.0,0.0,0.0005802396
46672,2025-08-12 16:00:00,CV001718,0.0,0.0,0.0006442466
46673,2025-08-12 16:00:00,CV001718,0.0,0.0,0.0007075177
46674,2025-08-12 16:30:00,CV001718,0.0,0.0,0.00076933234
46675,2025-08-12 16:30:00,CV001718,0.0,0.0,0.00082902773
46676,2025-08-12 17:00:00,CV001718,0.0,0.0,0.000886026
46677,2025-08-12 17:00:00,CV001718,0.0,0.0,0.0009398285
46678,2025-08-12 17:30:00,CV001718,0.0,0.0,0.0009899884
46679,2025-08-12 17:30:00,CV001718,0.0,0.0,0.00103616
46680,2025-08-12 18:00:00,CV001718,0.0,0.0,0.0010780507
46681,2025-08-12 18:00:00,CV001718,0.0,0.0,0.0011154567
46682,2025-08-12 18:30:00,CV001718,0.0,0.0,0.0011482327
46683,2025-08-12 18:30:00,CV001718,0.0,0.0,0.0011763115
46684,2025-08-12 19:00:00,CV001718,0.0,0.0,0.0011996765
46685,2025-08-12 19:00:00,CV001718,0.0,0.0,0.0012183726
46686,2025-08-12 19:30:00,CV001718,0.0,0.0,0.0012324882
46687,2025-08-12 19:30:00,CV001718,0.0,0.0,0.0012421623
46688,2025-08-12 20:00:00,CV001718,0.0,0.0,0.0012475714
46689,2025-08-12 20:00:00,CV001718,0.0,0.0,0.0012489152
46690,2025-08-12 20:30:00,CV001718,0.0,0.0,0.0012464216
46691,2025-08-12 20:30:00,CV001718,0.0,0.0,0.001240334
46692,2025-08-12 21:00:00,CV001718,0.0,0.0,0.0012309239
46693,2025-08-12 21:00:00,CV001718,0.0,0.0,0.0012184446
46694,2025-08-12 21:30:00,CV001718,0.0,0.0,0.0012031782
46695,2025-08-12 21:30:00,CV001718,0.0,0.0,0.0011853896
46696,2025-08-12 22:00:00,CV001718,0.0,0.0,0.0011653514
46697,2025-08-12 22:00:00,CV001718,0.0,0.0,0.0011433314
46698,2025-08-12 22:30:00,CV001718,0.0,0.0,0.0011195815
46699,2025-08-12 22:30:00,CV001718,0.0,0.0,0.0010943442
46700,2025-08-12 23:00:00,CV001718,0.0,0.0,0.0010678585
46701,2025-08-12 23:00:00,CV001718,0.0,0.0,0.0010403378
46702,2025-08-12 23:30:00,CV001718,0.0,0.0,0.0010119877
46703,2025-08-12 23:30:00,CV001718,0.0,0.0,0.0009830099
46704,2025-08-13 00:00:00,CV001718,0.0,0.0,0.00095356983
46705,2025-08-13 00:00:00,CV001718,0.0,0.0,0.0009238456
46706,2025-08-13 00:30:00,CV001718,0.0,0.0,0.00089396385
46707,2025-08-13 00:30:00,CV001718,0.0,0.0,0.0008640736
46708,2025-08-13 01:00:00,CV001718,0.0,0.0,0.0008342943
46709,2025-08-13 01:00:00,CV001718,0.0,0.0,0.0008047285
46710,2025-08-13 01:30:00,CV001718,0.0,0.0,0.000775483
46711,2025-08-13 01:30:00,CV001718,0.0,0.0,0.0007466369
46712,2025-08-13 02:00:00,CV001718,0.0,0.0,0.0007182651
46713,2025-08-13 02:00:00,CV001718,0.0,0.0,0.00069043005
46714,2025-08-13 02:30:00,CV001718,0.0,0.0,0.00066318444
46715,2025-08-13 02:30:00,CV001718,0.0,0.0,0.0006365772
46716,2025-08-13 03:00:00,CV001718,0.0,0.0,0.00061064516
46717,2025-08-13 03:00:00,CV001718,0.0,0.0,0.000585417
46718,2025-08-13 03:30:00,CV001718,0.0,0.0,0.0005609127
46719,2025-08-13 03:30:00,CV001718,0.0,0.0,0.0005371585
46720,2025-08-13 04:00:00,CV001718,0.0,0.0,0.00051415357
46721,2025-08-13 04:00:00,CV001718,0.0,0.0,0.0004919124
46722,2025-08-13 04:30:00,CV001718,0.0,0.0,0.0004704356
46723,2025-08-13 04:30:00,CV001718,0.0,0.0,0.0004497212
46724,2025-08-13 05:00:00,CV001718,0.0,0.0,0.00042976215
46725,2025-08-13 05:00:00,CV001718,0.0,0.0,0.00041055444
46726,2025-08-13 05:30:00,CV001718,0.0,0.0,0.0003920841
46727,2025-08-13 05:30:00,CV001718,0.0,0.0,0.00037434275
46728,2025-08-13 06:00:00,CV001718,0.0,0.0,0.00035731174
46729,2025-08-13 06:00:00,CV001718,0.0,0.0,0.00034097445
46730,2025-08-13 06:30:00,CV001718,0.0,0.0,0.00032531752
46731,2025-08-13 06:30:00,CV001718,0.0,0.0,0.00031032122
46732,2025-08-13 07:00:00,CV001718,0.0,0.0,0.00029596762
46733,2025-08-13 07:00:00,CV001718,0.0,0.0,0.00028223448
46734,2025-08-13 07:30:00,CV001718,0.0,0.0,0.00026910435
46735,2025-08-13 07:30:00,CV001718,0.0,0.0,0.0002565561
46736,2025-08-13 08:00:00,CV001718,0.0,0.0,0.00024457098
46737,2025-08-13 08:00:00,CV001718,0.0,0.0,0.00023312635
46738,2025-08-13 08:30:00,CV001718,0.0,0.0,0.00022220323
46739,2025-08-13 08:30:00,CV001718,0.0,0.0,0.00021178115
46740,2025-08-13 09:00:00,CV001718,0.0,0.0,0.00020184148
46741,2025-08-13 09:00:00,CV001718,0.0,0.0,0.00019236353
46742,2025-08-13 09:30:00,CV001718,0.0,0.0,0.00018332848
46743,2025-08-13 09:30:00,CV001718,0.0,0.0,0.0001747186
46744,2025-08-13 10:00:00,CV001718,0.0,0.0,0.00016651653
46745,2025-08-13 10:00:00,CV001718,0.0,0.0,0.00015870207
46746,2025-08-13 10:30:00,CV001718,0.0,0.0,0.0001512615
46747,2025-08-13 10:30:00,CV001718,0.0,0.0,0.00014417869
46748,2025-08-13 11:00:00,CV001718,0.0,0.0,0.00013743837
46749,2025-08-13 11:00:00,CV001718,0.0,0.0,0.00013102427
46750,2025-08-13 11:30:00,CV001718,0.0,0.0,0.00012492093
46751,2025-08-13 11:30:00,CV001718,0.0,0.0,0.00011911424
46752,2025-08-13 12:00:00,CV001718,0.0,0.0,0.00011358926
46753,2025-08-13 12:00:00,CV001718,0.0,0.0,0.00010833263
46754,2025-08-13 12:30:00,CV001718,0.0,0.0,0.00010333205
46755,2025-08-13 12:30:00,CV001718,0.0,0.0,9.8574994e-05
46756,2025-08-13 13:00:00,CV001718,0.0,0.0,9.40491e-05
46757,2025-08-13 13:00:00,CV001718,0.0,0.0,8.974394e-05
46758,2025-08-13 13:30:00,CV001718,0.0,0.0,8.5648e-05
46759,2025-08-13 13:30:00,CV001718,0.0,0.0,8.175091e-05
46760,2025-08-13 14:00:00,CV001718,0.0,0.0,7.804379e-05
46761,2025-08-13 14:00:00,CV001718,0.0,0.0,7.4515934e-05
46762,2025-08-13 14:30:00,CV001718,0.0,0.0,7.1159615e-05
46763,2025-08-13 14:30:00,CV001718,0.0,0.0,6.796549e-05
46764,2025-08-13 15:00:00,CV001718,0.0,0.0,6.492618e-05
46765,2025-08-13 15:00:00,CV001718,0.0,0.0,6.203349e-05
46766,2025-08-13 15:30:00,CV001718,0.0,0.0,5.9280188e-05
46767,2025-08-13 15:30:00,CV001718,0.0,0.0,5.6659348e-05
46768,2025-08-13 16:00:00,CV001718,0.0,0.0,5.416476e-05
46769,2025-08-13 16:00:00,CV001718,0.0,0.0,5.178904e-05
46770,2025-08-13 16:30:00,CV001718,0.0,0.0,4.952729e-05
46771,2025-08-13 16:30:00,CV001718,0.0,0.0,4.7373534e-05
46772,2025-08-13 17:00:00,CV001718,0.0,0.0,4.532225e-05
46773,2025-08-13 17:00:00,CV001718,0.0,0.0,4.3368178e-05
46774,2025-08-13 17:30:00,CV001718,0.0,0.0,4.1506937e-05
46775,2025-08-13 17:30:00,CV001718,0.0,0.0,3.973354e-05
46776,2025-08-13 18:00:00,CV001718,0.0,0.0,3.804356e-05
46777,2025-08-13 18:00:00,CV001718,0.0,0.0,3.6432895e-05
46778,2025-08-13 18:30:00,CV001718,0.0,0.0,3.4897774e-05
46779,2025-08-13 18:30:00,CV001718,0.0,0.0,3.3434284e-05
46780,2025-08-13 19:00:00,CV001718,0.0,0.0,3.203901e-05
46781,2025-08-13 19:00:00,CV001718,0.0,0.0,3.0708346e-05
46782,2025-08-13 19:30:00,CV001718,0.0,0.0,2.9439378e-05
46783,2025-08-13 19:30:00,CV001718,0.0,0.0,2.8228742e-05
46784,2025-08-13 20:00:00,CV001718,0.0,0.0,2.707393e-05
46785,2025-08-13 20:00:00,CV001718,0.0,0.0,2.5971833e-05
46786,2025-08-13 20:30:00,CV001718,0.0,0.0,2.492006e-05
46787,2025-08-13 20:30:00,CV001718,0.0,0.0,2.3916018e-05
46788,2025-08-13 21:00:00,CV001718,0.0,0.0,2.2957482e-05
46789,2025-08-13 21:00:00,CV001718,0.0,0.0,2.2042323e-05
46790,2025-08-13 21:30:00,CV001718,0.0,0.0,2.1168169e-05
46791,2025-08-13 21:30:00,CV001718,0.0,0.0,2.0333118e-05
46792,2025-08-13 22:00:00,CV001718,0.0,0.0,1.953539e-05
46793,2025-08-13 22:00:00,CV001718,0.0,0.0,1.8773108e-05
46794,2025-08-13 22:30:00,CV001718,0.0,0.0,1.8044426e-05
46795,2025-08-13 22:30:00,CV001718,0.0,0.0,1.7348015e-05
46796,2025-08-13 23:00:00,CV001718,0.0,0.0,1.668211e-05
46797,2025-08-13 23:00:00,CV001718,0.0,0.0,1.6045296e-05
46798,2025-08-13 23:30:00,CV001718,0.0,0.0,1.543618e-05
46799,2025-08-13 23:30:00,CV001718,0.0,0.0,1.48534855e-05
46800,2025-08-14 00:00:00,CV001718,0.0,0.0,1.42959225e-05
46801,2025-08-14 00:00:00,CV001718,0.0,0.0,1.37623865e-05
46802,2025-08-14 00:30:00,CV001718,0.0,0.0,1.3251592e-05
46803,2025-08-14 00:30:00,CV001718,0.0,0.0,1.2762604e-05
46804,2025-08-14 01:00:00,CV001718,0.0,0.0,1.2294357e-05
46805,2025-08-14 01:00:00,CV001718,0.0,0.0,1.18458975e-05
46806,2025-08-14 01:30:00,CV001718,0.0,0.0,1.1416256e-05
46807,2025-08-14 01:30:00,CV001718,0.0,0.0,1.1004633e-05
46808,2025-08-14 02:00:00,CV001718,0.0,0.0,1.0610117e-05
46809,2025-08-14 02:00:00,CV001718,0.0,0.0,1.0231989e-05
46810,2025-08-14 02:30:00,CV001718,0.0,0.0,9.869492e-06
46811,2025-08-14 02:30:00,CV001718,0.0,0.0,9.52188e-06
46812,2025-08-14 03:00:00,CV001718,0.0,0.0,9.188492e-06
46813,2025-08-14 03:00:00,CV001718,0.0,0.0,8.868696e-06
46814,2025-08-14 03:30:00,CV001718,0.0,0.0,8.561867e-06
46815,2025-08-14 03:30:00,CV001718,0.0,0.0,8.267403e-06
46816,2025-08-14 04:00:00,CV001718,0.0,0.0,7.984788e-06
46817,2025-08-14 04:00:00,CV001718,0.0,0.0,7.7134355e-06
46818,2025-08-14 04:30:00,CV001718,0.0,0.0,7.4528984e-06
46819,2025-08-14 04:30:00,CV001718,0.0,0.0,7.2026714e-06
46820,2025-08-14 05:00:00,CV001718,0.0,0.0,6.9623275e-06
46821,2025-08-14 05:00:00,CV001718,0.0,0.0,6.7314145e-06
46822,2025-08-14 05:30:00,CV001718,0.0,0.0,6.5095005e-06
46823,2025-08-14 05:30:00,CV001718,0.0,0.0,6.2961576e-06
46824,2025-08-14 06:00:00,CV001718,0.0,0.0,6.091172e-06
46825,2025-08-14 06:00:00,CV001718,0.0,0.0,5.8940122e-06
46826,2025-08-14 06:30:00,CV001718,0.0,0.0,5.7044144e-06
46827,2025-08-14 06:30:00,CV001718,0.0,0.0,5.5220053e-06
46828,2025-08-14 07:00:00,CV001718,0.0,0.0,5.3465255e-06
46829,2025-08-14 07:00:00,CV001718,0.0,0.0,5.1777133e-06
46830,2025-08-14 07:30:00,CV001718,0.0,0.0,5.015192e-06
46831,2025-08-14 07:30:00,CV001718,0.0,0.0,4.858764e-06
46832,2025-08-14 08:00:00,CV001718,0.0,0.0,4.708153e-06
46833,2025-08-14 08:00:00,CV001718,0.0,0.0,4.5631164e-06
46834,2025-08-14 08:30:00,CV001718,0.0,0.0,4.4233902e-06
46835,2025-08-14 08:30:00,CV001718,0.0,0.0,4.2888187e-06
46836,2025-08-14 09:00:00,CV001718,0.0,0.0,4.159142e-06
46837,2025-08-14 09:00:00,CV001718,0.0,0.0,4.034148e-06
46838,2025-08-14 09:30:00,CV001718,0.0,0.0,3.913679e-06
46839,2025-08-14 09:30:00,CV001718,0.0,0.0,3.797539e-06
46840,2025-08-14 10:00:00,CV001718,0.0,0.0,3.6855627e-06
46841,2025-08-14 10:00:00,CV001718,0.0,0.0,3.577543e-06
46842,2025-08-14 10:30:00,CV001718,0.0,0.0,3.4733648e-06
46843,2025-08-14 10:30:00,CV001718,0.0,0.0,3.3728284e-06
46844,2025-08-14 11:00:00,CV001718,0.0,0.0,3.275839e-06
46845,2025-08-14 11:00:00,CV001718,0.0,0.0,3.1822185e-06
46846,2025-08-14 11:30:00,CV001718,0.0,0.0,3.0918427e-06
46847,2025-08-14 11:30:00,CV001718,0.0,0.0,3.004592e-06
46848,2025-08-14 12:00:00,CV001718,0.0,0.0,2.9203327e-06
46849,2025-08-14 12:00:00,CV001718,0.0,0.0,2.8389559e-06
46850,2025-08-14 12:30:00,CV001718,0.0,0.0,2.760334e-06
46851,2025-08-14 12:30:00,CV001718,0.0,0.0,2.6843782e-06
46852,2025-08-14 13:00:00,CV001718,0.0,0.0,2.6109828e-06
46853,2025-08-14 13:00:00,CV001718,0.0,0.0,2.5400307e-06
46854,2025-08-14 13:30:00,CV001718,0.0,0.0,2.471447e-06
46855,2025-08-14 13:30:00,CV001718,0.0,0.0,2.4051485e-06
46856,2025-08-14 14:00:00,CV001718,0.0,0.0,2.3410216e-06
46857,2025-08-14 14:00:00,CV001718,0.0,0.0,2.2790066e-06
46858,2025-08-14 14:30:00,CV001718,0.0,0.0,2.2190106e-06
46859,2025-08-14 14:30:00,CV001718,0.0,0.0,2.1609615e-06
46860,2025-08-14 15:00:00,CV001718,0.0,0.0,2.1048e-06
46861,2025-08-14 15:00:00,CV001718,0.0,0.0,2.0504344e-06
46862,2025-08-14 15:30:00,CV001718,0.0,0.0,1.9978042e-06
46863,2025-08-14 15:30:00,CV001718,0.0,0.0,1.9468523e-06
46864,2025-08-14 16:00:00,CV001718,0.0,0.0,1.8975106e-06
46865,2025-08-14 16:00:00,CV001718,0.0,0.0,1.8497299e-06
46866,2025-08-14 16:30:00,CV001718,0.0,0.0,1.8034399e-06
46867,2025-08-14 16:30:00,CV001718,0.0,0.0,1.758603e-06
46868,2025-08-14 17:00:00,CV001718,0.0,0.0,1.7151476e-06
46869,2025-08-14 17:00:00,CV001718,0.0,0.0,1.6730341e-06
46870,2025-08-14 17:30:00,CV001718,0.0,0.0,1.6322224e-06
46871,2025-08-14 17:30:00,CV001718,0.0,0.0,1.5926522e-06
46872,2025-08-14 18:00:00,CV001718,0.0,0.0,1.5542844e-06
46873,2025-08-14 18:00:00,CV001718,0.0,0.0,1.5170796e-06
46874,2025-08-14 18:30:00,CV001718,0.0,0.0,1.4809942e-06
46875,2025-08-14 18:30:00,CV001718,0.0,0.0,1.4459904e-06
46876,2025-08-14 19:00:00,CV001718,0.0,0.0,1.4120268e-06
46877,2025-08-14 19:00:00,CV001718,0.0,0.0,1.3790726e-06
46878,2025-08-14 19:30:00,CV001718,0.0,0.0,1.3470852e-06
46879,2025-08-14 19:30:00,CV001718,0.0,0.0,1.3160432e-06
46880,2025-08-14 20:00:00,CV001718,0.0,0.0,1.2859055e-06
46881,2025-08-14 20:00:00,CV001718,0.0,0.0,1.2566423e-06
46882,2025-08-14 20:30:00,CV001718,0.0,0.0,1.2282208e-06
46883,2025-08-14 20:30:00,CV001718,0.0,0.0,1.2006275e-06
46884,2025-08-14 21:00:00,CV001718,0.0,0.0,1.1738175e-06
46885,2025-08-14 21:00:00,CV001718,0.0,0.0,1.1477727e-06
46886,2025-08-14 21:30:00,CV001718,0.0,0.0,1.122462e-06
46887,2025-08-14 21:30:00,CV001718,0.0,0.0,1.0978707e-06
46888,2025-08-14 22:00:00,CV001718,0.0,0.0,1.0739656e-06
46889,2025-08-14 22:00:00,CV001718,0.0,0.0,1.0507273e-06
46890,2025-08-14 22:30:00,CV001718,0.0,0.0,1.0281349e-06
46891,2025-08-14 22:30:00,CV001718,0.0,0.0,1.0061666e-06
46892,2025-08-14 23:00:00,CV001718,0.0,0.0,9.848019e-07
46893,2025-08-14 23:00:00,CV001718,0.0,0.0,9.640278e-07
46894,2025-08-14 23:30:00,CV001718,0.0,0.0,9.4380806e-07
46895,2025-08-14 23:30:00,CV001718,0.0,0.0,9.2414285e-07
46896,2025-08-15 00:00:00,CV001718,0.0,0.0,9.0500737e-07
46897,2025-08-15 00:00:00,CV001718,0.0,0.0,8.863855e-07
46898,2025-08-15 00:30:00,CV001718,0.0,0.0,8.682595e-07
46899,2025-08-15 00:30:00,CV001718,0.0,0.0,8.5061055e-07
46900,2025-08-15 01:00:00,CV001718,0.0,0.0,8.33433e-07
46901,2025-08-15 01:00:00,CV001718,0.0,0.0,8.1670515e-07
46902,2025-08-15 01:30:00,CV001718,0.0,0.0,8.0041923e-07
46903,2025-08-15 01:30:00,CV001718,0.0,0.0,7.845531e-07
46904,2025-08-15 02:00:00,CV001718,0.0,0.0,7.6909896e-07
46905,2025-08-15 02:00:00,CV001718,0.0,0.0,7.5404273e-07
46906,2025-08-15 02:30:00,CV001718,0.0,0.0,7.3937355e-07
46907,2025-08-15 02:30:00,CV001718,0.0,0.0,7.2507413e-07
46908,2025-08-15 03:00:00,CV001718,0.0,0.0,7.1114226e-07
46909,2025-08-15 03:00:00,CV001718,0.0,0.0,6.975684e-07
46910,2025-08-15 03:30:00,CV001718,0.0,0.0,6.8433593e-07
46911,2025-08-15 03:30:00,CV001718,0.0,0.0,6.714428e-07
46912,2025-08-15 04:00:00,CV001718,0.0,0.0,6.5887053e-07
46913,2025-08-15 04:00:00,CV001718,0.0,0.0,6.466187e-07
46914,2025-08-15 04:30:00,CV001718,0.0,0.0,6.34671e-07
46915,2025-08-15 04:30:00,CV001718,0.0,0.0,6.2301893e-07
46916,2025-08-15 05:00:00,CV001718,0.0,0.0,6.1165895e-07
46917,2025-08-15 05:00:00,CV001718,0.0,0.0,6.0057477e-07
46918,2025-08-15 05:30:00,CV001718,0.0,0.0,5.897618e-07
46919,2025-08-15 05:30:00,CV001718,0.0,0.0,5.792175e-07
46920,2025-08-15 06:00:00,CV001718,0.0,0.0,5.68923e-07
46921,2025-08-15 06:00:00,CV001718,0.0,0.0,5.588776e-07
46922,2025-08-15 06:30:00,CV001718,0.0,0.0,5.4907554e-07
46923,2025-08-15 06:30:00,CV001718,0.0,0.0,5.3950504e-07
46924,2025-08-15 07:00:00,CV001718,0.0,0.0,5.301637e-07
46925,2025-08-15 07:00:00,CV001718,0.0,0.0,5.210406e-07
46926,2025-08-15 07:30:00,CV001718,0.0,0.0,5.121375e-07
46927,2025-08-15 07:30:00,CV001718,0.0,0.0,5.034364e-07
46928,2025-08-15 08:00:00,CV001718,0.0,0.0,4.949389e-07
46929,2025-08-15 08:00:00,CV001718,0.0,0.0,4.86641e-07
46930,2025-08-15 08:30:00,CV001718,0.0,0.0,4.785328e-07
46931,2025-08-15 08:30:00,CV001718,0.0,0.0,4.706105e-07
46932,2025-08-15 09:00:00,CV001718,0.0,0.0,4.6287005e-07
46933,2025-08-15 09:00:00,CV001718,0.0,0.0,4.5530558e-07
46934,2025-08-15 09:30:00,CV001718,0.0,0.0,4.4790912e-07
46935,2025-08-15 09:30:00,CV001718,0.0,0.0,4.4068076e-07
46936,2025-08-15 10:00:00,CV001718,0.0,0.0,4.3361493e-07
46937,2025-08-15 10:00:00,CV001718,0.0,0.0,4.2670555e-07
46938,2025-08-15 10:30:00,CV001718,0.0,0.0,4.1994986e-07
46939,2025-08-15 10:30:00,CV001718,0.0,0.0,4.1334178e-07
46940,2025-08-15 11:00:00,CV001718,0.0,0.0,4.068815e-07
46941,2025-08-15 11:00:00,CV001718,0.0,0.0,4.0056042e-07
46942,2025-08-15 11:30:00,CV001718,0.0,0.0,3.9437626e-07
46943,2025-08-15 11:30:00,CV001718,0.0,0.0,3.883268e-07
46944,2025-08-15 12:00:00,CV001718,0.0,0.0,3.8240736e-07
46945,2025-08-15 12:00:00,CV001718,0.0,0.0,3.7661374e-07
46946,2025-08-15 12:30:00,CV001718,0.0,0.0,3.7094327e-07
46947,2025-08-15 12:30:00,CV001718,0.0,0.0,3.6539538e-07
46948,2025-08-15 13:00:00,CV001718,0.0,0.0,3.5996348e-07
46949,2025-08-15 13:00:00,CV001718,0.0,0.0,3.546451e-07
46950,2025-08-15 13:30:00,CV001718,0.0,0.0,3.4943932e-07
46951,2025-08-15 13:30:00,CV001718,0.0,0.0,3.4434015e-07
46952,2025-08-15 14:00:00,CV001718,0.0,0.0,3.3934842e-07
46953,2025-08-15 14:00:00,CV001718,0.0,0.0,3.3445966e-07
46954,2025-08-15 14:30:00,CV001718,0.0,0.0,3.2967085e-07
46955,2025-08-15 14:30:00,CV001718,0.0,0.0,3.2497852e-07
46956,2025-08-15 15:00:00,CV001718,0.0,0.0,3.2038264e-07
46957,2025-08-15 15:00:00,CV001718,0.0,0.0,3.1587945e-07
46958,2025-08-15 15:30:00,CV001718,0.0,0.0,3.1146953e-07
46959,2025-08-15 15:30:00,CV001718,0.0,0.0,3.0714435e-07
46960,2025-08-15 16:00:00,CV001718,0.0,0.0,3.0290664e-07
46961,2025-08-15 16:00:00,CV001718,0.0,0.0,2.9875508e-07
46962,2025-08-15 16:30:00,CV001718,0.0,0.0,2.9468427e-07
46963,2025-08-15 16:30:00,CV001718,0.0,0.0,2.9069363e-07
46964,2025-08-15 17:00:00,CV001718,0.0,0.0,2.8678082e-07
46965,2025-08-15 17:00:00,CV001718,0.0,0.0,2.8294548e-07
46966,2025-08-15 17:30:00,CV001718,0.0,0.0,2.7918247e-07
46967,2025-08-15 17:30:00,CV001718,0.0,0.0,2.7549447e-07
46968,2025-08-15 18:00:00,CV001718,0.0,0.0,2.7187644e-07
46969,2025-08-15 18:00:00,CV001718,0.0,0.0,2.6832794e-07
46970,2025-08-15 18:30:00,CV001718,0.0,0.0,2.64847e-07
46971,2025-08-15 18:30:00,CV001718,0.0,0.0,2.614321e-07
46972,2025-08-15 19:00:00,CV001718,0.0,0.0,2.5808146e-07
46973,2025-08-15 19:00:00,CV001718,0.0,0.0,2.5479412e-07
46974,2025-08-15 19:30:00,CV001718,0.0,0.0,2.5156814e-07
46975,2025-08-15 19:30:00,CV001718,0.0,0.0,2.484024e-07
46976,2025-08-15 20:00:00,CV001718,0.0,0.0,2.4529476e-07
46977,2025-08-15 20:00:00,CV001718,0.0,0.0,2.4224653e-07
46978,2025-08-15 20:30:00,CV001718,0.0,0.0,2.392515e-07
46979,2025-08-15 20:30:00,CV001718,0.0,0.0,2.3631308e-07
46980,2025-08-15 21:00:00,CV001718,0.0,0.0,2.3342858e-07
46981,2025-08-15 21:00:00,CV001718,0.0,0.0,2.3059512e-07
46982,2025-08-15 21:30:00,CV001718,0.0,0.0,2.2781428e-07
46983,2025-08-15 21:30:00,CV001718,0.0,0.0,2.2508202e-07
46984,2025-08-15 22:00:00,CV001718,0.0,0.0,2.2239907e-07
46985,2025-08-15 22:00:00,CV001718,0.0,0.0,2.1976466e-07
46986,2025-08-15 22:30:00,CV001718,0.0,0.0,2.1717658e-07
46987,2025-08-15 22:30:00,CV001718,0.0,0.0,2.1463349e-07
46988,2025-08-15 23:00:00,CV001718,0.0,0.0,2.1213617e-07
46989,2025-08-15 23:00:00,CV001718,0.0,0.0,2.096827e-07
46990,2025-08-15 23:30:00,CV001718,0.0,0.0,2.0727146e-07
46991,2025-08-15 23:30:00,CV001718,0.0,0.0,2.0490239e-07
46992,2025-08-16 00:00:00,CV001718,0.0,0.0,2.0257394e-07
46993,2025-08-16 00:00:00,CV001718,0.0,0.0,2.0028607e-07
46994,2025-08-16 00:30:00,CV001718,0.0,0.0,1.9803726e-07
46995,2025-08-16 00:30:00,CV001718,0.0,0.0,1.9582676e-07
46996,2025-08-16 01:00:00,CV001718,0.0,0.0,1.9365388e-07
46997,2025-08-16 01:00:00,CV001718,0.0,0.0,1.9151825e-07
46998,2025-08-16 01:30:00,CV001718,0.0,0.0,1.8941772e-07
46999,2025-08-16 01:30:00,CV001718,0.0,0.0,1.8735241e-07
47000,2025-08-16 02:00:00,CV001718,0.0,0.0,1.8532303e-07
47001,2025-08-16 02:00:00,CV001718,0.0,0.0,1.8332578e-07
47002,2025-08-16 02:30:00,CV001718,0.0,0.0,1.8136285e-07
47003,2025-08-16 02:30:00,CV001718,0.0,0.0,1.7943188e-07
47004,2025-08-16 03:00:00,CV001718,0.0,0.0,1.77533e-07
47005,2025-08-16 03:00:00,CV001718,0.0,0.0,1.756639e-07
47006,2025-08-16 03:30:00,CV001718,0.0,0.0,1.7382644e-07
47007,2025-08-16 03:30:00,CV001718,0.0,0.0,1.7201869e-07
47008,2025-08-16 04:00:00,CV001718,0.0,0.0,1.7024047e-07
47009,2025-08-16 04:00:00,CV001718,0.0,0.0,1.6849025e-07
47010,2025-08-16 04:30:00,CV001718,0.0,0.0,1.667682e-07
47011,2025-08-16 04:30:00,CV001718,0.0,0.0,1.650745e-07
47012,2025-08-16 05:00:00,CV001718,0.0,0.0,1.6340637e-07
47013,2025-08-16 05:00:00,CV001718,0.0,0.0,1.6176621e-07
47014,2025-08-16 05:30:00,CV001718,0.0,0.0,1.6015139e-07
47015,2025-08-16 05:30:00,CV001718,0.0,0.0,1.5856175e-07
47016,2025-08-16 06:00:00,CV001718,0.0,0.0,1.5699717e-07
47017,2025-08-16 06:00:00,CV001718,0.0,0.0,1.5545753e-07
47018,2025-08-16 06:30:00,CV001718,0.0,0.0,1.5394149e-07
47019,2025-08-16 06:30:00,CV001718,0.0,0.0,1.5244925e-07
47020,2025-08-16 07:00:00,CV001718,0.0,0.0,1.5097896e-07
47021,2025-08-16 07:00:00,CV001718,0.0,0.0,1.4953199e-07
47022,2025-08-16 07:30:00,CV001718,0.0,0.0,1.4810706e-07
47023,2025-08-16 07:30:00,CV001718,0.0,0.0,1.4670356e-07
47024,2025-08-16 08:00:00,CV001718,0.0,0.0,1.4532249e-07
47025,2025-08-16 08:00:00,CV001718,0.0,0.0,1.439613e-07
47026,2025-08-16 08:30:00,CV001718,0.0,0.0,1.4262075e-07
47027,2025-08-16 08:30:00,CV001718,0.0,0.0,1.4130049e-07
47028,2025-08-16 09:00:00,CV001718,0.0,0.0,1.3999966e-07
47029,2025-08-16 09:00:00,CV001718,0.0,0.0,1.38719e-07
47030,2025-08-16 09:30:00,CV001718,0.0,0.0,1.374569e-07
47031,2025-08-16 09:30:00,CV001718,0.0,0.0,1.3621302e-07
47032,2025-08-16 10:00:00,CV001718,0.0,0.0,1.3498837e-07
47033,2025-08-16 10:00:00,CV001718,0.0,0.0,1.3378113e-07
47034,2025-08-16 10:30:00,CV001718,0.0,0.0,1.325915e-07
47035,2025-08-16 10:30:00,CV001718,0.0,0.0,1.3141971e-07
47036,2025-08-16 11:00:00,CV001718,0.0,0.0,1.3026451e-07
47037,2025-08-16 11:00:00,CV001718,0.0,0.0,1.291261e-07
47038,2025-08-16 11:30:00,CV001718,0.0,0.0,1.2800373e-07
47039,2025-08-16 11:30:00,CV001718,0.0,0.0,1.2689792e-07
47040,2025-08-16 12:00:00,CV001718,0.0,0.0,1.2580789e-07
47041,2025-08-16 12:00:00,CV001718,0.0,0.0,1.2473292e-07
47042,2025-08-16 12:30:00,CV001718,0.0,0.0,1.2367398e-07
47043,2025-08-16 12:30:00,CV001718,0.0,0.0,1.2262942e-07
47044,2025-08-16 13:00:00,CV001718,0.0,0.0,1.2159994e-07
47045,2025-08-16 13:00:00,CV001718,0.0,0.0,1.2058463e-07
47046,2025-08-16 13:30:00,CV001718,0.0,0.0,1.1958417e-07
47047,2025-08-16 13:30:00,CV001718,0.0,0.0,1.1859632e-07
47048,2025-08-16 14:00:00,CV001718,0.0,0.0,1.1762358e-07
47049,2025-08-16 14:00:00,CV001718,0.0,0.0,1.1666349e-07
47050,2025-08-16 14:30:00,CV001718,0.0,0.0,1.1571676e-07
47051,2025-08-16 14:30:00,CV001718,0.0,0.0,1.1478362e-07
47052,2025-08-16 15:00:00,CV001718,0.0,0.0,1.1386322e-07
47053,2025-08-16 15:00:00,CV001718,0.0,0.0,1.12954716e-07
47054,2025-08-16 15:30:00,CV001718,0.0,0.0,1.1205881e-07
47055,2025-08-16 15:30:00,CV001718,0.0,0.0,1.11174465e-07
47056,2025-08-16 16:00:00,CV001718,0.0,0.0,1.103032e-07
47057,2025-08-16 16:00:00,CV001718,0.0,0.0,1.09443135e-07
47058,2025-08-16 16:30:00,CV001718,0.0,0.0,1.0859414e-07
47059,2025-08-16 16:30:00,CV001718,0.0,0.0,1.0775748e-07
47060,2025-08-16 17:00:00,CV001718,0.0,0.0,1.06931545e-07
47061,2025-08-16 17:00:00,CV001718,0.0,0.0,1.061164e-07
47062,2025-08-16 17:30:00,CV001718,0.0,0.0,1.05311884e-07
47063,2025-08-16 17:30:00,CV001718,0.0,0.0,1.04518456e-07
47064,2025-08-16 18:00:00,CV001718,0.0,0.0,1.0373555e-07
47065,2025-08-16 18:00:00,CV001718,0.0,0.0,1.0296205e-07
47066,2025-08-16 18:30:00,CV001718,0.0,0.0,1.0219919e-07
47067,2025-08-16 18:30:00,CV001718,0.0,0.0,1.01446034e-07
47068,2025-08-16 19:00:00,CV001718,0.0,0.0,1.0070228e-07
47069,2025-08-16 19:00:00,CV001718,0.0,0.0,9.9968744e-08
47070,2025-08-16 19:30:00,CV001718,0.0,0.0,9.924377e-08
47071,2025-08-16 19:30:00,CV001718,0.0,0.0,9.8528936e-08
47072,2025-08-16 20:00:00,CV001718,0.0,0.0,9.78228e-08
47073,2025-08-16 20:00:00,CV001718,0.0,0.0,9.712617e-08
47074,2025-08-16 20:30:00,CV001718,0.0,0.0,9.643781e-08
47075,2025-08-16 20:30:00,CV001718,0.0,0.0,9.5757805e-08
47076,2025-08-16 21:00:00,CV001718,0.0,0.0,9.508693e-08
47077,2025-08-16 21:00:00,CV001718,0.0,0.0,9.442401e-08
47078,2025-08-16 21:30:00,CV001718,0.0,0.0,9.377037e-08
47079,2025-08-16 21:30:00,CV001718,0.0,0.0,9.3123546e-08
47080,2025-08-16 22:00:00,CV001718,0.0,0.0,9.2485784e-08
47081,2025-08-16 22:00:00,CV001718,0.0,0.0,9.185554e-08
47082,2025-08-16 22:30:00,CV001718,0.0,0.0,9.123323e-08
47083,2025-08-16 22:30:00,CV001718,0.0,0.0,9.06181e-08
47084,2025-08-16 23:00:00,CV001718,0.0,0.0,9.001105e-08
47085,2025-08-16 23:30:00,CV001718,0.0,0.0,8.94113e-08
47086,2025-06-18 04:30:00,CV001718,1.0,0.0,8.881879e-08
47087,2025-06-18 04:30:00,CV001718,1.0,0.0,8.823355e-08
47088,2025-06-18 05:00:00,CV001718,1.0,0.0,8.765519e-08
47089,2025-06-18 05:00:00,CV001718,1.0,0.0,8.708343e-08
47090,2025-06-18 05:30:00,CV001718,1.0,0.0,8.65192e-08
47091,2025-06-18 05:30:00,CV001718,1.0,0.0,8.596142e-08
47092,2025-06-18 06:00:00,CV001718,1.0,0.0,8.541081e-08
47093,2025-06-18 06:00:00,CV001718,1.0,0.0,8.486633e-08
47094,2025-06-18 06:30:00,CV001718,1.0,0.0,8.4328846e-08
47095,2025-06-18 06:30:00,CV001718,1.0,0.0,8.3797175e-08
47096,2025-06-18 07:00:00,CV001718,1.0,0.0,8.3271864e-08
47097,2025-06-18 07:00:00,CV001718,1.0,0.0,8.275285e-08
47098,2025-06-18 07:30:00,CV001718,1.0,0.0,8.223974e-08
47099,2025-06-18 07:30:00,CV001718,1.0,0.0,8.173308e-08
47100,2025-06-18 08:00:00,CV001718,1.0,0.0,8.123187e-08
47101,2025-06-18 08:00:00,CV001718,1.0,0.0,8.0736804e-08
47102,2025-06-18 08:30:00,CV001718,1.0,0.0,8.0247524e-08
47103,2025-06-18 08:30:00,CV001718,1.0,0.0,7.976362e-08
47104,2025-06-18 09:00:00,CV001718,1.0,0.0,7.928583e-08
47105,2025-06-18 09:00:00,CV001718,1.0,0.0,7.881316e-08
47106,2025-06-18 10:00:00,CV001718,1.0,0.0,7.834613e-08
47107,2025-06-18 10:00:00,CV001718,1.0,0.0,7.788411e-08
47108,2025-06-18 12:30:00,CV001718,1.0,0.0,7.7427465e-08
47109,2025-06-18 12:30:00,CV001718,1.0,0.0,7.697629e-08
47110,2025-06-18 15:30:00,CV001718,1.0,0.0,7.652979e-08
47111,2025-06-18 15:30:00,CV001718,1.0,0.0,7.6088924e-08
47112,2025-06-18 16:00:00,CV001718,1.0,0.0,7.5652615e-08
47113,2025-06-18 16:00:00,CV001718,1.0,0.0,7.5221394e-08
47114,2025-06-18 16:30:00,CV001718,1.0,0.0,7.479506e-08
47115,2025-06-18 16:30:00,CV001718,1.0,0.0,7.43734e-08
47116,2025-06-18 20:00:00,CV001718,1.0,0.0,7.395667e-08
47117,2025-06-18 20:00:00,CV001718,1.0,0.0,7.354493e-08
47118,2025-06-18 21:00:00,CV001718,1.0,0.0,7.3136604e-08
47119,2025-06-18 21:00:00,CV001718,1.0,0.0,7.273346e-08
47120,2025-06-19 02:30:00,CV001718,1.0,0.0,7.2335155e-08
47121,2025-06-19 02:30:00,CV001718,1.0,0.0,7.194082e-08
47122,2025-06-19 09:00:00,CV001718,1.0,0.0,7.155068e-08
47123,2025-06-19 09:00:00,CV001718,1.0,0.0,7.1165495e-08
47124,2025-06-19 09:30:00,CV001718,1.0,0.0,7.0784154e-08
47125,2025-06-19 09:30:00,CV001718,1.0,0.0,7.040686e-08
47126,2025-06-19 10:30:00,CV001718,1.0,0.0,7.003372e-08
47127,2025-06-19 10:30:00,CV001718,1.0,0.0,6.966469e-08
47128,2025-06-20 09:00:00,CV001718,1.0,0.0,6.930011e-08
47129,2025-06-20 09:00:00,CV001718,1.0,0.0,6.893862e-08
47130,2025-06-20 09:30:00,CV001718,1.0,0.0,6.858176e-08
47131,2025-06-20 09:30:00,CV001718,1.0,0.0,6.822831e-08
47132,2025-06-20 10:00:00,CV001718,1.0,0.0,6.787876e-08
47133,2025-06-20 10:00:00,CV001718,1.0,0.0,6.753317e-08
47134,2025-06-20 10:30:00,CV001718,1.0,0.0,6.71909e-08
47135,2025-06-20 10:30:00,CV001718,1.0,0.0,6.685266e-08
47136,2025-06-20 11:00:00,CV001718,1.0,0.0,6.651776e-08
47137,2025-06-20 11:00:00,CV001718,1.0,0.0,6.6186686e-08
47138,2025-06-20 14:00:00,CV001718,1.0,0.0,6.585889e-08
47139,2025-06-20 14:00:00,CV001718,1.0,0.0,6.55346e-08
47140,2025-06-20 15:00:00,CV001718,1.0,0.0,6.521365e-08
47141,2025-06-20 15:00:00,CV001718,1.0,0.0,6.489612e-08
47142,2025-06-20 16:00:00,CV001718,1.0,0.0,6.458211e-08
47143,2025-06-20 16:00:00,CV001718,1.0,0.0,6.427121e-08
47144,2025-06-20 16:30:00,CV001718,1.0,0.0,6.3963526e-08
47145,2025-06-20 16:30:00,CV001718,1.0,0.0,6.365925e-08
47146,2025-06-20 17:00:00,CV001718,1.0,0.0,6.3357994e-08
47147,2025-06-20 17:00:00,CV001718,1.0,0.0,6.3059844e-08
47148,2025-06-20 23:00:00,CV001718,1.0,0.0,6.276489e-08
47149,2025-06-20 23:00:00,CV001718,1.0,0.0,6.247299e-08
47150,2025-06-20 23:30:00,CV001718,1.0,0.0,6.218423e-08
47151,2025-06-20 23:30:00,CV001718,1.0,0.0,6.189786e-08
47152,2025-06-21 00:00:00,CV001718,1.0,0.0,6.161505e-08
47153,2025-06-21 00:00:00,CV001718,1.0,0.0,6.133516e-08
47154,2025-06-21 00:30:00,CV001718,1.0,0.0,6.105759e-08
47155,2025-06-21 00:30:00,CV001718,1.0,0.0,6.078325e-08
47156,2025-06-21 01:30:00,CV001718,1.0,0.0,6.0511645e-08
47157,2025-06-21 01:30:00,CV001718,1.0,0.0,6.024275e-08
47158,2025-06-21 02:00:00,CV001718,1.0,0.0,5.997665e-08
47159,2025-06-21 02:00:00,CV001718,1.0,0.0,5.971308e-08
47160,2025-06-21 02:30:00,CV001718,1.0,0.0,5.9452496e-08
47161,2025-06-21 02:30:00,CV001718,1.0,0.0,5.91944e-08
47162,2025-06-21 03:00:00,CV001718,1.0,0.0,5.8939e-08
47163,2025-06-21 03:00:00,CV001718,1.0,0.0,5.8685927e-08
47164,2025-06-21 03:30:00,CV001718,1.0,0.0,5.8435507e-08
47165,2025-06-21 03:30:00,CV001718,1.0,0.0,5.8187712e-08
47166,2025-06-21 05:30:00,CV001718,1.0,0.0,5.794251e-08
47167,2025-06-21 05:30:00,CV001718,1.0,0.0,5.7699335e-08
47168,2025-06-21 15:30:00,CV001718,1.0,0.0,5.7458934e-08
47169,2025-06-21 15:30:00,CV001718,1.0,0.0,5.7221058e-08
47170,2025-06-21 20:30:00,CV001718,1.0,0.0,5.6985364e-08
47171,2025-06-21 20:30:00,CV001718,1.0,0.0,5.6752047e-08
47172,2025-06-21 21:00:00,CV001718,1.0,0.0,5.6521085e-08
47173,2025-06-21 21:00:00,CV001718,1.0,0.0,5.6292254e-08
47174,2025-06-22 04:30:00,CV001718,1.0,0.0,5.606605e-08
47175,2025-06-22 04:30:00,CV001718,1.0,0.0,5.5841607e-08
47176,2025-06-22 05:00:00,CV001718,1.0,0.0,5.5619452e-08
47177,2025-06-22 05:00:00,CV001718,1.0,0.0,5.5399966e-08
47178,2025-06-22 17:30:00,CV001718,1.0,0.0,5.51822e-08
47179,2025-06-22 17:30:00,CV001718,1.0,0.0,5.4966847e-08
47180,2025-06-23 00:00:00,CV001718,1.0,0.0,5.4753393e-08
47181,2025-06-23 00:00:00,CV001718,1.0,0.0,5.45418e-08
47182,2025-06-23 00:30:00,CV001718,1.0,0.0,5.433279e-08
47183,2025-06-23 00:30:00,CV001718,1.0,0.0,5.412561e-08
47184,2025-06-23 02:00:00,CV001718,1.0,0.0,5.3920562e-08
47185,2025-06-23 02:00:00,CV001718,1.0,0.0,5.371721e-08
47186,2025-06-23 03:30:00,CV001718,1.0,0.0,5.3516153e-08
47187,2025-06-23 03:30:00,CV001718,1.0,0.0,5.3316768e-08
47188,2025-06-23 11:30:00,CV001718,1.0,0.0,5.311944e-08
47189,2025-06-23 11:30:00,CV001718,1.0,0.0,5.2924058e-08
47190,2025-06-23 17:00:00,CV001718,1.0,0.0,5.2730595e-08
47191,2025-06-23 17:00:00,CV001718,1.0,0.0,5.2538745e-08
47192,2025-06-24 03:30:00,CV001718,1.0,0.0,5.2349193e-08
47193,2025-06-24 03:30:00,CV001718,1.0,0.0,5.2161116e-08
47194,2025-06-24 04:00:00,CV001718,1.0,0.0,5.1974908e-08
47195,2025-06-24 04:00:00,CV001718,1.0,0.0,5.1790447e-08
47196,2025-06-24 04:30:00,CV001718,1.0,0.0,5.1607923e-08
47197,2025-06-24 04:30:00,CV001718,1.0,0.0,5.1427126e-08
47198,2025-06-24 05:00:00,CV001718,1.0,0.0,5.124793e-08
47199,2025-06-24 05:00:00,CV001718,1.0,0.0,5.1070533e-08
47200,2025-06-24 06:00:00,CV001718,1.0,0.0,5.089482e-08
47201,2025-06-24 06:00:00,CV001718,1.0,0.0,5.072058e-08
47202,2025-06-24 06:30:00,CV001718,1.0,0.0,5.0548188e-08
47203,2025-06-24 06:30:00,CV001718,1.0,0.0,5.0377345e-08
47204,2025-06-24 09:00:00,CV001718,1.0,0.0,5.020832e-08
47205,2025-06-24 09:00:00,CV001718,1.0,0.0,5.004092e-08
47206,2025-06-24 09:30:00,CV001718,1.0,0.0,4.987474e-08
47207,2025-06-24 09:30:00,CV001718,1.0,0.0,4.9710437e-08
47208,2025-06-24 10:00:00,CV001718,1.0,0.0,4.9547715e-08
47209,2025-06-24 10:00:00,CV001718,1.0,0.0,4.9386472e-08
47210,2025-06-24 10:30:00,CV001718,1.0,0.0,4.9226692e-08
47211,2025-06-24 10:30:00,CV001718,1.0,0.0,4.9068078e-08
47212,2025-06-24 13:00:00,CV001718,1.0,0.0,4.891129e-08
47213,2025-06-24 13:00:00,CV001718,1.0,0.0,4.8756018e-08
47214,2025-06-24 18:30:00,CV001718,1.0,0.0,4.8601798e-08
47215,2025-06-24 18:30:00,CV001718,1.0,0.0,4.844927e-08
47216,2025-06-24 19:00:00,CV001718,1.0,0.0,4.8298137e-08
47217,2025-06-24 19:00:00,CV001718,1.0,0.0,4.814812e-08
47218,2025-06-24 19:30:00,CV001718,1.0,0.0,4.799985e-08
47219,2025-06-24 19:30:00,CV001718,1.0,0.0,4.785286e-08
47220,2025-06-24 22:00:00,CV001718,1.0,0.0,4.770714e-08
47221,2025-06-24 22:00:00,CV001718,1.0,0.0,4.7562494e-08
47222,2025-06-25 19:30:00,CV001718,1.0,0.0,4.7419377e-08
47223,2025-06-25 19:30:00,CV001718,1.0,0.0,4.727777e-08
47224,2025-06-25 20:30:00,CV001718,1.0,0.0,4.7137128e-08
47225,2025-06-25 20:30:00,CV001718,1.0,0.0,4.699789e-08
47226,2025-06-25 21:00:00,CV001718,1.0,0.0,4.685986e-08
47227,2025-06-25 21:00:00,CV001718,1.0,0.0,4.67234e-08
47228,2025-06-26 01:00:00,CV001718,1.0,0.0,4.6587694e-08
47229,2025-06-26 01:00:00,CV001718,1.0,0.0,4.645336e-08
47230,2025-06-26 21:00:00,CV001718,1.0,0.0,4.6320555e-08
47231,2025-06-26 21:00:00,CV001718,1.0,0.0,4.6188486e-08
47232,2025-06-27 09:00:00,CV001718,1.0,0.0,4.6058105e-08
47233,2025-06-27 09:00:00,CV001718,1.0,0.0,4.5928626e-08
47234,2025-06-27 09:30:00,CV001718,1.0,0.0,4.5800206e-08
47235,2025-06-27 09:30:00,CV001718,1.0,0.0,4.5672927e-08
47236,2025-06-27 10:30:00,CV001718,1.0,0.0,4.5547136e-08
47237,2025-06-27 10:30:00,CV001718,1.0,0.0,4.542221e-08
47238,2025-06-27 11:00:00,CV001718,1.0,0.0,4.529849e-08
47239,2025-06-27 11:00:00,CV001718,1.0,0.0,4.5175703e-08
47240,2025-06-27 11:30:00,CV001718,1.0,0.0,4.505429e-08
47241,2025-06-27 11:30:00,CV001718,1.0,0.0,4.4933973e-08
47242,2025-06-27 12:00:00,CV001718,1.0,0.0,4.48144e-08
47243,2025-06-27 12:00:00,CV001718,1.0,0.0,4.4696172e-08
47244,2025-06-27 12:30:00,CV001718,1.0,0.0,4.4579107e-08
47245,2025-06-27 12:30:00,CV001718,1.0,0.0,4.446302e-08
47246,2025-06-27 16:00:00,CV001718,1.0,0.0,4.4347498e-08
47247,2025-06-27 16:00:00,CV001718,1.0,0.0,4.4233623e-08
47248,2025-06-27 16:30:00,CV001718,1.0,0.0,4.4120544e-08
47249,2025-06-27 16:30:00,CV001718,1.0,0.0,4.4008427e-08
47250,2025-06-27 17:00:00,CV001718,1.0,0.0,4.389718e-08
47251,2025-06-27 17:00:00,CV001718,1.0,0.0,4.3787217e-08
47252,2025-06-27 17:30:00,CV001718,1.0,0.0,4.3678195e-08
47253,2025-06-27 17:30:00,CV001718,1.0,0.0,4.3570026e-08
47254,2025-06-27 18:00:00,CV001718,1.0,0.0,4.3462872e-08
47255,2025-06-27 18:00:00,CV001718,1.0,0.0,4.335656e-08
47256,2025-06-27 18:30:00,CV001718,1.0,0.0,4.325125e-08
47257,2025-06-27 18:30:00,CV001718,1.0,0.0,4.3146937e-08
47258,2025-06-27 19:00:00,CV001718,1.0,0.0,4.304345e-08
47259,2025-06-27 19:00:00,CV001718,1.0,0.0,4.2941036e-08
47260,2025-06-27 19:30:00,CV001718,1.0,0.0,4.283951e-08
47261,2025-06-27 19:30:00,CV001718,1.0,0.0,4.27388e-08
47262,2025-06-27 20:00:00,CV001718,1.0,0.0,4.2639055e-08
47263,2025-06-27 20:00:00,CV001718,1.0,0.0,4.254028e-08
47264,2025-06-27 21:30:00,CV001718,1.0,0.0,4.244229e-08
47265,2025-06-27 21:30:00,CV001718,1.0,0.0,4.2345263e-08
47266,2025-06-28 00:30:00,CV001718,1.0,0.0,4.224877e-08
47267,2025-06-28 00:30:00,CV001718,1.0,0.0,4.215339e-08
47268,2025-06-28 09:00:00,CV001718,1.0,0.0,4.2058865e-08
47269,2025-06-28 09:00:00,CV001718,1.0,0.0,4.1965272e-08
47270,2025-06-28 09:30:00,CV001718,1.0,0.0,4.1872205e-08
47271,2025-06-28 09:30:00,CV001718,1.0,0.0,4.178014e-08
47272,2025-06-28 10:30:00,CV001718,1.0,0.0,4.1688995e-08
47273,2025-06-28 10:30:00,CV001718,1.0,0.0,4.1598604e-08
47274,2025-06-28 18:00:00,CV001718,1.0,0.0,4.1509043e-08
47275,2025-06-28 18:00:00,CV001718,1.0,0.0,4.142007e-08
47276,2025-06-28 19:30:00,CV001718,1.0,0.0,4.1332154e-08
47277,2025-06-28 19:30:00,CV001718,1.0,0.0,4.12449e-08
47278,2025-06-28 21:30:00,CV001718,1.0,0.0,4.1158376e-08
47279,2025-06-28 21:30:00,CV001718,1.0,0.0,4.1072663e-08
47280,2025-06-28 22:00:00,CV001718,1.0,0.0,4.0987747e-08
47281,2025-06-28 22:00:00,CV001718,1.0,0.0,4.090364e-08
47282,2025-06-29 02:30:00,CV001718,1.0,0.0,4.082032e-08
47283,2025-06-29 02:30:00,CV001718,1.0,0.0,4.0737646e-08
47284,2025-06-29 04:30:00,CV001718,1.0,0.0,4.0655518e-08
47285,2025-06-29 04:30:00,CV001718,1.0,0.0,4.0574488e-08
47286,2025-06-29 05:00:00,CV001718,1.0,0.0,4.049408e-08
47287,2025-06-29 05:00:00,CV001718,1.0,0.0,4.041422e-08
47288,2025-06-29 05:30:00,CV001718,1.0,0.0,4.0335213e-08
47289,2025-06-29 05:30:00,CV001718,1.0,0.0,4.0256893e-08
47290,2025-06-29 06:00:00,CV001718,1.0,0.0,4.017911e-08
47291,2025-06-29 06:00:00,CV001718,1.0,0.0,4.0102396e-08
47292,2025-06-29 09:00:00,CV001718,1.0,0.0,4.002613e-08
47293,2025-06-29 09:00:00,CV001718,1.0,0.0,3.9950468e-08
47294,2025-06-29 09:30:00,CV001718,1.0,0.0,3.987571e-08
47295,2025-06-29 09:30:00,CV001718,1.0,0.0,3.9801474e-08
47296,2025-06-29 10:00:00,CV001718,1.0,0.0,3.972798e-08
47297,2025-06-29 10:00:00,CV001718,1.0,0.0,3.9655074e-08
47298,2025-06-30 11:00:00,CV001718,1.0,0.0,3.9582908e-08
47299,2025-06-30 11:00:00,CV001718,1.0,0.0,3.9511324e-08
47300,2025-06-30 11:30:00,CV001718,1.0,0.0,3.9440394e-08
47301,2025-06-30 11:30:00,CV001718,1.0,0.0,3.937005e-08
47302,2025-06-30 12:00:00,CV001718,1.0,0.0,3.9300346e-08
47303,2025-06-30 12:00:00,CV001718,1.0,0.0,3.923152e-08
47304,2025-06-30 12:30:00,CV001718,1.0,0.0,3.9163186e-08
47305,2025-06-30 12:30:00,CV001718,1.0,0.0,3.9095422e-08
47306,2025-06-30 13:00:00,CV001718,1.0,0.0,3.9028293e-08
47307,2025-06-30 13:00:00,CV001718,1.0,0.0,3.8961797e-08
47308,2025-06-30 13:30:00,CV001718,1.0,0.0,3.889564e-08
47309,2025-06-30 13:30:00,CV001718,1.0,0.0,3.8830336e-08
47310,2025-06-30 16:30:00,CV001718,1.0,0.0,3.876581e-08
47311,2025-06-30 16:30:00,CV001718,1.0,0.0,3.8701533e-08
47312,2025-06-30 17:00:00,CV001718,1.0,0.0,3.8638028e-08
47313,2025-06-30 17:00:00,CV001718,1.0,0.0,3.8575e-08
47314,2025-06-30 17:30:00,CV001718,1.0,0.0,3.851258e-08
47315,2025-06-30 17:30:00,CV001718,1.0,0.0,3.8450928e-08
47316,2025-06-30 18:00:00,CV001718,1.0,0.0,3.8389665e-08
47317,2025-06-30 18:00:00,CV001718,1.0,0.0,3.832894e-08
47318,2025-06-30 18:30:00,CV001718,1.0,0.0,3.826889e-08
47319,2025-06-30 18:30:00,CV001718,1.0,0.0,3.820923e-08
47320,2025-06-30 19:00:00,CV001718,1.0,0.0,3.8150173e-08
47321,2025-06-30 19:00:00,CV001718,1.0,0.0,3.809186e-08
47322,2025-06-30 19:30:00,CV001718,1.0,0.0,3.8033996e-08
47323,2025-06-30 19:30:00,CV001718,1.0,0.0,3.7976584e-08
47324,2025-06-30 20:00:00,CV001718,1.0,0.0,3.791962e-08
47325,2025-06-30 20:00:00,CV001718,1.0,0.0,3.7863536e-08
47326,2025-06-30 20:30:00,CV001718,1.0,0.0,3.780768e-08
47327,2025-06-30 20:30:00,CV001718,1.0,0.0,3.775241e-08
47328,2025-07-01 04:30:00,CV001718,1.0,0.0,3.769751e-08
47329,2025-07-01 04:30:00,CV001718,1.0,0.0,3.7643407e-08
47330,2025-07-01 05:00:00,CV001718,1.0,0.0,3.758974e-08
47331,2025-07-01 05:00:00,CV001718,1.0,0.0,3.7536363e-08
47332,2025-07-01 05:30:00,CV001718,1.0,0.0,3.7483634e-08
47333,2025-07-01 05:30:00,CV001718,1.0,0.0,3.7431693e-08
47334,2025-07-01 06:00:00,CV001718,1.0,0.0,3.738004e-08
47335,2025-07-01 06:00:00,CV001718,1.0,0.0,3.732874e-08
47336,2025-07-01 08:30:00,CV001718,1.0,0.0,3.727801e-08
47337,2025-07-01 08:30:00,CV001718,1.0,0.0,3.7227775e-08
47338,2025-07-01 18:00:00,CV001718,1.0,0.0,3.7178243e-08
47339,2025-07-01 18:00:00,CV001718,1.0,0.0,3.7128782e-08
47340,2025-07-02 00:00:00,CV001718,1.0,0.0,3.707988e-08
47341,2025-07-02 00:00:00,CV001718,1.0,0.0,3.7031676e-08
47342,2025-07-02 00:30:00,CV001718,1.0,0.0,3.698382e-08
47343,2025-07-02 00:30:00,CV001718,1.0,0.0,3.6936306e-08
47344,2025-07-02 01:00:00,CV001718,1.0,0.0,3.688949e-08
47345,2025-07-02 01:00:00,CV001718,1.0,0.0,3.684301e-08
47346,2025-07-02 02:00:00,CV001718,1.0,0.0,3.6797005e-08
47347,2025-07-02 02:00:00,CV001718,1.0,0.0,3.6751555e-08
47348,2025-07-02 03:00:00,CV001718,1.0,0.0,3.67063e-08
47349,2025-07-02 03:00:00,CV001718,1.0,0.0,3.666173e-08
47350,2025-07-02 05:00:00,CV001718,1.0,0.0,3.6617493e-08
47351,2025-07-02 05:00:00,CV001718,1.0,0.0,3.6573798e-08
47352,2025-07-02 05:30:00,CV001718,1.0,0.0,3.65305e-08
47353,2025-07-02 05:30:00,CV001718,1.0,0.0,3.6487677e-08
47354,2025-07-02 06:00:00,CV001718,1.0,0.0,3.644497e-08
47355,2025-07-02 06:00:00,CV001718,1.0,0.0,3.640308e-08
47356,2025-07-02 07:00:00,CV001718,1.0,0.0,3.6361303e-08
47357,2025-07-02 07:00:00,CV001718,1.0,0.0,3.632027e-08
47358,2025-07-02 07:30:00,CV001718,1.0,0.0,3.627935e-08
47359,2025-07-02 07:30:00,CV001718,1.0,0.0,3.6239168e-08
47360,2025-07-02 08:00:00,CV001718,1.0,0.0,3.6199168e-08
47361,2025-07-02 08:00:00,CV001718,1.0,0.0,3.615963e-08
47362,2025-07-02 08:30:00,CV001718,1.0,0.0,3.6120404e-08
47363,2025-07-02 08:30:00,CV001718,1.0,0.0,3.6081847e-08
47364,2025-07-02 09:00:00,CV001718,1.0,0.0,3.6043396e-08
47365,2025-07-02 09:00:00,CV001718,1.0,0.0,3.6005396e-08
47366,2025-07-02 09:30:00,CV001718,1.0,0.0,3.5968128e-08
47367,2025-07-02 09:30:00,CV001718,1.0,0.0,3.5930963e-08
47368,2025-07-02 10:00:00,CV001718,1.0,0.0,3.5894043e-08
47369,2025-07-02 10:00:00,CV001718,1.0,0.0,3.5857777e-08
47370,2025-07-02 14:00:00,CV001718,1.0,0.0,3.582182e-08
47371,2025-07-02 14:00:00,CV001718,1.0,0.0,3.578624e-08
47372,2025-07-02 15:00:00,CV001718,1.0,0.0,3.5751036e-08
47373,2025-07-02 15:00:00,CV001718,1.0,0.0,3.5716276e-08
47374,2025-07-02 16:00:00,CV001718,1.0,0.0,3.5681822e-08
47375,2025-07-02 16:00:00,CV001718,1.0,0.0,3.5647673e-08
47376,2025-07-02 16:30:00,CV001718,1.0,0.0,3.5613965e-08
47377,2025-07-02 16:30:00,CV001718,1.0,0.0,3.5580765e-08
47378,2025-07-02 17:30:00,CV001718,1.0,0.0,3.5547732e-08
47379,2025-07-02 17:30:00,CV001718,1.0,0.0,3.5515065e-08
47380,2025-07-02 21:00:00,CV001718,1.0,0.0,3.5482902e-08
47381,2025-07-02 21:00:00,CV001718,1.0,0.0,3.545104e-08
47382,2025-07-03 01:00:00,CV001718,1.0,0.0,3.5419546e-08
47383,2025-07-03 01:00:00,CV001718,1.0,0.0,3.538855e-08
47384,2025-07-03 14:00:00,CV001718,1.0,0.0,3.5357584e-08
47385,2025-07-03 14:00:00,CV001718,1.0,0.0,3.5327044e-08
47386,2025-07-03 15:00:00,CV001718,1.0,0.0,3.5297074e-08
47387,2025-07-03 15:00:00,CV001718,1.0,0.0,3.5267263e-08
47388,2025-07-04 00:30:00,CV001718,1.0,0.0,3.5237942e-08
47389,2025-07-04 00:30:00,CV001718,1.0,0.0,3.5208853e-08
47390,2025-07-04 01:00:00,CV001718,1.0,0.0,3.5180193e-08
47391,2025-07-04 01:00:00,CV001718,1.0,0.0,3.5151686e-08
47392,2025-07-04 01:30:00,CV001718,1.0,0.0,3.5123872e-08
47393,2025-07-04 01:30:00,CV001718,1.0,0.0,3.509588e-08
47394,2025-07-04 02:00:00,CV001718,1.0,0.0,3.5068446e-08
47395,2025-07-04 02:00:00,CV001718,1.0,0.0,3.5041634e-08
47396,2025-07-04 03:30:00,CV001718,1.0,0.0,3.5014843e-08
47397,2025-07-04 03:30:00,CV001718,1.0,0.0,3.4988403e-08
47398,2025-07-04 04:30:00,CV001718,1.0,0.0,3.496232e-08
47399,2025-07-04 04:30:00,CV001718,1.0,0.0,3.4936654e-08
47400,2025-07-04 06:30:00,CV001718,1.0,0.0,3.491121e-08
47401,2025-07-04 06:30:00,CV001718,1.0,0.0,3.488618e-08
47402,2025-07-04 07:30:00,CV001718,1.0,0.0,3.4861237e-08
47403,2025-07-04 07:30:00,CV001718,1.0,0.0,3.483671e-08
47404,2025-07-04 08:30:00,CV001718,1.0,0.0,3.4812665e-08
47405,2025-07-04 08:30:00,CV001718,1.0,0.0,3.478877e-08
47406,2025-07-04 11:00:00,CV001718,1.0,0.0,3.476529e-08
47407,2025-07-04 11:00:00,CV001718,1.0,0.0,3.474209e-08
47408,2025-07-04 11:30:00,CV001718,1.0,0.0,3.4719104e-08
47409,2025-07-04 11:30:00,CV001718,1.0,0.0,3.4696466e-08
47410,2025-07-04 12:00:00,CV001718,1.0,0.0,3.46741e-08
47411,2025-07-04 12:00:00,CV001718,1.0,0.0,3.4652018e-08
47412,2025-07-05 04:30:00,CV001718,1.0,0.0,3.463041e-08
47413,2025-07-05 04:30:00,CV001718,1.0,0.0,3.4609087e-08
47414,2025-07-05 08:30:00,CV001718,1.0,0.0,3.4587835e-08
47415,2025-07-05 08:30:00,CV001718,1.0,0.0,3.4566998e-08
47416,2025-07-05 13:30:00,CV001718,1.0,0.0,3.4546368e-08
47417,2025-07-05 13:30:00,CV001718,1.0,0.0,3.4526142e-08
47418,2025-07-05 14:00:00,CV001718,1.0,0.0,3.4506062e-08
47419,2025-07-05 14:00:00,CV001718,1.0,0.0,3.4486586e-08
47420,2025-07-05 17:00:00,CV001718,1.0,0.0,3.4467188e-08
47421,2025-07-05 17:00:00,CV001718,1.0,0.0,3.4447996e-08
47422,2025-07-06 09:30:00,CV001718,1.0,0.0,3.442908e-08
47423,2025-07-06 09:30:00,CV001718,1.0,0.0,3.4410633e-08
47424,2025-07-06 12:00:00,CV001718,1.0,0.0,3.4392457e-08
47425,2025-07-06 12:00:00,CV001718,1.0,0.0,3.437429e-08
47426,2025-07-06 12:30:00,CV001718,1.0,0.0,3.4356592e-08
47427,2025-07-06 12:30:00,CV001718,1.0,0.0,3.4339166e-08
47428,2025-07-06 13:00:00,CV001718,1.0,0.0,3.432214e-08
47429,2025-07-06 13:00:00,CV001718,1.0,0.0,3.4305256e-08
47430,2025-07-06 13:30:00,CV001718,1.0,0.0,3.428864e-08
47431,2025-07-06 13:30:00,CV001718,1.0,0.0,3.427236e-08
47432,2025-07-06 14:00:00,CV001718,1.0,0.0,3.4256345e-08
47433,2025-07-06 14:00:00,CV001718,1.0,0.0,3.424054e-08
47434,2025-07-06 14:30:00,CV001718,1.0,0.0,3.4225e-08
47435,2025-07-06 14:30:00,CV001718,1.0,0.0,3.4209922e-08
47436,2025-07-06 15:30:00,CV001718,1.0,0.0,3.4194855e-08
47437,2025-07-06 15:30:00,CV001718,1.0,0.0,3.4180115e-08
47438,2025-07-06 23:30:00,CV001718,1.0,0.0,3.4165843e-08
47439,2025-07-06 23:30:00,CV001718,1.0,0.0,3.415164e-08
47440,2025-07-07 00:00:00,CV001718,1.0,0.0,3.4137962e-08
47441,2025-07-07 00:00:00,CV001718,1.0,0.0,3.4124096e-08
47442,2025-07-07 00:30:00,CV001718,1.0,0.0,3.4110823e-08
47443,2025-07-07 00:30:00,CV001718,1.0,0.0,3.409794e-08
47444,2025-07-07 04:30:00,CV001718,1.0,0.0,3.4084938e-08
47445,2025-07-07 04:30:00,CV001718,1.0,0.0,3.4072325e-08
47446,2025-07-07 05:00:00,CV001718,1.0,0.0,3.406011e-08
47447,2025-07-07 05:00:00,CV001718,1.0,0.0,3.4047897e-08
47448,2025-07-07 05:30:00,CV001718,1.0,0.0,3.4036145e-08
47449,2025-07-07 05:30:00,CV001718,1.0,0.0,3.4024655e-08
47450,2025-07-07 06:00:00,CV001718,1.0,0.0,3.4013368e-08
47451,2025-07-07 06:00:00,CV001718,1.0,0.0,3.400234e-08
47452,2025-07-07 06:30:00,CV001718,1.0,0.0,3.3991448e-08
47453,2025-07-07 06:30:00,CV001718,1.0,0.0,3.398088e-08
47454,2025-07-07 07:00:00,CV001718,1.0,0.0,3.397051e-08
47455,2025-07-07 07:00:00,CV001718,1.0,0.0,3.3960536e-08
47456,2025-07-07 07:30:00,CV001718,1.0,0.0,3.395076e-08
47457,2025-07-07 07:30:00,CV001718,1.0,0.0,3.394111e-08
47458,2025-07-07 08:00:00,CV001718,1.0,0.0,3.393192e-08
47459,2025-07-07 08:00:00,CV001718,1.0,0.0,3.392286e-08
47460,2025-07-07 10:30:00,CV001718,1.0,0.0,3.3913736e-08
47461,2025-07-07 10:30:00,CV001718,1.0,0.0,3.39052e-08
47462,2025-07-07 20:00:00,CV001718,1.0,0.0,3.3896857e-08
47463,2025-07-07 20:00:00,CV001718,1.0,0.0,3.388871e-08
47464,2025-07-07 20:30:00,CV001718,1.0,0.0,3.3880827e-08
47465,2025-07-07 20:30:00,CV001718,1.0,0.0,3.387307e-08
47466,2025-07-07 21:00:00,CV001718,1.0,0.0,3.3865643e-08
47467,2025-07-07 21:00:00,CV001718,1.0,0.0,3.3858537e-08
47468,2025-07-07 21:30:00,CV001718,1.0,0.0,3.38515e-08
47469,2025-07-07 21:30:00,CV001718,1.0,0.0,3.384472e-08
47470,2025-07-07 22:00:00,CV001718,1.0,0.0,3.383833e-08
47471,2025-07-07 22:00:00,CV001718,1.0,0.0,3.3831814e-08
47472,2025-07-07 22:30:00,CV001718,1.0,0.0,3.3825813e-08
47473,2025-07-07 22:30:00,CV001718,1.0,0.0,3.3820072e-08
47474,2025-07-07 23:00:00,CV001718,1.0,0.0,3.3814395e-08
47475,2025-07-07 23:00:00,CV001718,1.0,0.0,3.380911e-08
47476,2025-07-07 23:30:00,CV001718,1.0,0.0,3.3804014e-08
47477,2025-07-07 23:30:00,CV001718,1.0,0.0,3.3798983e-08
47478,2025-07-08 04:30:00,CV001718,1.0,0.0,3.3794212e-08
47479,2025-07-08 04:30:00,CV001718,1.0,0.0,3.3789572e-08
47480,2025-07-08 05:00:00,CV001718,1.0,0.0,3.378532e-08
47481,2025-07-08 05:00:00,CV001718,1.0,0.0,3.3781326e-08
47482,2025-07-08 05:30:00,CV001718,1.0,0.0,3.3777525e-08
47483,2025-07-08 05:30:00,CV001718,1.0,0.0,3.377398e-08
47484,2025-07-08 06:00:00,CV001718,1.0,0.0,3.37705e-08
47485,2025-07-08 06:00:00,CV001718,1.0,0.0,3.3767282e-08
47486,2025-07-08 08:30:00,CV001718,1.0,0.0,3.376406e-08
47487,2025-07-08 08:30:00,CV001718,1.0,0.0,3.3761356e-08
47488,2025-07-08 12:00:00,CV001718,1.0,0.0,3.3758845e-08
47489,2025-07-08 12:00:00,CV001718,1.0,0.0,3.3756333e-08
47490,2025-07-08 12:30:00,CV001718,1.0,0.0,3.3754272e-08
47491,2025-07-08 12:30:00,CV001718,1.0,0.0,3.3752407e-08
47492,2025-07-08 13:00:00,CV001718,1.0,0.0,3.3750666e-08
47493,2025-07-08 13:00:00,CV001718,1.0,0.0,3.3749316e-08
47494,2025-07-08 13:30:00,CV001718,1.0,0.0,3.3747902e-08
47495,2025-07-08 13:30:00,CV001718,1.0,0.0,3.374674e-08
47496,2025-07-08 15:00:00,CV001718,1.0,0.0,3.374584e-08
47497,2025-07-08 15:00:00,CV001718,1.0,0.0,3.3745195e-08
47498,2025-07-08 20:30:00,CV001718,1.0,0.0,3.3744488e-08
47499,2025-07-08 20:30:00,CV001718,1.0,0.0,3.374436e-08
47500,2025-07-08 23:30:00,CV001718,1.0,0.0,3.3744232e-08
47501,2025-07-08 23:30:00,CV001718,1.0,0.0,3.3744232e-08
47502,2025-07-09 23:00:00,CV001718,1.0,0.0,3.3744552e-08
47503,2025-07-09 23:00:00,CV001718,1.0,0.0,3.3745067e-08
47504,2025-07-09 23:30:00,CV001718,1.0,0.0,3.3745778e-08
47505,2025-07-09 23:30:00,CV001718,1.0,0.0,3.3746613e-08
47506,2025-07-10 00:00:00,CV001718,1.0,0.0,3.374758e-08
47507,2025-07-10 00:00:00,CV001718,1.0,0.0,3.374906e-08
47508,2025-07-10 00:30:00,CV001718,1.0,0.0,3.3750666e-08
47509,2025-07-10 00:30:00,CV001718,1.0,0.0,3.375221e-08
47510,2025-07-10 01:00:00,CV001718,1.0,0.0,3.375395e-08
47511,2025-07-10 01:00:00,CV001718,1.0,0.0,3.3756205e-08
47512,2025-07-10 01:30:00,CV001718,1.0,0.0,3.375852e-08
47513,2025-07-10 01:30:00,CV001718,1.0,0.0,3.3760905e-08
47514,2025-07-10 02:00:00,CV001718,1.0,0.0,3.3763545e-08
47515,2025-07-10 02:00:00,CV001718,1.0,0.0,3.3766312e-08
47516,2025-07-10 02:30:00,CV001718,1.0,0.0,3.376928e-08
47517,2025-07-10 02:30:00,CV001718,1.0,0.0,3.377256e-08
47518,2025-07-10 08:30:00,CV001718,1.0,0.0,3.377598e-08
47519,2025-07-10 08:30:00,CV001718,1.0,0.0,3.3779518e-08
47520,2025-07-10 09:00:00,CV001718,1.0,0.0,3.378319e-08
47521,2025-07-10 09:00:00,CV001718,1.0,0.0,3.3787188e-08
47522,2025-07-10 11:00:00,CV001718,1.0,0.0,3.3791313e-08
47523,2025-07-10 11:00:00,CV001718,1.0,0.0,3.3795565e-08
47524,2025-07-10 11:30:00,CV001718,1.0,0.0,3.3800273e-08
47525,2025-07-10 11:30:00,CV001718,1.0,0.0,3.3804916e-08
47526,2025-07-10 12:00:00,CV001718,1.0,0.0,3.3809883e-08
47527,2025-07-10 12:00:00,CV001718,1.0,0.0,3.3814846e-08
47528,2025-07-10 12:30:00,CV001718,1.0,0.0,3.381994e-08
47529,2025-07-10 12:30:00,CV001718,1.0,0.0,3.382536e-08
47530,2025-07-10 13:00:00,CV001718,1.0,0.0,3.383104e-08
47531,2025-07-10 13:00:00,CV001718,1.0,0.0,3.383678e-08
47532,2025-07-10 13:30:00,CV001718,1.0,0.0,3.3842785e-08
47533,2025-07-10 13:30:00,CV001718,1.0,0.0,3.384892e-08
47534,2025-07-10 14:00:00,CV001718,1.0,0.0,3.3855247e-08
47535,2025-07-10 14:00:00,CV001718,1.0,0.0,3.386164e-08
47536,2025-07-10 14:30:00,CV001718,1.0,0.0,3.3868357e-08
47537,2025-07-10 14:30:00,CV001718,1.0,0.0,3.3875143e-08
47538,2025-07-10 16:00:00,CV001718,1.0,0.0,3.3882248e-08
47539,2025-07-10 16:00:00,CV001718,1.0,0.0,3.3889357e-08
47540,2025-07-10 17:00:00,CV001718,1.0,0.0,3.3896725e-08
47541,2025-07-10 17:00:00,CV001718,1.0,0.0,3.390423e-08
47542,2025-07-10 17:30:00,CV001718,1.0,0.0,3.3911988e-08
47543,2025-07-10 17:30:00,CV001718,1.0,0.0,3.3919818e-08
47544,2025-07-10 18:00:00,CV001718,1.0,0.0,3.3927904e-08
47545,2025-07-10 18:00:00,CV001718,1.0,0.0,3.393619e-08
47546,2025-07-11 09:00:00,CV001718,1.0,0.0,3.394467e-08
47547,2025-07-11 09:00:00,CV001718,1.0,0.0,3.3953153e-08
47548,2025-07-11 12:30:00,CV001718,1.0,0.0,3.39617e-08
47549,2025-07-11 12:30:00,CV001718,1.0,0.0,3.3970707e-08
47550,2025-07-11 19:30:00,CV001718,1.0,0.0,3.3979845e-08
47551,2025-07-11 19:30:00,CV001718,1.0,0.0,3.3989114e-08
47552,2025-07-11 20:00:00,CV001718,1.0,0.0,3.3998514e-08
47553,2025-07-11 20:00:00,CV001718,1.0,0.0,3.4007982e-08
47554,2025-07-11 20:30:00,CV001718,1.0,0.0,3.401778e-08
47555,2025-07-11 20:30:00,CV001718,1.0,0.0,3.4027643e-08
47556,2025-07-11 21:00:00,CV001718,1.0,0.0,3.4037768e-08
47557,2025-07-11 21:00:00,CV001718,1.0,0.0,3.4047964e-08
47558,2025-07-11 21:30:00,CV001718,1.0,0.0,3.4058292e-08
47559,2025-07-11 21:30:00,CV001718,1.0,0.0,3.4068815e-08
47560,2025-07-11 22:00:00,CV001718,1.0,0.0,3.4079605e-08
47561,2025-07-11 22:00:00,CV001718,1.0,0.0,3.4090462e-08
47562,2025-07-11 22:30:00,CV001718,1.0,0.0,3.4101454e-08
47563,2025-07-11 22:30:00,CV001718,1.0,0.0,3.411264e-08
47564,2025-07-11 23:30:00,CV001718,1.0,0.0,3.4124096e-08
47565,2025-07-11 23:30:00,CV001718,1.0,0.0,3.413568e-08
47566,2025-07-12 02:00:00,CV001718,1.0,0.0,3.4147337e-08
47567,2025-07-12 02:00:00,CV001718,1.0,0.0,3.4159065e-08
47568,2025-07-12 02:30:00,CV001718,1.0,0.0,3.4171123e-08
47569,2025-07-12 02:30:00,CV001718,1.0,0.0,3.418331e-08
47570,2025-07-12 07:00:00,CV001718,1.0,0.0,3.4195832e-08
47571,2025-07-12 07:00:00,CV001718,1.0,0.0,3.420816e-08
47572,2025-07-12 07:30:00,CV001718,1.0,0.0,3.422069e-08
47573,2025-07-12 07:30:00,CV001718,1.0,0.0,3.4233487e-08
47574,2025-07-12 08:00:00,CV001718,1.0,0.0,3.4246547e-08
47575,2025-07-12 08:00:00,CV001718,1.0,0.0,3.4259482e-08
47576,2025-07-12 17:00:00,CV001718,1.0,0.0,3.4272816e-08
47577,2025-07-12 17:00:00,CV001718,1.0,0.0,3.4286156e-08
47578,2025-07-12 17:30:00,CV001718,1.0,0.0,3.429989e-08
47579,2025-07-12 17:30:00,CV001718,1.0,0.0,3.43135e-08
47580,2025-07-12 18:00:00,CV001718,1.0,0.0,3.4327247e-08
47581,2025-07-12 18:00:00,CV001718,1.0,0.0,3.434139e-08
47582,2025-07-12 19:00:00,CV001718,1.0,0.0,3.435528e-08
47583,2025-07-12 19:00:00,CV001718,1.0,0.0,3.43697e-08
47584,2025-07-12 19:30:00,CV001718,1.0,0.0,3.4384325e-08
47585,2025-07-12 19:30:00,CV001718,1.0,0.0,3.4398884e-08
47586,2025-07-12 20:00:00,CV001718,1.0,0.0,3.4413716e-08
47587,2025-07-12 20:00:00,CV001718,1.0,0.0,3.4428556e-08
47588,2025-07-13 11:30:00,CV001718,1.0,0.0,3.4443662e-08
47589,2025-07-13 11:30:00,CV001718,1.0,0.0,3.4458576e-08
47590,2025-07-13 19:30:00,CV001718,1.0,0.0,3.4474155e-08
47591,2025-07-13 19:30:00,CV001718,1.0,0.0,3.448968e-08
47592,2025-07-13 20:00:00,CV001718,1.0,0.0,3.4505074e-08
47593,2025-07-13 20:00:00,CV001718,1.0,0.0,3.452101e-08
47594,2025-07-13 20:30:00,CV001718,1.0,0.0,3.453688e-08
47595,2025-07-13 20:30:00,CV001718,1.0,0.0,3.4553022e-08
47596,2025-07-13 22:30:00,CV001718,1.0,0.0,3.4569304e-08
47597,2025-07-13 22:30:00,CV001718,1.0,0.0,3.4585657e-08
47598,2025-07-13 23:00:00,CV001718,1.0,0.0,3.460209e-08
47599,2025-07-13 23:00:00,CV001718,1.0,0.0,3.4618726e-08
47600,2025-07-13 23:30:00,CV001718,1.0,0.0,3.4635566e-08
47601,2025-07-13 23:30:00,CV001718,1.0,0.0,3.465248e-08
47602,2025-07-14 07:00:00,CV001718,1.0,0.0,3.4669473e-08
47603,2025-07-14 07:00:00,CV001718,1.0,0.0,3.4687e-08
47604,2025-07-14 11:00:00,CV001718,1.0,0.0,3.470427e-08
47605,2025-07-14 11:00:00,CV001718,1.0,0.0,3.472162e-08
47606,2025-07-14 11:30:00,CV001718,1.0,0.0,3.4739436e-08
47607,2025-07-14 11:30:00,CV001718,1.0,0.0,3.475707e-08
47608,2025-07-14 13:00:00,CV001718,1.0,0.0,3.4775038e-08
47609,2025-07-14 13:00:00,CV001718,1.0,0.0,3.4793086e-08
47610,2025-07-14 18:00:00,CV001718,1.0,0.0,3.4811407e-08
47611,2025-07-14 18:00:00,CV001718,1.0,0.0,3.482967e-08
47612,2025-07-14 18:30:00,CV001718,1.0,0.0,3.484821e-08
47613,2025-07-14 18:30:00,CV001718,1.0,0.0,3.486669e-08
47614,2025-07-14 21:00:00,CV001718,1.0,0.0,3.4885716e-08
47615,2025-07-14 21:00:00,CV001718,1.0,0.0,3.4904485e-08
47616,2025-07-15 12:00:00,CV001718,1.0,0.0,3.492353e-08
47617,2025-07-15 12:00:00,CV001718,1.0,0.0,3.4942587e-08
47618,2025-07-15 17:00:00,CV001718,1.0,0.0,3.4961854e-08
47619,2025-07-15 17:00:00,CV001718,1.0,0.0,3.4981397e-08
47620,2025-07-15 18:00:00,CV001718,1.0,0.0,3.500095e-08
47621,2025-07-15 18:00:00,CV001718,1.0,0.0,3.5020854e-08
47622,2025-07-15 20:30:00,CV001718,1.0,0.0,3.5040696e-08
47623,2025-07-15 20:30:00,CV001718,1.0,0.0,3.5060623e-08
47624,2025-07-15 21:00:00,CV001718,1.0,0.0,3.5080685e-08
47625,2025-07-15 21:00:00,CV001718,1.0,0.0,3.5100967e-08
47626,2025-07-15 21:30:00,CV001718,1.0,0.0,3.512146e-08
47627,2025-07-15 21:30:00,CV001718,1.0,0.0,3.5142033e-08
47628,2025-07-15 22:30:00,CV001718,1.0,0.0,3.5162614e-08
47629,2025-07-15 22:30:00,CV001718,1.0,0.0,3.5183547e-08
47630,2025-07-15 23:00:00,CV001718,1.0,0.0,3.5204422e-08
47631,2025-07-15 23:00:00,CV001718,1.0,0.0,3.522538e-08
47632,2025-07-16 00:00:00,CV001718,1.0,0.0,3.5246885e-08
47633,2025-07-16 00:00:00,CV001718,1.0,0.0,3.526807e-08
47634,2025-07-16 02:00:00,CV001718,1.0,0.0,3.5289265e-08
47635,2025-07-16 02:00:00,CV001718,1.0,0.0,3.5311082e-08
47636,2025-07-16 05:30:00,CV001718,1.0,0.0,3.533291e-08
47637,2025-07-16 05:30:00,CV001718,1.0,0.0,3.5354685e-08
47638,2025-07-16 06:00:00,CV001718,1.0,0.0,3.537661e-08
47639,2025-07-16 06:00:00,CV001718,1.0,0.0,3.539888e-08
47640,2025-07-16 06:30:00,CV001718,1.0,0.0,3.542103e-08
47641,2025-07-16 06:30:00,CV001718,1.0,0.0,3.5443403e-08
47642,2025-07-16 07:00:00,CV001718,1.0,0.0,3.5465852e-08
47643,2025-07-16 07:00:00,CV001718,1.0,0.0,3.5488586e-08
47644,2025-07-16 12:30:00,CV001718,1.0,0.0,3.5511405e-08
47645,2025-07-16 12:30:00,CV001718,1.0,0.0,3.5534306e-08
47646,2025-07-16 13:00:00,CV001718,1.0,0.0,3.5557292e-08
47647,2025-07-16 13:00:00,CV001718,1.0,0.0,3.5580562e-08
47648,2025-07-16 23:30:00,CV001718,1.0,0.0,3.5603914e-08
47649,2025-07-16 23:30:00,CV001718,1.0,0.0,3.5627213e-08
47650,2025-07-17 02:00:00,CV001718,1.0,0.0,3.56506e-08
47651,2025-07-17 02:00:00,CV001718,1.0,0.0,3.5674475e-08
47652,2025-07-17 02:30:00,CV001718,1.0,0.0,3.569823e-08
47653,2025-07-17 02:30:00,CV001718,1.0,0.0,3.5722273e-08
47654,2025-06-19 01:30:00,CV001718,2.0,0.0,3.5746197e-08
47655,2025-06-19 01:30:00,CV001718,2.0,0.0,3.577041e-08
47656,2025-06-19 04:00:00,CV001718,2.0,0.0,3.5794706e-08
47657,2025-06-19 04:00:00,CV001718,2.0,0.0,3.5819156e-08
47658,2025-06-19 06:30:00,CV001718,2.0,0.0,3.584369e-08
47659,2025-06-19 06:30:00,CV001718,2.0,0.0,3.586838e-08
47660,2025-06-19 07:00:00,CV001718,2.0,0.0,3.589329e-08
47661,2025-06-19 07:00:00,CV001718,2.0,0.0,3.5918152e-08
47662,2025-06-19 07:30:00,CV001718,2.0,0.0,3.594337e-08
47663,2025-06-19 07:30:00,CV001718,2.0,0.0,3.596854e-08
47664,2025-06-19 12:30:00,CV001718,2.0,0.0,3.5993793e-08
47665,2025-06-19 12:30:00,CV001718,2.0,0.0,3.6019205e-08
47666,2025-06-19 13:00:00,CV001718,2.0,0.0,3.604484e-08
47667,2025-06-19 13:00:00,CV001718,2.0,0.0,3.607063e-08
47668,2025-06-19 13:30:00,CV001718,2.0,0.0,3.609637e-08
47669,2025-06-19 13:30:00,CV001718,2.0,0.0,3.6122337e-08
47670,2025-06-20 01:00:00,CV001718,2.0,0.0,3.6148318e-08
47671,2025-06-20 01:00:00,CV001718,2.0,0.0,3.617439e-08
47672,2025-06-20 02:00:00,CV001718,2.0,0.0,3.6200756e-08
47673,2025-06-20 02:00:00,CV001718,2.0,0.0,3.6227213e-08
47674,2025-06-20 02:30:00,CV001718,2.0,0.0,3.6253756e-08
47675,2025-06-20 02:30:00,CV001718,2.0,0.0,3.6280525e-08
47676,2025-06-20 13:00:00,CV001718,2.0,0.0,3.6307316e-08
47677,2025-06-20 13:00:00,CV001718,2.0,0.0,3.6334196e-08
47678,2025-06-20 13:30:00,CV001718,2.0,0.0,3.6361165e-08
47679,2025-06-20 13:30:00,CV001718,2.0,0.0,3.6388432e-08
47680,2025-06-20 17:30:00,CV001718,2.0,0.0,3.6415717e-08
47681,2025-06-20 17:30:00,CV001718,2.0,0.0,3.6443026e-08
47682,2025-06-21 21:30:00,CV001718,2.0,0.0,3.6470492e-08
47683,2025-06-21 21:30:00,CV001718,2.0,0.0,3.6498257e-08
47684,2025-06-21 22:00:00,CV001718,2.0,0.0,3.6525904e-08
47685,2025-06-21 22:00:00,CV001718,2.0,0.0,3.655385e-08
47686,2025-06-21 22:30:00,CV001718,2.0,0.0,3.658196e-08
47687,2025-06-21 22:30:00,CV001718,2.0,0.0,3.660995e-08
47688,2025-06-21 23:30:00,CV001718,2.0,0.0,3.6638383e-08
47689,2025-06-21 23:30:00,CV001718,2.0,0.0,3.6666624e-08
47690,2025-06-22 02:00:00,CV001718,2.0,0.0,3.6695027e-08
47691,2025-06-22 02:00:00,CV001718,2.0,0.0,3.6723733e-08
47692,2025-06-22 02:30:00,CV001718,2.0,0.0,3.6752393e-08
47693,2025-06-22 02:30:00,CV001718,2.0,0.0,3.6781216e-08
47694,2025-06-22 03:30:00,CV001718,2.0,0.0,3.6810064e-08
47695,2025-06-22 03:30:00,CV001718,2.0,0.0,3.6839353e-08
47696,2025-06-22 04:00:00,CV001718,2.0,0.0,3.686831e-08
47697,2025-06-22 04:00:00,CV001718,2.0,0.0,3.6897717e-08
47698,2025-06-23 11:00:00,CV001718,2.0,0.0,3.6926938e-08
47699,2025-06-23 11:00:00,CV001718,2.0,0.0,3.6956674e-08
47700,2025-06-23 12:00:00,CV001718,2.0,0.0,3.698636e-08
47701,2025-06-23 12:00:00,CV001718,2.0,0.0,3.7016072e-08
47702,2025-06-23 12:30:00,CV001718,2.0,0.0,3.7045947e-08
47703,2025-06-23 12:30:00,CV001718,2.0,0.0,3.7075917e-08
47704,2025-06-23 13:00:00,CV001718,2.0,0.0,3.7105988e-08
47705,2025-06-23 13:00:00,CV001718,2.0,0.0,3.713636e-08
47706,2025-06-23 13:30:00,CV001718,2.0,0.0,3.716669e-08
47707,2025-06-23 13:30:00,CV001718,2.0,0.0,3.719697e-08
47708,2025-06-23 14:00:00,CV001718,2.0,0.0,3.7227633e-08
47709,2025-06-23 14:00:00,CV001718,2.0,0.0,3.7258392e-08
47710,2025-06-23 14:30:00,CV001718,2.0,0.0,3.728939e-08
47711,2025-06-23 14:30:00,CV001718,2.0,0.0,3.73202e-08
47712,2025-06-23 15:00:00,CV001718,2.0,0.0,3.735132e-08
47713,2025-06-23 15:00:00,CV001718,2.0,0.0,3.7382392e-08
47714,2025-06-23 17:30:00,CV001718,2.0,0.0,3.7413706e-08
47715,2025-06-23 17:30:00,CV001718,2.0,0.0,3.7445048e-08
47716,2025-06-23 19:00:00,CV001718,2.0,0.0,3.7476703e-08
47717,2025-06-23 19:00:00,CV001718,2.0,0.0,3.7508453e-08
47718,2025-06-23 20:30:00,CV001718,2.0,0.0,3.753994e-08
47719,2025-06-23 20:30:00,CV001718,2.0,0.0,3.7571674e-08
47720,2025-06-24 02:30:00,CV001718,2.0,0.0,3.7603794e-08
47721,2025-06-24 02:30:00,CV001718,2.0,0.0,3.7635868e-08
47722,2025-06-24 20:00:00,CV001718,2.0,0.0,3.766804e-08
47723,2025-06-24 20:00:00,CV001718,2.0,0.0,3.7700314e-08
47724,2025-06-24 20:30:00,CV001718,2.0,0.0,3.7732757e-08
47725,2025-06-24 20:30:00,CV001718,2.0,0.0,3.7765304e-08
47726,2025-06-24 21:00:00,CV001718,2.0,0.0,3.779766e-08
47727,2025-06-24 21:00:00,CV001718,2.0,0.0,3.783069e-08
47728,2025-06-24 21:30:00,CV001718,2.0,0.0,3.786332e-08
47729,2025-06-24 21:30:00,CV001718,2.0,0.0,3.789641e-08
47730,2025-06-25 20:00:00,CV001718,2.0,0.0,3.792953e-08
47731,2025-06-25 20:00:00,CV001718,2.0,0.0,3.7962895e-08
47732,2025-06-26 11:30:00,CV001718,2.0,0.0,3.7996074e-08
47733,2025-06-26 11:30:00,CV001718,2.0,0.0,3.8029427e-08
47734,2025-06-26 13:30:00,CV001718,2.0,0.0,3.8063096e-08
47735,2025-06-26 13:30:00,CV001718,2.0,0.0,3.809651e-08
47736,2025-06-26 14:00:00,CV001718,2.0,0.0,3.8130384e-08
47737,2025-06-26 14:00:00,CV001718,2.0,0.0,3.8164217e-08
47738,2025-06-26 16:30:00,CV001718,2.0,0.0,3.8198227e-08
47739,2025-06-26 16:30:00,CV001718,2.0,0.0,3.823234e-08
47740,2025-06-27 05:00:00,CV001718,2.0,0.0,3.826648e-08
47741,2025-06-27 05:00:00,CV001718,2.0,0.0,3.83008e-08
47742,2025-06-27 05:30:00,CV001718,2.0,0.0,3.8335227e-08
47743,2025-06-27 05:30:00,CV001718,2.0,0.0,3.836968e-08
47744,2025-06-27 06:00:00,CV001718,2.0,0.0,3.840431e-08
47745,2025-06-27 06:00:00,CV001718,2.0,0.0,3.8439048e-08
47746,2025-06-27 06:30:00,CV001718,2.0,0.0,3.847411e-08
47747,2025-06-27 06:30:00,CV001718,2.0,0.0,3.850913e-08
47748,2025-06-27 07:00:00,CV001718,2.0,0.0,3.854411e-08
47749,2025-06-27 07:00:00,CV001718,2.0,0.0,3.8579337e-08
47750,2025-06-27 07:30:00,CV001718,2.0,0.0,3.861438e-08
47751,2025-06-27 07:30:00,CV001718,2.0,0.0,3.8650043e-08
47752,2025-06-27 08:00:00,CV001718,2.0,0.0,3.8685663e-08
47753,2025-06-27 08:00:00,CV001718,2.0,0.0,3.8721097e-08
47754,2025-06-27 10:00:00,CV001718,2.0,0.0,3.8756784e-08
47755,2025-06-27 10:00:00,CV001718,2.0,0.0,3.8792656e-08
47756,2025-06-28 07:00:00,CV001718,2.0,0.0,3.882856e-08
47757,2025-06-28 07:00:00,CV001718,2.0,0.0,3.886472e-08
47758,2025-06-29 14:00:00,CV001718,2.0,0.0,3.890076e-08
47759,2025-06-29 14:00:00,CV001718,2.0,0.0,3.8937134e-08
47760,2025-06-29 17:00:00,CV001718,2.0,0.0,3.8973393e-08
47761,2025-06-29 17:00:00,CV001718,2.0,0.0,3.900976e-08
47762,2025-06-29 17:30:00,CV001718,2.0,0.0,3.9046533e-08
47763,2025-06-29 17:30:00,CV001718,2.0,0.0,3.908312e-08
47764,2025-06-29 18:00:00,CV001718,2.0,0.0,3.912011e-08
47765,2025-06-29 18:00:00,CV001718,2.0,0.0,3.9156838e-08
47766,2025-06-29 18:30:00,CV001718,2.0,0.0,3.91939e-08
47767,2025-06-29 18:30:00,CV001718,2.0,0.0,3.923107e-08
47768,2025-06-29 19:00:00,CV001718,2.0,0.0,3.926813e-08
47769,2025-06-29 19:00:00,CV001718,2.0,0.0,3.930567e-08
47770,2025-06-29 19:30:00,CV001718,2.0,0.0,3.93431e-08
47771,2025-06-29 19:30:00,CV001718,2.0,0.0,3.9380485e-08
47772,2025-06-29 20:00:00,CV001718,2.0,0.0,3.941821e-08
47773,2025-06-29 20:00:00,CV001718,2.0,0.0,3.9456122e-08
47774,2025-06-29 20:30:00,CV001718,2.0,0.0,3.9493692e-08
47775,2025-06-29 20:30:00,CV001718,2.0,0.0,3.9531827e-08
47776,2025-06-29 21:00:00,CV001718,2.0,0.0,3.957007e-08
47777,2025-06-29 21:00:00,CV001718,2.0,0.0,3.960813e-08
47778,2025-06-30 01:30:00,CV001718,2.0,0.0,3.9646373e-08
47779,2025-06-30 01:30:00,CV001718,2.0,0.0,3.9684885e-08
47780,2025-06-30 02:00:00,CV001718,2.0,0.0,3.9723204e-08
47781,2025-06-30 02:00:00,CV001718,2.0,0.0,3.976186e-08
47782,2025-07-01 08:00:00,CV001718,2.0,0.0,3.980056e-08
47783,2025-07-01 08:00:00,CV001718,2.0,0.0,3.9839296e-08
47784,2025-07-01 09:00:00,CV001718,2.0,0.0,3.9878298e-08
47785,2025-07-01 09:00:00,CV001718,2.0,0.0,3.991741e-08
47786,2025-07-01 17:00:00,CV001718,2.0,0.0,3.995641e-08
47787,2025-07-01 17:00:00,CV001718,2.0,0.0,3.9995605e-08
47788,2025-07-02 19:30:00,CV001718,2.0,0.0,4.0035065e-08
47789,2025-07-02 19:30:00,CV001718,2.0,0.0,4.0074482e-08
47790,2025-07-02 20:30:00,CV001718,2.0,0.0,4.0114177e-08
47791,2025-07-02 20:30:00,CV001718,2.0,0.0,4.015352e-08
47792,2025-07-03 05:30:00,CV001718,2.0,0.0,4.019352e-08
47793,2025-07-03 05:30:00,CV001718,2.0,0.0,4.0233253e-08
47794,2025-07-03 06:30:00,CV001718,2.0,0.0,4.027325e-08
47795,2025-07-03 06:30:00,CV001718,2.0,0.0,4.0313367e-08
47796,2025-07-03 17:30:00,CV001718,2.0,0.0,4.035337e-08
47797,2025-07-03 17:30:00,CV001718,2.0,0.0,4.039349e-08
47798,2025-07-03 18:00:00,CV001718,2.0,0.0,4.043419e-08
47799,2025-07-03 18:00:00,CV001718,2.0,0.0,4.047462e-08
47800,2025-07-03 18:30:00,CV001718,2.0,0.0,4.0515097e-08
47801,2025-07-03 18:30:00,CV001718,2.0,0.0,4.0555918e-08
47802,2025-07-03 19:00:00,CV001718,2.0,0.0,4.0596706e-08
47803,2025-07-03 19:00:00,CV001718,2.0,0.0,4.063753e-08
47804,2025-07-03 19:30:00,CV001718,2.0,0.0,4.0678476e-08
47805,2025-07-03 19:30:00,CV001718,2.0,0.0,4.071962e-08
47806,2025-07-04 04:00:00,CV001718,2.0,0.0,4.0760572e-08
47807,2025-07-04 04:00:00,CV001718,2.0,0.0,4.080211e-08
47808,2025-07-04 08:00:00,CV001718,2.0,0.0,4.084353e-08
47809,2025-07-04 08:00:00,CV001718,2.0,0.0,4.0884842e-08
47810,2025-07-04 09:00:00,CV001718,2.0,0.0,4.092658e-08
47811,2025-07-04 09:00:00,CV001718,2.0,0.0,4.096821e-08
47812,2025-07-05 14:30:00,CV001718,2.0,0.0,4.1010114e-08
47813,2025-07-05 14:30:00,CV001718,2.0,0.0,4.1051827e-08
47814,2025-07-05 15:30:00,CV001718,2.0,0.0,4.1093816e-08
47815,2025-07-05 15:30:00,CV001718,2.0,0.0,4.113593e-08
47816,2025-07-05 16:00:00,CV001718,2.0,0.0,4.117832e-08
47817,2025-07-05 16:00:00,CV001718,2.0,0.0,4.1220517e-08
47818,2025-07-05 16:30:00,CV001718,2.0,0.0,4.1262997e-08
47819,2025-07-05 16:30:00,CV001718,2.0,0.0,4.130528e-08
47820,2025-07-06 02:30:00,CV001718,2.0,0.0,4.1348002e-08
47821,2025-07-06 02:30:00,CV001718,2.0,0.0,4.1390848e-08
47822,2025-07-06 03:00:00,CV001718,2.0,0.0,4.143358e-08
47823,2025-07-06 03:00:00,CV001718,2.0,0.0,4.1476437e-08
47824,2025-07-06 04:00:00,CV001718,2.0,0.0,4.1519336e-08
47825,2025-07-06 04:00:00,CV001718,2.0,0.0,4.1562437e-08
47826,2025-07-06 06:30:00,CV001718,2.0,0.0,4.1605585e-08
47827,2025-07-06 06:30:00,CV001718,2.0,0.0,4.1649017e-08
47828,2025-07-06 08:30:00,CV001718,2.0,0.0,4.1692413e-08
47829,2025-07-06 08:30:00,CV001718,2.0,0.0,4.1736254e-08
47830,2025-07-06 18:30:00,CV001718,2.0,0.0,4.1779824e-08
47831,2025-07-06 18:30:00,CV001718,2.0,0.0,4.1823355e-08
47832,2025-07-08 10:30:00,CV001718,2.0,0.0,4.186701e-08
47833,2025-07-08 10:30:00,CV001718,2.0,0.0,4.1911036e-08
47834,2025-07-08 11:00:00,CV001718,2.0,0.0,4.1955026e-08
47835,2025-07-08 11:00:00,CV001718,2.0,0.0,4.1999222e-08
47836,2025-07-08 15:30:00,CV001718,2.0,0.0,4.204314e-08
47837,2025-07-08 15:30:00,CV001718,2.0,0.0,4.208751e-08
47838,2025-07-08 16:30:00,CV001718,2.0,0.0,4.2131685e-08
47839,2025-07-08 16:30:00,CV001718,2.0,0.0,4.217647e-08
47840,2025-07-08 17:00:00,CV001718,2.0,0.0,4.222106e-08
47841,2025-07-08 17:00:00,CV001718,2.0,0.0,4.22657e-08
47842,2025-07-08 17:30:00,CV001718,2.0,0.0,4.2310546e-08
47843,2025-07-08 17:30:00,CV001718,2.0,0.0,4.2355357e-08
47844,2025-07-08 18:30:00,CV001718,2.0,0.0,4.2400217e-08
47845,2025-07-08 18:30:00,CV001718,2.0,0.0,4.244545e-08
47846,2025-07-08 21:00:00,CV001718,2.0,0.0,4.249081e-08
47847,2025-07-08 21:00:00,CV001718,2.0,0.0,4.253598e-08
47848,2025-07-08 22:00:00,CV001718,2.0,0.0,4.2581352e-08
47849,2025-07-08 22:00:00,CV001718,2.0,0.0,4.2626777e-08
47850,2025-07-09 21:00:00,CV001718,2.0,0.0,4.267217e-08
47851,2025-07-09 21:00:00,CV001718,2.0,0.0,4.27181e-08
47852,2025-07-09 21:30:00,CV001718,2.0,0.0,4.276359e-08
47853,2025-07-09 21:30:00,CV001718,2.0,0.0,4.2809372e-08
47854,2025-07-09 22:30:00,CV001718,2.0,0.0,4.2855532e-08
47855,2025-07-09 22:30:00,CV001718,2.0,0.0,4.290149e-08
47856,2025-07-11 13:00:00,CV001718,2.0,0.0,4.2947587e-08
47857,2025-07-11 13:00:00,CV001718,2.0,0.0,4.2994056e-08
47858,2025-07-11 13:30:00,CV001718,2.0,0.0,4.304025e-08
47859,2025-07-11 13:30:00,CV001718,2.0,0.0,4.3086658e-08
47860,2025-07-11 14:00:00,CV001718,2.0,0.0,4.313328e-08
47861,2025-07-11 14:00:00,CV001718,2.0,0.0,4.3179867e-08
47862,2025-07-12 00:30:00,CV001718,2.0,0.0,4.3226677e-08
47863,2025-07-12 00:30:00,CV001718,2.0,0.0,4.327345e-08
47864,2025-07-12 01:00:00,CV001718,2.0,0.0,4.332052e-08
47865,2025-07-12 01:00:00,CV001718,2.0,0.0,4.336723e-08
47866,2025-07-12 01:30:00,CV001718,2.0,0.0,4.3414403e-08
47867,2025-07-12 01:30:00,CV001718,2.0,0.0,4.346163e-08
47868,2025-07-12 04:00:00,CV001718,2.0,0.0,4.3508905e-08
47869,2025-07-12 04:00:00,CV001718,2.0,0.0,4.355632e-08
47870,2025-07-13 00:00:00,CV001718,2.0,0.0,4.3603862e-08
47871,2025-07-13 00:00:00,CV001718,2.0,0.0,4.365138e-08
47872,2025-07-13 01:00:00,CV001718,2.0,0.0,4.3699192e-08
47873,2025-07-13 01:00:00,CV001718,2.0,0.0,4.3746816e-08
47874,2025-07-13 01:30:00,CV001718,2.0,0.0,4.3794902e-08
47875,2025-07-13 01:30:00,CV001718,2.0,0.0,4.3842874e-08
47876,2025-07-13 02:00:00,CV001718,2.0,0.0,4.3890903e-08
47877,2025-07-13 02:00:00,CV001718,2.0,0.0,4.3938897e-08
47878,2025-07-13 02:30:00,CV001718,2.0,0.0,4.3987196e-08
47879,2025-07-13 02:30:00,CV001718,2.0,0.0,4.4035378e-08
47880,2025-07-13 03:00:00,CV001718,2.0,0.0,4.408395e-08
47881,2025-07-13 03:00:00,CV001718,2.0,0.0,4.4132577e-08
47882,2025-07-13 03:30:00,CV001718,2.0,0.0,4.4181682e-08
47883,2025-07-13 03:30:00,CV001718,2.0,0.0,4.422991e-08
47884,2025-07-13 04:00:00,CV001718,2.0,0.0,4.4278615e-08
47885,2025-07-13 04:00:00,CV001718,2.0,0.0,4.432754e-08
47886,2025-07-13 04:30:00,CV001718,2.0,0.0,4.437669e-08
47887,2025-07-13 04:30:00,CV001718,2.0,0.0,4.442564e-08
47888,2025-07-13 10:30:00,CV001718,2.0,0.0,4.44749e-08
47889,2025-07-13 10:30:00,CV001718,2.0,0.0,4.4524295e-08
47890,2025-07-13 11:00:00,CV001718,2.0,0.0,4.457375e-08
47891,2025-07-13 11:00:00,CV001718,2.0,0.0,4.4622915e-08
47892,2025-07-15 02:30:00,CV001718,2.0,0.0,4.467256e-08
47893,2025-07-15 02:30:00,CV001718,2.0,0.0,4.4722267e-08
47894,2025-07-16 02:30:00,CV001718,2.0,0.0,4.4772108e-08
47895,2025-07-16 02:30:00,CV001718,2.0,0.0,4.4821753e-08
47896,2025-07-16 14:30:00,CV001718,2.0,0.0,4.4871793e-08
47897,2025-07-16 14:30:00,CV001718,2.0,0.0,4.492172e-08
47898,2025-07-16 15:00:00,CV001718,2.0,0.0,4.497195e-08
47899,2025-07-16 15:00:00,CV001718,2.0,0.0,4.5022247e-08
47900,2025-07-16 15:30:00,CV001718,2.0,0.0,4.507234e-08
47901,2025-07-16 15:30:00,CV001718,2.0,0.0,4.5122658e-08
47902,2025-07-16 16:30:00,CV001718,2.0,0.0,4.5173035e-08
47903,2025-07-16 16:30:00,CV001718,2.0,0.0,4.52239e-08
47904,2025-07-16 17:30:00,CV001718,2.0,0.0,4.527456e-08
47905,2025-07-16 17:30:00,CV001718,2.0,0.0,4.5325105e-08
47906,2025-07-16 21:00:00,CV001718,2.0,0.0,4.537614e-08
47907,2025-07-16 21:00:00,CV001718,2.0,0.0,4.5427146e-08
47908,2025-07-16 22:00:00,CV001718,2.0,0.0,4.547812e-08
47909,2025-07-16 22:00:00,CV001718,2.0,0.0,4.552933e-08
47910,2025-07-17 03:00:00,CV001718,2.0,0.0,4.5580247e-08
47911,2025-07-17 03:00:00,CV001718,2.0,0.0,4.5631744e-08
47912,2025-06-18 17:00:00,CV001718,3.0,0.0,4.568321e-08
47913,2025-06-18 17:00:00,CV001718,3.0,0.0,4.573456e-08
47914,2025-06-18 17:30:00,CV001718,3.0,0.0,4.5786145e-08
47915,2025-06-18 17:30:00,CV001718,3.0,0.0,4.5837876e-08
47916,2025-06-18 18:00:00,CV001718,3.0,0.0,4.588975e-08
47917,2025-06-18 18:00:00,CV001718,3.0,0.0,4.5941505e-08
47918,2025-06-18 18:30:00,CV001718,3.0,0.0,4.5993758e-08
47919,2025-06-18 18:30:00,CV001718,3.0,0.0,4.6045812e-08
47920,2025-06-18 19:00:00,CV001718,3.0,0.0,4.6097657e-08
47921,2025-06-18 19:00:00,CV001718,3.0,0.0,4.6149914e-08
47922,2025-06-18 19:30:00,CV001718,3.0,0.0,4.6202494e-08
47923,2025-06-18 19:30:00,CV001718,3.0,0.0,4.625443e-08
47924,2025-06-18 20:30:00,CV001718,3.0,0.0,4.630704e-08
47925,2025-06-18 20:30:00,CV001718,3.0,0.0,4.6359535e-08
47926,2025-06-19 01:00:00,CV001718,3.0,0.0,4.6412353e-08
47927,2025-06-19 01:00:00,CV001718,3.0,0.0,4.646532e-08
47928,2025-06-19 04:30:00,CV001718,3.0,0.0,4.651826e-08
47929,2025-06-19 04:30:00,CV001718,3.0,0.0,4.6570992e-08
47930,2025-06-19 16:30:00,CV001718,3.0,0.0,4.6624052e-08
47931,2025-06-19 16:30:00,CV001718,3.0,0.0,4.667726e-08
47932,2025-06-19 17:00:00,CV001718,3.0,0.0,4.6730353e-08
47933,2025-06-19 17:00:00,CV001718,3.0,0.0,4.6783686e-08
47934,2025-06-20 05:00:00,CV001718,3.0,0.0,4.6837165e-08
47935,2025-06-20 05:00:00,CV001718,3.0,0.0,4.689062e-08
47936,2025-06-21 01:00:00,CV001718,3.0,0.0,4.6944223e-08
47937,2025-06-21 01:00:00,CV001718,3.0,0.0,4.69978e-08
47938,2025-06-22 01:00:00,CV001718,3.0,0.0,4.7051522e-08
47939,2025-06-22 01:00:00,CV001718,3.0,0.0,4.710531e-08
47940,2025-06-22 01:30:00,CV001718,3.0,0.0,4.715898e-08
47941,2025-06-22 01:30:00,CV001718,3.0,0.0,4.721316e-08
47942,2025-06-22 18:00:00,CV001718,3.0,0.0,4.7267314e-08
47943,2025-06-22 18:00:00,CV001718,3.0,0.0,4.7321436e-08
47944,2025-06-23 01:30:00,CV001718,3.0,0.0,4.7375803e-08
47945,2025-06-23 01:30:00,CV001718,3.0,0.0,4.743014e-08
47946,2025-06-24 01:00:00,CV001718,3.0,0.0,4.7484725e-08
47947,2025-06-24 01:00:00,CV001718,3.0,0.0,4.7539096e-08
47948,2025-06-24 02:00:00,CV001718,3.0,0.0,4.7593804e-08
47949,2025-06-24 02:00:00,CV001718,3.0,0.0,4.7648484e-08
47950,2025-06-24 08:30:00,CV001718,3.0,0.0,4.7703317e-08
47951,2025-06-24 08:30:00,CV001718,3.0,0.0,4.7758306e-08
47952,2025-06-24 14:30:00,CV001718,3.0,0.0,4.781308e-08
47953,2025-06-24 14:30:00,CV001718,3.0,0.0,4.7868106e-08
47954,2025-06-24 15:00:00,CV001718,3.0,0.0,4.7923283e-08
47955,2025-06-24 15:00:00,CV001718,3.0,0.0,4.797871e-08
47956,2025-06-24 15:30:00,CV001718,3.0,0.0,4.8033737e-08
47957,2025-06-24 15:30:00,CV001718,3.0,0.0,4.808929e-08
47958,2025-06-24 16:00:00,CV001718,3.0,0.0,4.8144905e-08
47959,2025-06-24 16:00:00,CV001718,3.0,0.0,4.8200405e-08
47960,2025-06-25 22:30:00,CV001718,3.0,0.0,4.8256055e-08
47961,2025-06-25 22:30:00,CV001718,3.0,0.0,4.8311772e-08
47962,2025-06-26 02:00:00,CV001718,3.0,0.0,4.836765e-08
47963,2025-06-26 02:00:00,CV001718,3.0,0.0,4.8423587e-08
47964,2025-06-26 02:30:00,CV001718,3.0,0.0,4.8479496e-08
47965,2025-06-26 02:30:00,CV001718,3.0,0.0,4.853575e-08
47966,2025-06-26 03:00:00,CV001718,3.0,0.0,4.8591787e-08
47967,2025-06-26 03:00:00,CV001718,3.0,0.0,4.8647983e-08
47968,2025-06-27 00:30:00,CV001718,3.0,0.0,4.8704248e-08
47969,2025-06-27 00:30:00,CV001718,3.0,0.0,4.8760757e-08
47970,2025-06-27 01:00:00,CV001718,3.0,0.0,4.881762e-08
47971,2025-06-27 01:00:00,CV001718,3.0,0.0,4.8874174e-08
47972,2025-06-27 02:00:00,CV001718,3.0,0.0,4.8930602e-08
47973,2025-06-27 02:00:00,CV001718,3.0,0.0,4.8987285e-08
47974,2025-06-28 00:00:00,CV001718,3.0,0.0,4.904422e-08
47975,2025-06-28 00:00:00,CV001718,3.0,0.0,4.910141e-08
47976,2025-06-28 01:30:00,CV001718,3.0,0.0,4.915857e-08
47977,2025-06-28 01:30:00,CV001718,3.0,0.0,4.921561e-08
47978,2025-06-28 02:00:00,CV001718,3.0,0.0,4.927262e-08
47979,2025-06-28 02:00:00,CV001718,3.0,0.0,4.933008e-08
47980,2025-06-28 02:30:00,CV001718,3.0,0.0,4.938732e-08
47981,2025-06-28 02:30:00,CV001718,3.0,0.0,4.9445006e-08
47982,2025-06-28 03:00:00,CV001718,3.0,0.0,4.9502564e-08
47983,2025-06-28 03:00:00,CV001718,3.0,0.0,4.955991e-08
47984,2025-06-28 03:30:00,CV001718,3.0,0.0,4.9617796e-08
47985,2025-06-28 03:30:00,CV001718,3.0,0.0,4.967546e-08
47986,2025-06-28 04:00:00,CV001718,3.0,0.0,4.9733387e-08
47987,2025-06-28 04:00:00,CV001718,3.0,0.0,4.9791666e-08
47988,2025-06-28 04:30:00,CV001718,3.0,0.0,4.9849536e-08
47989,2025-06-28 04:30:00,CV001718,3.0,0.0,4.9907666e-08
47990,2025-06-30 04:00:00,CV001718,3.0,0.0,4.9965955e-08
47991,2025-06-30 04:00:00,CV001718,3.0,0.0,5.0024124e-08
47992,2025-06-30 04:30:00,CV001718,3.0,0.0,5.008236e-08
47993,2025-06-30 04:30:00,CV001718,3.0,0.0,5.0140855e-08
47994,2025-06-30 05:00:00,CV001718,3.0,0.0,5.019942e-08
47995,2025-06-30 05:00:00,CV001718,3.0,0.0,5.0258244e-08
47996,2025-06-30 05:30:00,CV001718,3.0,0.0,5.0316846e-08
47997,2025-06-30 05:30:00,CV001718,3.0,0.0,5.0375615e-08
47998,2025-06-30 06:00:00,CV001718,3.0,0.0,5.0434835e-08
47999,2025-06-30 06:00:00,CV001718,3.0,0.0,5.049355e-08
48000,2025-06-30 08:00:00,CV001718,3.0,0.0,5.0552817e-08
48001,2025-06-30 08:00:00,CV001718,3.0,0.0,5.0611572e-08
48002,2025-07-01 06:30:00,CV001718,3.0,0.0,5.0671073e-08
48003,2025-07-01 06:30:00,CV001718,3.0,0.0,5.0730254e-08
48004,2025-07-01 07:00:00,CV001718,3.0,0.0,5.0789602e-08
48005,2025-07-01 07:00:00,CV001718,3.0,0.0,5.0848925e-08
48006,2025-07-01 10:30:00,CV001718,3.0,0.0,5.0908508e-08
48007,2025-07-01 10:30:00,CV001718,3.0,0.0,5.0968165e-08
48008,2025-07-02 22:00:00,CV001718,3.0,0.0,5.102779e-08
48009,2025-07-02 22:00:00,CV001718,3.0,0.0,5.1087586e-08
48010,2025-07-02 22:30:00,CV001718,3.0,0.0,5.114755e-08
48011,2025-07-02 22:30:00,CV001718,3.0,0.0,5.1207483e-08
48012,2025-07-02 23:00:00,CV001718,3.0,0.0,5.126739e-08
48013,2025-07-02 23:00:00,CV001718,3.0,0.0,5.1327657e-08
48014,2025-07-04 03:00:00,CV001718,3.0,0.0,5.1387804e-08
48015,2025-07-04 03:00:00,CV001718,3.0,0.0,5.1447923e-08
48016,2025-07-04 13:00:00,CV001718,3.0,0.0,5.150831e-08
48017,2025-07-04 13:00:00,CV001718,3.0,0.0,5.156886e-08
48018,2025-07-04 13:30:00,CV001718,3.0,0.0,5.1629293e-08
48019,2025-07-04 13:30:00,CV001718,3.0,0.0,5.1689987e-08
48020,2025-07-05 05:00:00,CV001718,3.0,0.0,5.1750657e-08
48021,2025-07-05 05:00:00,CV001718,3.0,0.0,5.1811494e-08
48022,2025-07-05 05:30:00,CV001718,3.0,0.0,5.1872206e-08
48023,2025-07-05 05:30:00,CV001718,3.0,0.0,5.193299e-08
48024,2025-07-05 06:00:00,CV001718,3.0,0.0,5.1993943e-08
48025,2025-07-05 06:00:00,CV001718,3.0,0.0,5.205517e-08
48026,2025-07-05 06:30:00,CV001718,3.0,0.0,5.211617e-08
48027,2025-07-05 06:30:00,CV001718,3.0,0.0,5.217724e-08
48028,2025-07-05 11:00:00,CV001718,3.0,0.0,5.223868e-08
48029,2025-07-05 11:00:00,CV001718,3.0,0.0,5.229989e-08
48030,2025-07-05 11:30:00,CV001718,3.0,0.0,5.2361774e-08
48031,2025-07-05 11:30:00,CV001718,3.0,0.0,5.242303e-08
48032,2025-07-05 12:00:00,CV001718,3.0,0.0,5.2484662e-08
48033,2025-07-05 12:00:00,CV001718,3.0,0.0,5.254646e-08
48034,2025-07-05 12:30:00,CV001718,3.0,0.0,5.2608137e-08
48035,2025-07-05 12:30:00,CV001718,3.0,0.0,5.2669982e-08
48036,2025-07-05 13:00:00,CV001718,3.0,0.0,5.2731803e-08
48037,2025-07-05 13:00:00,CV001718,3.0,0.0,5.2793997e-08
48038,2025-07-05 17:30:00,CV001718,3.0,0.0,5.285586e-08
48039,2025-07-05 17:30:00,CV001718,3.0,0.0,5.2918203e-08
48040,2025-07-05 18:00:00,CV001718,3.0,0.0,5.298072e-08
48041,2025-07-05 18:00:00,CV001718,3.0,0.0,5.3042697e-08
48042,2025-07-05 18:30:00,CV001718,3.0,0.0,5.310526e-08
48043,2025-07-05 18:30:00,CV001718,3.0,0.0,5.316789e-08
48044,2025-07-05 23:30:00,CV001718,3.0,0.0,5.3230604e-08
48045,2025-07-05 23:30:00,CV001718,3.0,0.0,5.329298e-08
48046,2025-07-06 00:30:00,CV001718,3.0,0.0,5.335563e-08
48047,2025-07-06 00:30:00,CV001718,3.0,0.0,5.341866e-08
48048,2025-07-06 15:00:00,CV001718,3.0,0.0,5.3481564e-08
48049,2025-07-06 15:00:00,CV001718,3.0,0.0,5.354454e-08
48050,2025-07-06 16:30:00,CV001718,3.0,0.0,5.3607586e-08
48051,2025-07-06 16:30:00,CV001718,3.0,0.0,5.3670608e-08
48052,2025-07-06 17:30:00,CV001718,3.0,0.0,5.373381e-08
48053,2025-07-06 17:30:00,CV001718,3.0,0.0,5.379708e-08
48054,2025-07-06 21:30:00,CV001718,3.0,0.0,5.3860326e-08
48055,2025-07-06 21:30:00,CV001718,3.0,0.0,5.392385e-08
48056,2025-07-06 22:00:00,CV001718,3.0,0.0,5.398735e-08
48057,2025-07-06 22:00:00,CV001718,3.0,0.0,5.405061e-08
48058,2025-07-06 22:30:00,CV001718,3.0,0.0,5.4114153e-08
48059,2025-07-06 22:30:00,CV001718,3.0,0.0,5.4177974e-08
48060,2025-07-06 23:00:00,CV001718,3.0,0.0,5.4241877e-08
48061,2025-07-06 23:00:00,CV001718,3.0,0.0,5.4305644e-08
48062,2025-07-07 02:00:00,CV001718,3.0,0.0,5.4369487e-08
48063,2025-07-07 02:00:00,CV001718,3.0,0.0,5.443372e-08
48064,2025-07-07 15:00:00,CV001718,3.0,0.0,5.4497814e-08
48065,2025-07-07 15:00:00,CV001718,3.0,0.0,5.4561983e-08
48066,2025-07-07 15:30:00,CV001718,3.0,0.0,5.4626025e-08
48067,2025-07-07 15:30:00,CV001718,3.0,0.0,5.469056e-08
48068,2025-07-07 16:00:00,CV001718,3.0,0.0,5.4754956e-08
48069,2025-07-07 16:00:00,CV001718,3.0,0.0,5.481891e-08
48070,2025-07-07 16:30:00,CV001718,3.0,0.0,5.4883564e-08
48071,2025-07-07 16:30:00,CV001718,3.0,0.0,5.49483e-08
48072,2025-07-09 07:30:00,CV001718,3.0,0.0,5.5012894e-08
48073,2025-07-09 07:30:00,CV001718,3.0,0.0,5.5077777e-08
48074,2025-07-09 13:00:00,CV001718,3.0,0.0,5.5142422e-08
48075,2025-07-09 13:00:00,CV001718,3.0,0.0,5.520757e-08
48076,2025-07-09 13:30:00,CV001718,3.0,0.0,5.527268e-08
48077,2025-07-09 13:30:00,CV001718,3.0,0.0,5.5337555e-08
48078,2025-07-09 16:00:00,CV001718,3.0,0.0,5.540261e-08
48079,2025-07-09 16:00:00,CV001718,3.0,0.0,5.5468163e-08
48080,2025-07-09 20:30:00,CV001718,3.0,0.0,5.5533164e-08
48081,2025-07-09 20:30:00,CV001718,3.0,0.0,5.5598658e-08
48082,2025-07-09 22:00:00,CV001718,3.0,0.0,5.566413e-08
48083,2025-07-09 22:00:00,CV001718,3.0,0.0,5.572957e-08
48084,2025-07-11 05:30:00,CV001718,3.0,0.0,5.5794978e-08
48085,2025-07-11 05:30:00,CV001718,3.0,0.0,5.586047e-08
48086,2025-07-11 06:30:00,CV001718,3.0,0.0,5.5926137e-08
48087,2025-07-11 06:30:00,CV001718,3.0,0.0,5.59921e-08
48088,2025-07-11 10:00:00,CV001718,3.0,0.0,5.605771e-08
48089,2025-07-11 10:00:00,CV001718,3.0,0.0,5.612372e-08
48090,2025-07-11 15:00:00,CV001718,3.0,0.0,5.618938e-08
48091,2025-07-11 15:00:00,CV001718,3.0,0.0,5.625565e-08
48092,2025-07-11 15:30:00,CV001718,3.0,0.0,5.6321678e-08
48093,2025-07-11 15:30:00,CV001718,3.0,0.0,5.6387783e-08
48094,2025-07-11 16:00:00,CV001718,3.0,0.0,5.645418e-08
48095,2025-07-11 16:00:00,CV001718,3.0,0.0,5.652055e-08
48096,2025-07-11 16:30:00,CV001718,3.0,0.0,5.6586885e-08
48097,2025-07-11 16:30:00,CV001718,3.0,0.0,5.665341e-08
48098,2025-07-11 17:00:00,CV001718,3.0,0.0,5.6719795e-08
48099,2025-07-11 17:00:00,CV001718,3.0,0.0,5.6786153e-08
48100,2025-07-11 17:30:00,CV001718,3.0,0.0,5.6853455e-08
48101,2025-07-11 17:30:00,CV001718,3.0,0.0,5.6919752e-08
48102,2025-07-11 18:00:00,CV001718,3.0,0.0,0.001063219
48103,2025-07-11 18:00:00,CV001718,3.0,0.0,0.0015340112
48104,2025-07-11 18:30:00,CV001718,3.0,0.0,0.0019557008
48105,2025-07-11 18:30:00,CV001718,3.0,0.0,0.0023692932
48106,2025-07-11 23:00:00,CV001718,3.0,0.0,0.0028014746
48107,2025-07-11 23:00:00,CV001718,3.0,0.0,0.003260208
48108,2025-07-12 00:00:00,CV001718,3.0,0.0,0.0037419782
48109,2025-07-12 00:00:00,CV001718,3.0,0.0,0.0042381096
48110,2025-07-12 03:00:00,CV001718,3.0,0.0,0.004739198
48111,2025-07-12 03:00:00,CV001718,3.0,0.0,0.005235984
48112,2025-07-13 08:00:00,CV001718,3.0,0.0,0.0057203057
48113,2025-07-13 08:00:00,CV001718,3.0,0.0,0.00618489
48114,2025-07-13 08:30:00,CV001718,3.0,0.0,0.0066235783
48115,2025-07-13 08:30:00,CV001718,3.0,0.0,0.0070311925
48116,2025-07-13 09:00:00,CV001718,3.0,0.0,0.0074035013
48117,2025-07-13 09:00:00,CV001718,3.0,0.0,0.007737302
48118,2025-07-13 09:30:00,CV001718,3.0,0.0,0.00803012
48119,2025-07-13 09:30:00,CV001718,3.0,0.0,0.008280475
48120,2025-07-13 10:00:00,CV001718,3.0,0.0,0.008487508
48121,2025-07-13 10:00:00,CV001718,3.0,0.0,0.008651221
48122,2025-07-13 18:00:00,CV001718,3.0,0.0,0.0087720975
48123,2025-07-13 18:00:00,CV001718,3.0,0.0,0.008851354
48124,2025-07-13 18:30:00,CV001718,3.0,0.0,0.008891181
48125,2025-07-13 18:30:00,CV001718,3.0,0.0,0.008893794
48126,2025-07-13 19:00:00,CV001718,3.0,0.0,0.00886131
48127,2025-07-13 19:00:00,CV001718,3.0,0.0,0.008796352
48128,2025-07-14 00:00:00,CV001718,3.0,0.0,0.008701587
48129,2025-07-14 00:00:00,CV001718,3.0,0.0,0.008579748
48130,2025-07-14 00:30:00,CV001718,3.0,0.0,0.008433616
48131,2025-07-14 00:30:00,CV001718,3.0,0.0,0.008266057
48132,2025-07-15 11:30:00,CV001718,3.0,0.0,0.008079825
48133,2025-07-15 11:30:00,CV001718,3.0,0.0,0.00787756
48134,2025-07-15 16:00:00,CV001718,3.0,0.0,0.0076618553
48135,2025-07-15 16:00:00,CV001718,3.0,0.0,0.007435072
48136,2025-07-15 16:30:00,CV001718,3.0,0.0,0.007199653
48137,2025-07-15 16:30:00,CV001718,3.0,0.0,0.0069576367
48138,2025-07-15 20:00:00,CV001718,3.0,0.0,0.0067110667
48139,2025-07-15 20:00:00,CV001718,3.0,0.0,0.0064616436
48140,2025-07-16 10:00:00,CV001718,3.0,0.0,0.006211071
48141,2025-07-16 10:00:00,CV001718,3.0,0.0,0.0059607937
48142,2025-07-16 10:30:00,CV001718,3.0,0.0,0.005712057
48143,2025-07-16 10:30:00,CV001718,3.0,0.0,0.005466141
48144,2025-07-16 11:30:00,CV001718,3.0,0.0,0.005223908
48145,2025-07-16 11:30:00,CV001718,3.0,0.0,0.004986289
48146,2025-07-16 13:30:00,CV001718,3.0,0.0,0.004753972
48147,2025-07-16 13:30:00,CV001718,3.0,0.0,0.0045275856
48148,2025-07-16 14:00:00,CV001718,3.0,0.0,0.004307612
48149,2025-07-16 14:00:00,CV001718,3.0,0.0,0.004094416
48150,2025-07-16 17:00:00,CV001718,3.0,0.0,0.003888338
48151,2025-07-16 17:00:00,CV001718,3.0,0.0,0.0036895666
48152,2025-07-17 00:30:00,CV001718,3.0,0.0,0.0034982814
48153,2025-07-17 00:30:00,CV001718,3.0,0.0,0.0033145014
48154,2025-07-17 04:30:00,CV001718,3.0,0.0,0.0031382805
48155,2025-07-17 04:30:00,CV001718,3.0,0.0,0.0029695798
48156,2025-06-18 02:00:00,CV003321,0.0,0.0,0.002808353
48157,2025-06-18 02:00:00,CV003321,0.0,0.0,0.0026544607
48158,2025-06-18 02:30:00,CV003321,0.0,0.0,0.0025077697
48159,2025-06-18 02:30:00,CV003321,0.0,0.0,0.0023681403
48160,2025-06-18 03:00:00,CV003321,0.0,0.0,0.0022353458
48161,2025-06-18 03:00:00,CV003321,0.0,0.0,0.002109209
48162,2025-06-18 03:30:00,CV003321,0.0,0.0,0.0019895118
48163,2025-06-18 03:30:00,CV003321,0.0,0.0,0.0018760351
48164,2025-06-18 04:00:00,CV003321,0.0,0.0,0.0017685214
48165,2025-06-18 04:00:00,CV003321,0.0,0.0,0.0016667681
48166,2025-06-18 09:30:00,CV003321,0.0,0.0,0.0015705134
48167,2025-06-18 09:30:00,CV003321,0.0,0.0,0.0014795471
48168,2025-06-18 10:30:00,CV003321,0.0,0.0,0.001393602
48169,2025-06-18 10:30:00,CV003321,0.0,0.0,0.0013124582
48170,2025-06-18 11:00:00,CV003321,0.0,0.0,0.0012358901
48171,2025-06-18 11:00:00,CV003321,0.0,0.0,0.0011636759
48172,2025-06-18 11:30:00,CV003321,0.0,0.0,0.0010955972
48173,2025-06-18 11:30:00,CV003321,0.0,0.0,0.0010314395
48174,2025-06-18 12:00:00,CV003321,0.0,0.0,0.0009709987
48175,2025-06-18 12:00:00,CV003321,0.0,0.0,0.0009140824
48176,2025-06-18 13:00:00,CV003321,0.0,0.0,0.0008605025
48177,2025-06-18 13:00:00,CV003321,0.0,0.0,0.0008100709
48178,2025-06-18 13:30:00,CV003321,0.0,0.0,0.00076261547
48179,2025-06-18 13:30:00,CV003321,0.0,0.0,0.00071796763
48180,2025-06-18 14:00:00,CV003321,0.0,0.0,0.00067597855
48181,2025-06-18 14:00:00,CV003321,0.0,0.0,0.0006364868
48182,2025-06-18 14:30:00,CV003321,0.0,0.0,0.00059935014
48183,2025-06-18 14:30:00,CV003321,0.0,0.0,0.0005644353
48184,2025-06-18 15:00:00,CV003321,0.0,0.0,0.0005316137
48185,2025-06-18 15:00:00,CV003321,0.0,0.0,0.000500757
48186,2025-06-18 21:30:00,CV003321,0.0,0.0,0.00047175208
48187,2025-06-18 21:30:00,CV003321,0.0,0.0,0.00044448825
48188,2025-06-18 22:00:00,CV003321,0.0,0.0,0.0004188618
48189,2025-06-18 22:00:00,CV003321,0.0,0.0,0.00039477483
48190,2025-06-18 22:30:00,CV003321,0.0,0.0,0.00037213386
48191,2025-06-18 22:30:00,CV003321,0.0,0.0,0.0003508526
48192,2025-06-18 23:00:00,CV003321,0.0,0.0,0.00033084606
48193,2025-06-18 23:00:00,CV003321,0.0,0.0,0.00031203925
48194,2025-06-18 23:30:00,CV003321,0.0,0.0,0.000294358
48195,2025-06-18 23:30:00,CV003321,0.0,0.0,0.0002777352
48196,2025-06-19 00:00:00,CV003321,0.0,0.0,0.00026210395
48197,2025-06-19 00:00:00,CV003321,0.0,0.0,0.00024740494
48198,2025-06-19 00:30:00,CV003321,0.0,0.0,0.00023358072
48199,2025-06-19 00:30:00,CV003321,0.0,0.0,0.00022057598
48200,2025-06-19 02:00:00,CV003321,0.0,0.0,0.00020834368
48201,2025-06-19 02:00:00,CV003321,0.0,0.0,0.00019683456
48202,2025-06-19 03:00:00,CV003321,0.0,0.0,0.00018600527
48203,2025-06-19 03:00:00,CV003321,0.0,0.0,0.00017581266
48204,2025-06-19 03:30:00,CV003321,0.0,0.0,0.00016621892
48205,2025-06-19 03:30:00,CV003321,0.0,0.0,0.00015718823
48206,2025-06-19 05:00:00,CV003321,0.0,0.0,0.00014868456
48207,2025-06-19 05:00:00,CV003321,0.0,0.0,0.00014067607
48208,2025-06-19 05:30:00,CV003321,0.0,0.0,0.00013313342
48209,2025-06-19 05:30:00,CV003321,0.0,0.0,0.00012602711
48210,2025-06-19 06:00:00,CV003321,0.0,0.0,0.00011933139
48211,2025-06-19 06:00:00,CV003321,0.0,0.0,0.000113021146
48212,2025-06-19 08:00:00,CV003321,0.0,0.0,0.000107072934
48213,2025-06-19 08:00:00,CV003321,0.0,0.0,0.00010146428
48214,2025-06-19 08:30:00,CV003321,0.0,0.0,9.6175434e-05
48215,2025-06-19 08:30:00,CV003321,0.0,0.0,9.118695e-05
48216,2025-06-19 10:00:00,CV003321,0.0,0.0,8.648046e-05
48217,2025-06-19 10:00:00,CV003321,0.0,0.0,8.203917e-05
48218,2025-06-19 11:00:00,CV003321,0.0,0.0,7.7847486e-05
48219,2025-06-19 11:00:00,CV003321,0.0,0.0,7.388997e-05
48220,2025-06-19 11:30:00,CV003321,0.0,0.0,7.015317e-05
48221,2025-06-19 11:30:00,CV003321,0.0,0.0,6.662383e-05
48222,2025-06-19 12:00:00,CV003321,0.0,0.0,6.328911e-05
48223,2025-06-19 12:00:00,CV003321,0.0,0.0,6.0138165e-05
48224,2025-06-19 14:00:00,CV003321,0.0,0.0,5.7160003e-05
48225,2025-06-19 14:00:00,CV003321,0.0,0.0,5.4343833e-05
48226,2025-06-19 14:30:00,CV003321,0.0,0.0,5.1680745e-05
48227,2025-06-19 14:30:00,CV003321,0.0,0.0,4.9161892e-05
48228,2025-06-19 15:00:00,CV003321,0.0,0.0,4.677847e-05
48229,2025-06-19 15:00:00,CV003321,0.0,0.0,4.4523204e-05
48230,2025-06-19 15:30:00,CV003321,0.0,0.0,4.2388103e-05
48231,2025-06-19 15:30:00,CV003321,0.0,0.0,4.0366587e-05
48232,2025-06-19 16:00:00,CV003321,0.0,0.0,3.845223e-05
48233,2025-06-19 16:00:00,CV003321,0.0,0.0,3.663871e-05
48234,2025-06-19 17:30:00,CV003321,0.0,0.0,3.4920107e-05
48235,2025-06-19 17:30:00,CV003321,0.0,0.0,3.3291682e-05
48236,2025-06-19 18:00:00,CV003321,0.0,0.0,3.1747662e-05
48237,2025-06-19 18:00:00,CV003321,0.0,0.0,3.0283687e-05
48238,2025-06-19 18:30:00,CV003321,0.0,0.0,2.889504e-05
48239,2025-06-19 18:30:00,CV003321,0.0,0.0,2.75777e-05
48240,2025-06-19 19:00:00,CV003321,0.0,0.0,2.6327465e-05
48241,2025-06-19 19:00:00,CV003321,0.0,0.0,2.514084e-05
48242,2025-06-19 19:30:00,CV003321,0.0,0.0,2.4014178e-05
48243,2025-06-19 19:30:00,CV003321,0.0,0.0,2.2944174e-05
48244,2025-06-19 20:00:00,CV003321,0.0,0.0,2.1927786e-05
48245,2025-06-19 20:00:00,CV003321,0.0,0.0,2.0962156e-05
48246,2025-06-19 20:30:00,CV003321,0.0,0.0,2.0044326e-05
48247,2025-06-19 20:30:00,CV003321,0.0,0.0,1.9171835e-05
48248,2025-06-19 21:00:00,CV003321,0.0,0.0,1.8342153e-05
48249,2025-06-19 21:00:00,CV003321,0.0,0.0,1.755306e-05
48250,2025-06-19 21:30:00,CV003321,0.0,0.0,1.680243e-05
48251,2025-06-19 21:30:00,CV003321,0.0,0.0,1.6088017e-05
48252,2025-06-19 22:00:00,CV003321,0.0,0.0,1.540803e-05
48253,2025-06-19 22:00:00,CV003321,0.0,0.0,1.476064e-05
48254,2025-06-19 22:30:00,CV003321,0.0,0.0,1.41442015e-05
48255,2025-06-19 22:30:00,CV003321,0.0,0.0,1.3556945e-05
48256,2025-06-19 23:00:00,CV003321,0.0,0.0,1.2997441e-05
48257,2025-06-19 23:00:00,CV003321,0.0,0.0,1.2464168e-05
48258,2025-06-19 23:30:00,CV003321,0.0,0.0,1.1955862e-05
48259,2025-06-19 23:30:00,CV003321,0.0,0.0,1.147124e-05
48260,2025-06-20 00:00:00,CV003321,0.0,0.0,1.10089895e-05
48261,2025-06-20 00:00:00,CV003321,0.0,0.0,1.0568048e-05
48262,2025-06-20 00:30:00,CV003321,0.0,0.0,1.01475625e-05
48263,2025-06-20 00:30:00,CV003321,0.0,0.0,9.746448e-06
48264,2025-06-20 01:30:00,CV003321,0.0,0.0,9.36392e-06
48265,2025-06-20 01:30:00,CV003321,0.0,0.0,8.998859e-06
48266,2025-06-20 03:00:00,CV003321,0.0,0.0,8.650391e-06
48267,2025-06-20 03:00:00,CV003321,0.0,0.0,8.317652e-06
48268,2025-06-20 03:30:00,CV003321,0.0,0.0,7.9998945e-06
48269,2025-06-20 03:30:00,CV003321,0.0,0.0,7.696389e-06
48270,2025-06-20 04:00:00,CV003321,0.0,0.0,7.4063046e-06
48271,2025-06-20 04:00:00,CV003321,0.0,0.0,7.129099e-06
48272,2025-06-20 04:30:00,CV003321,0.0,0.0,6.864061e-06
48273,2025-06-20 04:30:00,CV003321,0.0,0.0,6.6106168e-06
48274,2025-06-20 05:30:00,CV003321,0.0,0.0,6.368133e-06
48275,2025-06-20 05:30:00,CV003321,0.0,0.0,6.1361598e-06
48276,2025-06-20 06:00:00,CV003321,0.0,0.0,5.9141476e-06
48277,2025-06-20 06:00:00,CV003321,0.0,0.0,5.70157e-06
48278,2025-06-20 06:30:00,CV003321,0.0,0.0,5.498049e-06
48279,2025-06-20 06:30:00,CV003321,0.0,0.0,5.3031176e-06
48280,2025-06-20 07:00:00,CV003321,0.0,0.0,5.116376e-06
48281,2025-06-20 07:00:00,CV003321,0.0,0.0,4.937392e-06
48282,2025-06-20 07:30:00,CV003321,0.0,0.0,4.7658687e-06
48283,2025-06-20 07:30:00,CV003321,0.0,0.0,4.6013884e-06
48284,2025-06-20 08:00:00,CV003321,0.0,0.0,4.443656e-06
48285,2025-06-20 08:00:00,CV003321,0.0,0.0,4.2923666e-06
48286,2025-06-20 08:30:00,CV003321,0.0,0.0,4.1472003e-06
48287,2025-06-20 08:30:00,CV003321,0.0,0.0,4.0078876e-06
48288,2025-06-20 11:30:00,CV003321,0.0,0.0,3.8741373e-06
48289,2025-06-20 11:30:00,CV003321,0.0,0.0,3.7457373e-06
48290,2025-06-20 12:00:00,CV003321,0.0,0.0,3.6224142e-06
48291,2025-06-20 12:00:00,CV003321,0.0,0.0,3.5039402e-06
48292,2025-06-20 12:30:00,CV003321,0.0,0.0,3.3901233e-06
48293,2025-06-20 12:30:00,CV003321,0.0,0.0,3.28071e-06
48294,2025-06-20 14:30:00,CV003321,0.0,0.0,3.175546e-06
48295,2025-06-20 14:30:00,CV003321,0.0,0.0,3.0744477e-06
48296,2025-06-20 15:30:00,CV003321,0.0,0.0,2.9771898e-06
48297,2025-06-20 15:30:00,CV003321,0.0,0.0,2.8836437e-06
48298,2025-06-20 18:00:00,CV003321,0.0,0.0,2.7936417e-06
48299,2025-06-20 18:00:00,CV003321,0.0,0.0,2.7070218e-06
48300,2025-06-20 18:30:00,CV003321,0.0,0.0,2.6236503e-06
48301,2025-06-20 18:30:00,CV003321,0.0,0.0,2.543366e-06
48302,2025-06-20 19:00:00,CV003321,0.0,0.0,2.4660462e-06
48303,2025-06-20 19:00:00,CV003321,0.0,0.0,2.3915827e-06
48304,2025-06-20 19:30:00,CV003321,0.0,0.0,2.3198306e-06
48305,2025-06-20 19:30:00,CV003321,0.0,0.0,2.2506968e-06
48306,2025-06-20 20:00:00,CV003321,0.0,0.0,2.1840588e-06
48307,2025-06-20 20:00:00,CV003321,0.0,0.0,2.1198198e-06
48308,2025-06-20 20:30:00,CV003321,0.0,0.0,2.0578766e-06
48309,2025-06-20 20:30:00,CV003321,0.0,0.0,1.9981187e-06
48310,2025-06-20 21:00:00,CV003321,0.0,0.0,1.9404943e-06
48311,2025-06-20 21:00:00,CV003321,0.0,0.0,1.8848891e-06
48312,2025-06-20 21:30:00,CV003321,0.0,0.0,1.8312267e-06
48313,2025-06-20 21:30:00,CV003321,0.0,0.0,1.7794313e-06
48314,2025-06-20 22:00:00,CV003321,0.0,0.0,1.7294275e-06
48315,2025-06-20 22:00:00,CV003321,0.0,0.0,1.6811399e-06
48316,2025-06-20 22:30:00,CV003321,0.0,0.0,1.6344998e-06
48317,2025-06-20 22:30:00,CV003321,0.0,0.0,1.5894536e-06
48318,2025-06-21 04:00:00,CV003321,0.0,0.0,1.5459187e-06
48319,2025-06-21 04:00:00,CV003321,0.0,0.0,1.5038573e-06
48320,2025-06-21 04:30:00,CV003321,0.0,0.0,1.4632014e-06
48321,2025-06-21 04:30:00,CV003321,0.0,0.0,1.4238956e-06
48322,2025-06-21 05:00:00,CV003321,0.0,0.0,1.3858862e-06
48323,2025-06-21 05:00:00,CV003321,0.0,0.0,1.3491372e-06
48324,2025-06-21 06:00:00,CV003321,0.0,0.0,1.3135831e-06
48325,2025-06-21 06:00:00,CV003321,0.0,0.0,1.2791855e-06
48326,2025-06-21 06:30:00,CV003321,0.0,0.0,1.2459013e-06
48327,2025-06-21 06:30:00,CV003321,0.0,0.0,1.2136893e-06
48328,2025-06-21 07:00:00,CV003321,0.0,0.0,1.1825097e-06
48329,2025-06-21 07:00:00,CV003321,0.0,0.0,1.1523199e-06
48330,2025-06-21 07:30:00,CV003321,0.0,0.0,1.123083e-06
48331,2025-06-21 07:30:00,CV003321,0.0,0.0,1.0947759e-06
48332,2025-06-21 08:00:00,CV003321,0.0,0.0,1.0673472e-06
48333,2025-06-21 08:00:00,CV003321,0.0,0.0,1.0407822e-06
48334,2025-06-21 08:30:00,CV003321,0.0,0.0,1.0150246e-06
48335,2025-06-21 08:30:00,CV003321,0.0,0.0,9.900725e-07
48336,2025-06-21 09:00:00,CV003321,0.0,0.0,9.658839e-07
48337,2025-06-21 09:00:00,CV003321,0.0,0.0,9.424302e-07
48338,2025-06-21 09:30:00,CV003321,0.0,0.0,9.196915e-07
48339,2025-06-21 09:30:00,CV003321,0.0,0.0,8.97629e-07
48340,2025-06-21 10:00:00,CV003321,0.0,0.0,8.7623766e-07
48341,2025-06-21 10:00:00,CV003321,0.0,0.0,8.554778e-07
48342,2025-06-21 10:30:00,CV003321,0.0,0.0,8.3534354e-07
48343,2025-06-21 10:30:00,CV003321,0.0,0.0,8.1579674e-07
48344,2025-06-21 11:00:00,CV003321,0.0,0.0,7.968274e-07
48345,2025-06-21 11:00:00,CV003321,0.0,0.0,7.784112e-07
48346,2025-06-21 11:30:00,CV003321,0.0,0.0,7.6053095e-07
48347,2025-06-21 11:30:00,CV003321,0.0,0.0,7.431634e-07
48348,2025-06-21 12:00:00,CV003321,0.0,0.0,7.262991e-07
48349,2025-06-21 12:00:00,CV003321,0.0,0.0,7.0991985e-07
48350,2025-06-21 12:30:00,CV003321,0.0,0.0,6.940012e-07
48351,2025-06-21 12:30:00,CV003321,0.0,0.0,6.7853654e-07
48352,2025-06-21 13:00:00,CV003321,0.0,0.0,6.635063e-07
48353,2025-06-21 13:00:00,CV003321,0.0,0.0,6.488994e-07
48354,2025-06-21 13:30:00,CV003321,0.0,0.0,6.3469884e-07
48355,2025-06-21 13:30:00,CV003321,0.0,0.0,6.2089197e-07
48356,2025-06-21 14:00:00,CV003321,0.0,0.0,6.07467e-07
48357,2025-06-21 14:00:00,CV003321,0.0,0.0,5.9441055e-07
48358,2025-06-21 14:30:00,CV003321,0.0,0.0,5.817097e-07
48359,2025-06-21 14:30:00,CV003321,0.0,0.0,5.6935727e-07
48360,2025-06-21 15:00:00,CV003321,0.0,0.0,5.573357e-07
48361,2025-06-21 15:00:00,CV003321,0.0,0.0,5.4563765e-07
48362,2025-06-21 16:00:00,CV003321,0.0,0.0,5.3425595e-07
48363,2025-06-21 16:00:00,CV003321,0.0,0.0,5.2317364e-07
48364,2025-06-21 16:30:00,CV003321,0.0,0.0,5.123847e-07
48365,2025-06-21 16:30:00,CV003321,0.0,0.0,5.0187896e-07
48366,2025-06-21 17:00:00,CV003321,0.0,0.0,4.9165243e-07
48367,2025-06-21 17:00:00,CV003321,0.0,0.0,4.816862e-07
48368,2025-06-21 17:30:00,CV003321,0.0,0.0,4.7198043e-07
48369,2025-06-21 17:30:00,CV003321,0.0,0.0,4.625263e-07
48370,2025-06-21 18:00:00,CV003321,0.0,0.0,4.5331342e-07
48371,2025-06-21 18:00:00,CV003321,0.0,0.0,4.443345e-07
48372,2025-06-21 18:30:00,CV003321,0.0,0.0,4.3558572e-07
48373,2025-06-21 18:30:00,CV003321,0.0,0.0,4.2705892e-07
48374,2025-06-21 19:00:00,CV003321,0.0,0.0,4.1874372e-07
48375,2025-06-21 19:00:00,CV003321,0.0,0.0,4.1063743e-07
48376,2025-06-21 19:30:00,CV003321,0.0,0.0,4.027349e-07
48377,2025-06-21 19:30:00,CV003321,0.0,0.0,3.9502746e-07
48378,2025-06-21 20:00:00,CV003321,0.0,0.0,3.875096e-07
48379,2025-06-21 20:00:00,CV003321,0.0,0.0,3.8017433e-07
48380,2025-06-21 23:00:00,CV003321,0.0,0.0,3.7302314e-07
48381,2025-06-21 23:00:00,CV003321,0.0,0.0,3.660427e-07
48382,2025-06-22 00:00:00,CV003321,0.0,0.0,3.59233e-07
48383,2025-06-22 00:00:00,CV003321,0.0,0.0,3.5258563e-07
48384,2025-06-22 00:30:00,CV003321,0.0,0.0,3.460982e-07
48385,2025-06-22 00:30:00,CV003321,0.0,0.0,3.397655e-07
48386,2025-06-22 03:00:00,CV003321,0.0,0.0,3.33583e-07
48387,2025-06-22 03:00:00,CV003321,0.0,0.0,3.275486e-07
48388,2025-06-22 05:30:00,CV003321,0.0,0.0,3.2165468e-07
48389,2025-06-22 05:30:00,CV003321,0.0,0.0,3.158987e-07
48390,2025-06-22 06:00:00,CV003321,0.0,0.0,3.102783e-07
48391,2025-06-22 06:00:00,CV003321,0.0,0.0,3.0478668e-07
48392,2025-06-22 06:30:00,CV003321,0.0,0.0,2.9942225e-07
48393,2025-06-22 06:30:00,CV003321,0.0,0.0,2.9418277e-07
48394,2025-06-22 07:00:00,CV003321,0.0,0.0,2.8906175e-07
48395,2025-06-22 07:00:00,CV003321,0.0,0.0,2.8405586e-07
48396,2025-06-22 07:30:00,CV003321,0.0,0.0,2.7916542e-07
48397,2025-06-22 07:30:00,CV003321,0.0,0.0,2.7438537e-07
48398,2025-06-22 08:00:00,CV003321,0.0,0.0,2.697136e-07
48399,2025-06-22 08:00:00,CV003321,0.0,0.0,2.6514417e-07
48400,2025-06-22 08:30:00,CV003321,0.0,0.0,2.6067676e-07
48401,2025-06-22 08:30:00,CV003321,0.0,0.0,2.563115e-07
48402,2025-06-22 09:00:00,CV003321,0.0,0.0,2.5203954e-07
48403,2025-06-22 09:00:00,CV003321,0.0,0.0,2.4786237e-07
48404,2025-06-22 09:30:00,CV003321,0.0,0.0,2.4377587e-07
48405,2025-06-22 09:30:00,CV003321,0.0,0.0,2.3977938e-07
48406,2025-06-22 10:00:00,CV003321,0.0,0.0,2.3586864e-07
48407,2025-06-22 10:00:00,CV003321,0.0,0.0,2.3204225e-07
48408,2025-06-22 10:30:00,CV003321,0.0,0.0,2.2829951e-07
48409,2025-06-22 10:30:00,CV003321,0.0,0.0,2.24636e-07
48410,2025-06-22 11:00:00,CV003321,0.0,0.0,2.2104979e-07
48411,2025-06-22 11:00:00,CV003321,0.0,0.0,2.1754057e-07
48412,2025-06-22 11:30:00,CV003321,0.0,0.0,2.141048e-07
48413,2025-06-22 11:30:00,CV003321,0.0,0.0,2.1074159e-07
48414,2025-06-22 12:00:00,CV003321,0.0,0.0,2.0744903e-07
48415,2025-06-22 12:00:00,CV003321,0.0,0.0,2.0422426e-07
48416,2025-06-22 12:30:00,CV003321,0.0,0.0,2.0106727e-07
48417,2025-06-22 12:30:00,CV003321,0.0,0.0,1.9797531e-07
48418,2025-06-22 13:00:00,CV003321,0.0,0.0,1.9494577e-07
48419,2025-06-22 13:00:00,CV003321,0.0,0.0,1.919798e-07
48420,2025-06-22 13:30:00,CV003321,0.0,0.0,1.890741e-07
48421,2025-06-22 13:30:00,CV003321,0.0,0.0,1.8622657e-07
48422,2025-06-22 14:00:00,CV003321,0.0,0.0,1.8343769e-07
48423,2025-06-22 14:00:00,CV003321,0.0,0.0,1.8070436e-07
48424,2025-06-22 14:30:00,CV003321,0.0,0.0,1.7802567e-07
48425,2025-06-22 14:30:00,CV003321,0.0,0.0,1.7540076e-07
48426,2025-06-22 15:00:00,CV003321,0.0,0.0,1.7282771e-07
48427,2025-06-22 15:00:00,CV003321,0.0,0.0,1.7030541e-07
48428,2025-06-22 15:30:00,CV003321,0.0,0.0,1.6783338e-07
48429,2025-06-22 15:30:00,CV003321,0.0,0.0,1.6540983e-07
48430,2025-06-22 16:00:00,CV003321,0.0,0.0,1.6303372e-07
48431,2025-06-22 16:00:00,CV003321,0.0,0.0,1.607034e-07
48432,2025-06-22 16:30:00,CV003321,0.0,0.0,1.5841876e-07
48433,2025-06-22 16:30:00,CV003321,0.0,0.0,1.5617822e-07
48434,2025-06-22 17:00:00,CV003321,0.0,0.0,1.5398025e-07
48435,2025-06-22 17:00:00,CV003321,0.0,0.0,1.5182478e-07
48436,2025-06-22 18:30:00,CV003321,0.0,0.0,1.4970978e-07
48437,2025-06-22 18:30:00,CV003321,0.0,0.0,1.4763606e-07
48438,2025-06-22 19:00:00,CV003321,0.0,0.0,1.4560077e-07
48439,2025-06-22 19:00:00,CV003321,0.0,0.0,1.4360369e-07
48440,2025-06-22 19:30:00,CV003321,0.0,0.0,1.4164453e-07
48441,2025-06-22 19:30:00,CV003321,0.0,0.0,1.3972142e-07
48442,2025-06-22 20:00:00,CV003321,0.0,0.0,1.3783496e-07
48443,2025-06-22 20:00:00,CV003321,0.0,0.0,1.3598276e-07
48444,2025-06-22 20:30:00,CV003321,0.0,0.0,1.3416545e-07
48445,2025-06-22 20:30:00,CV003321,0.0,0.0,1.3238049e-07
48446,2025-06-22 21:00:00,CV003321,0.0,0.0,1.3062875e-07
48447,2025-06-22 21:00:00,CV003321,0.0,0.0,1.2890905e-07
48448,2025-06-22 21:30:00,CV003321,0.0,0.0,1.2722072e-07
48449,2025-06-22 21:30:00,CV003321,0.0,0.0,1.2556288e-07
48450,2025-06-22 22:00:00,CV003321,0.0,0.0,1.2393446e-07
48451,2025-06-22 22:00:00,CV003321,0.0,0.0,1.2233576e-07
48452,2025-06-22 22:30:00,CV003321,0.0,0.0,1.2076553e-07
48453,2025-06-22 22:30:00,CV003321,0.0,0.0,1.1922343e-07
48454,2025-06-22 23:00:00,CV003321,0.0,0.0,1.17708424e-07
48455,2025-06-22 23:00:00,CV003321,0.0,0.0,1.1622019e-07
48456,2025-06-22 23:30:00,CV003321,0.0,0.0,1.1475824e-07
48457,2025-06-22 23:30:00,CV003321,0.0,0.0,1.13322216e-07
48458,2025-06-23 01:00:00,CV003321,0.0,0.0,1.1191101e-07
48459,2025-06-23 01:00:00,CV003321,0.0,0.0,1.10524326e-07
48460,2025-06-23 02:30:00,CV003321,0.0,0.0,1.091619e-07
48461,2025-06-23 02:30:00,CV003321,0.0,0.0,1.07822444e-07
48462,2025-06-23 03:00:00,CV003321,0.0,0.0,1.06506334e-07
48463,2025-06-23 03:00:00,CV003321,0.0,0.0,1.052129e-07
48464,2025-06-23 04:00:00,CV003321,0.0,0.0,1.0394133e-07
48465,2025-06-23 04:00:00,CV003321,0.0,0.0,1.02691395e-07
48466,2025-06-23 04:30:00,CV003321,0.0,0.0,1.01462874e-07
48467,2025-06-23 04:30:00,CV003321,0.0,0.0,1.0025498e-07
48468,2025-06-23 05:00:00,CV003321,0.0,0.0,9.906712e-08
48469,2025-06-23 05:00:00,CV003321,0.0,0.0,9.789989e-08
48470,2025-06-23 05:30:00,CV003321,0.0,0.0,9.6751755e-08
48471,2025-06-23 05:30:00,CV003321,0.0,0.0,9.562219e-08
48472,2025-06-23 06:00:00,CV003321,0.0,0.0,9.45123e-08
48473,2025-06-23 06:00:00,CV003321,0.0,0.0,9.342029e-08
48474,2025-06-23 06:30:00,CV003321,0.0,0.0,9.2346e-08
48475,2025-06-23 06:30:00,CV003321,0.0,0.0,9.128946e-08
48476,2025-06-23 07:00:00,CV003321,0.0,0.0,9.025e-08
48477,2025-06-23 07:00:00,CV003321,0.0,0.0,8.9227996e-08
48478,2025-06-23 07:30:00,CV003321,0.0,0.0,8.822211e-08
48479,2025-06-23 07:30:00,CV003321,0.0,0.0,8.723254e-08
48480,2025-06-23 08:00:00,CV003321,0.0,0.0,8.6258694e-08
48481,2025-06-23 08:00:00,CV003321,0.0,0.0,8.5300755e-08
48482,2025-06-23 08:30:00,CV003321,0.0,0.0,8.43578e-08
48483,2025-06-23 08:30:00,CV003321,0.0,0.0,8.343005e-08
48484,2025-06-23 09:00:00,CV003321,0.0,0.0,8.2517374e-08
48485,2025-06-23 09:00:00,CV003321,0.0,0.0,8.161857e-08
48486,2025-06-23 09:30:00,CV003321,0.0,0.0,8.0734644e-08
48487,2025-06-23 09:30:00,CV003321,0.0,0.0,7.98635e-08
48488,2025-06-23 10:00:00,CV003321,0.0,0.0,7.900671e-08
48489,2025-06-23 10:00:00,CV003321,0.0,0.0,7.816314e-08
48490,2025-06-23 10:30:00,CV003321,0.0,0.0,7.733271e-08
48491,2025-06-23 10:30:00,CV003321,0.0,0.0,7.651504e-08
48492,2025-06-23 15:30:00,CV003321,0.0,0.0,7.571021e-08
48493,2025-06-23 15:30:00,CV003321,0.0,0.0,7.491713e-08
48494,2025-06-23 16:00:00,CV003321,0.0,0.0,7.413688e-08
48495,2025-06-23 16:00:00,CV003321,0.0,0.0,7.336798e-08
48496,2025-06-23 16:30:00,CV003321,0.0,0.0,7.261121e-08
48497,2025-06-23 16:30:00,CV003321,0.0,0.0,7.1865664e-08
48498,2025-06-23 18:00:00,CV003321,0.0,0.0,7.113116e-08
48499,2025-06-23 18:00:00,CV003321,0.0,0.0,7.040807e-08
48500,2025-06-23 18:30:00,CV003321,0.0,0.0,6.969605e-08
48501,2025-06-23 18:30:00,CV003321,0.0,0.0,6.899439e-08
48502,2025-06-23 19:30:00,CV003321,0.0,0.0,6.8303045e-08
48503,2025-06-23 19:30:00,CV003321,0.0,0.0,6.7622246e-08
48504,2025-06-23 20:00:00,CV003321,0.0,0.0,6.695155e-08
48505,2025-06-23 20:00:00,CV003321,0.0,0.0,6.629041e-08
48506,2025-06-23 21:00:00,CV003321,0.0,0.0,6.563943e-08
48507,2025-06-23 21:00:00,CV003321,0.0,0.0,6.499782e-08
48508,2025-06-23 21:30:00,CV003321,0.0,0.0,6.436568e-08
48509,2025-06-23 21:30:00,CV003321,0.0,0.0,6.374272e-08
48510,2025-06-23 22:00:00,CV003321,0.0,0.0,6.312844e-08
48511,2025-06-23 22:00:00,CV003321,0.0,0.0,6.2523654e-08
48512,2025-06-23 22:30:00,CV003321,0.0,0.0,6.192738e-08
48513,2025-06-23 22:30:00,CV003321,0.0,0.0,6.1339485e-08
48514,2025-06-23 23:00:00,CV003321,0.0,0.0,6.07603e-08
48515,2025-06-23 23:00:00,CV003321,0.0,0.0,6.0188995e-08
48516,2025-06-23 23:30:00,CV003321,0.0,0.0,5.9626245e-08
48517,2025-06-23 23:30:00,CV003321,0.0,0.0,5.907101e-08
48518,2025-06-24 00:00:00,CV003321,0.0,0.0,5.8524183e-08
48519,2025-06-24 00:00:00,CV003321,0.0,0.0,5.7984742e-08
48520,2025-06-24 00:30:00,CV003321,0.0,0.0,5.745301e-08
48521,2025-06-24 00:30:00,CV003321,0.0,0.0,5.6928766e-08
48522,2025-06-24 01:30:00,CV003321,0.0,0.0,5.6411665e-08
48523,2025-06-24 01:30:00,CV003321,0.0,0.0,5.5901822e-08
48524,2025-06-24 03:00:00,CV003321,0.0,0.0,5.5399124e-08
48525,2025-06-24 03:00:00,CV003321,0.0,0.0,5.490325e-08
48526,2025-06-24 05:30:00,CV003321,0.0,0.0,5.4414407e-08
48527,2025-06-24 05:30:00,CV003321,0.0,0.0,5.3932283e-08
48528,2025-06-24 07:00:00,CV003321,0.0,0.0,5.345647e-08
48529,2025-06-24 07:00:00,CV003321,0.0,0.0,5.2987286e-08
48530,2025-06-24 07:30:00,CV003321,0.0,0.0,5.252462e-08
48531,2025-06-24 07:30:00,CV003321,0.0,0.0,5.206798e-08
48532,2025-06-24 08:00:00,CV003321,0.0,0.0,5.161787e-08
48533,2025-06-24 08:00:00,CV003321,0.0,0.0,5.1173696e-08
48534,2025-06-24 11:00:00,CV003321,0.0,0.0,5.073538e-08
48535,2025-06-24 11:00:00,CV003321,0.0,0.0,5.0302834e-08
48536,2025-06-24 11:30:00,CV003321,0.0,0.0,4.987626e-08
48537,2025-06-24 11:30:00,CV003321,0.0,0.0,4.9455473e-08
48538,2025-06-24 12:00:00,CV003321,0.0,0.0,4.9039823e-08
48539,2025-06-24 12:00:00,CV003321,0.0,0.0,4.8630266e-08
48540,2025-06-24 12:30:00,CV003321,0.0,0.0,4.8225786e-08
48541,2025-06-24 12:30:00,CV003321,0.0,0.0,4.782667e-08
48542,2025-06-24 13:30:00,CV003321,0.0,0.0,4.7432763e-08
48543,2025-06-24 13:30:00,CV003321,0.0,0.0,4.704407e-08
48544,2025-06-24 14:00:00,CV003321,0.0,0.0,4.666044e-08
48545,2025-06-24 14:00:00,CV003321,0.0,0.0,4.6281876e-08
48546,2025-06-24 16:30:00,CV003321,0.0,0.0,4.5908305e-08
48547,2025-06-24 16:30:00,CV003321,0.0,0.0,4.5539146e-08
48548,2025-06-24 17:00:00,CV003321,0.0,0.0,4.5174932e-08
48549,2025-06-24 17:00:00,CV003321,0.0,0.0,4.4815515e-08
48550,2025-06-24 17:30:00,CV003321,0.0,0.0,4.4460563e-08
48551,2025-06-24 17:30:00,CV003321,0.0,0.0,4.4110276e-08
48552,2025-06-24 18:00:00,CV003321,0.0,0.0,4.3764423e-08
48553,2025-06-24 18:00:00,CV003321,0.0,0.0,4.342285e-08
48554,2025-06-24 22:30:00,CV003321,0.0,0.0,4.3085752e-08
48555,2025-06-24 22:30:00,CV003321,0.0,0.0,4.2752905e-08
48556,2025-06-24 23:00:00,CV003321,0.0,0.0,4.2424166e-08
48557,2025-06-24 23:00:00,CV003321,0.0,0.0,4.2099636e-08
48558,2025-06-24 23:30:00,CV003321,0.0,0.0,4.1779025e-08
48559,2025-06-24 23:30:00,CV003321,0.0,0.0,4.146228e-08
48560,2025-06-25 00:00:00,CV003321,0.0,0.0,4.1149818e-08
48561,2025-06-25 00:00:00,CV003321,0.0,0.0,4.084127e-08
48562,2025-06-25 00:30:00,CV003321,0.0,0.0,4.0536122e-08
48563,2025-06-25 00:30:00,CV003321,0.0,0.0,4.0235093e-08
48564,2025-06-25 01:00:00,CV003321,0.0,0.0,3.9937742e-08
48565,2025-06-25 01:00:00,CV003321,0.0,0.0,3.9643957e-08
48566,2025-06-25 01:30:00,CV003321,0.0,0.0,3.9353758e-08
48567,2025-06-25 01:30:00,CV003321,0.0,0.0,3.9066947e-08
48568,2025-06-25 02:00:00,CV003321,0.0,0.0,3.8784073e-08
48569,2025-06-25 02:00:00,CV003321,0.0,0.0,3.8504062e-08
48570,2025-06-25 02:30:00,CV003321,0.0,0.0,3.8227967e-08
48571,2025-06-25 02:30:00,CV003321,0.0,0.0,3.795486e-08
48572,2025-06-25 03:00:00,CV003321,0.0,0.0,3.7685073e-08
48573,2025-06-25 03:00:00,CV003321,0.0,0.0,3.74187e-08
48574,2025-06-25 03:30:00,CV003321,0.0,0.0,3.7155345e-08
48575,2025-06-25 03:30:00,CV003321,0.0,0.0,3.6895255e-08
48576,2025-06-25 04:00:00,CV003321,0.0,0.0,3.663824e-08
48577,2025-06-25 04:00:00,CV003321,0.0,0.0,3.6384197e-08
48578,2025-06-25 04:30:00,CV003321,0.0,0.0,3.6133223e-08
48579,2025-06-25 04:30:00,CV003321,0.0,0.0,3.5885215e-08
48580,2025-06-25 05:00:00,CV003321,0.0,0.0,3.564006e-08
48581,2025-06-25 05:00:00,CV003321,0.0,0.0,3.5397733e-08
48582,2025-06-25 05:30:00,CV003321,0.0,0.0,3.515839e-08
48583,2025-06-25 05:30:00,CV003321,0.0,0.0,3.4921733e-08
48584,2025-06-25 06:00:00,CV003321,0.0,0.0,3.468793e-08
48585,2025-06-25 06:00:00,CV003321,0.0,0.0,3.4456736e-08
48586,2025-06-25 06:30:00,CV003321,0.0,0.0,3.422833e-08
48587,2025-06-25 06:30:00,CV003321,0.0,0.0,3.4002404e-08
48588,2025-06-25 07:00:00,CV003321,0.0,0.0,3.3779326e-08
48589,2025-06-25 07:00:00,CV003321,0.0,0.0,3.3558738e-08
48590,2025-06-25 07:30:00,CV003321,0.0,0.0,3.3340605e-08
48591,2025-06-25 07:30:00,CV003321,0.0,0.0,3.3124905e-08
48592,2025-06-25 08:00:00,CV003321,0.0,0.0,3.2911725e-08
48593,2025-06-25 08:00:00,CV003321,0.0,0.0,3.2701102e-08
48594,2025-06-25 08:30:00,CV003321,0.0,0.0,3.2492697e-08
48595,2025-06-25 08:30:00,CV003321,0.0,0.0,3.228673e-08
48596,2025-06-25 09:00:00,CV003321,0.0,0.0,3.2083108e-08
48597,2025-06-25 09:00:00,CV003321,0.0,0.0,3.188168e-08
48598,2025-06-25 09:30:00,CV003321,0.0,0.0,3.1682667e-08
48599,2025-06-25 09:30:00,CV003321,0.0,0.0,3.1485797e-08
48600,2025-06-25 10:00:00,CV003321,0.0,0.0,3.1291165e-08
48601,2025-06-25 10:00:00,CV003321,0.0,0.0,3.1098804e-08
48602,2025-06-25 10:30:00,CV003321,0.0,0.0,3.0908502e-08
48603,2025-06-25 10:30:00,CV003321,0.0,0.0,3.0720138e-08
48604,2025-06-25 11:00:00,CV003321,0.0,0.0,3.0533965e-08
48605,2025-06-25 11:00:00,CV003321,0.0,0.0,3.0349906e-08
48606,2025-06-25 11:30:00,CV003321,0.0,0.0,3.016787e-08
48607,2025-06-25 11:30:00,CV003321,0.0,0.0,2.9987795e-08
48608,2025-06-25 12:00:00,CV003321,0.0,0.0,2.9809755e-08
48609,2025-06-25 12:00:00,CV003321,0.0,0.0,2.9633677e-08
48610,2025-06-25 12:30:00,CV003321,0.0,0.0,2.9459482e-08
48611,2025-06-25 12:30:00,CV003321,0.0,0.0,2.9287147e-08
48612,2025-06-25 13:00:00,CV003321,0.0,0.0,2.9116658e-08
48613,2025-06-25 13:00:00,CV003321,0.0,0.0,2.894815e-08
48614,2025-06-25 13:30:00,CV003321,0.0,0.0,2.878139e-08
48615,2025-06-25 13:30:00,CV003321,0.0,0.0,2.8616409e-08
48616,2025-06-25 14:00:00,CV003321,0.0,0.0,2.8453238e-08
48617,2025-06-25 14:00:00,CV003321,0.0,0.0,2.8291865e-08
48618,2025-06-25 14:30:00,CV003321,0.0,0.0,2.8132105e-08
48619,2025-06-25 14:30:00,CV003321,0.0,0.0,2.797415e-08
48620,2025-06-25 15:00:00,CV003321,0.0,0.0,2.781788e-08
48621,2025-06-25 15:00:00,CV003321,0.0,0.0,2.766317e-08
48622,2025-06-25 15:30:00,CV003321,0.0,0.0,2.7510264e-08
48623,2025-06-25 15:30:00,CV003321,0.0,0.0,2.7358828e-08
48624,2025-06-25 16:00:00,CV003321,0.0,0.0,2.7209111e-08
48625,2025-06-25 16:00:00,CV003321,0.0,0.0,2.706083e-08
48626,2025-06-25 16:30:00,CV003321,0.0,0.0,2.691423e-08
48627,2025-06-25 16:30:00,CV003321,0.0,0.0,2.6769037e-08
48628,2025-06-25 17:00:00,CV003321,0.0,0.0,2.6625493e-08
48629,2025-06-25 17:00:00,CV003321,0.0,0.0,2.6483475e-08
48630,2025-06-25 17:30:00,CV003321,0.0,0.0,2.6342915e-08
48631,2025-06-25 17:30:00,CV003321,0.0,0.0,2.6203704e-08
48632,2025-06-25 18:00:00,CV003321,0.0,0.0,2.6065976e-08
48633,2025-06-25 18:00:00,CV003321,0.0,0.0,2.5929808e-08
48634,2025-06-25 18:30:00,CV003321,0.0,0.0,2.5794945e-08
48635,2025-06-25 18:30:00,CV003321,0.0,0.0,2.5661468e-08
48636,2025-06-25 19:00:00,CV003321,0.0,0.0,2.552941e-08
48637,2025-06-25 19:00:00,CV003321,0.0,0.0,2.539881e-08
48638,2025-06-25 21:30:00,CV003321,0.0,0.0,2.5269406e-08
48639,2025-06-25 21:30:00,CV003321,0.0,0.0,2.5141382e-08
48640,2025-06-25 22:00:00,CV003321,0.0,0.0,2.5014577e-08
48641,2025-06-25 22:00:00,CV003321,0.0,0.0,2.4889125e-08
48642,2025-06-25 23:00:00,CV003321,0.0,0.0,2.4764963e-08
48643,2025-06-25 23:00:00,CV003321,0.0,0.0,2.4642082e-08
48644,2025-06-25 23:30:00,CV003321,0.0,0.0,2.4520508e-08
48645,2025-06-25 23:30:00,CV003321,0.0,0.0,2.4399952e-08
48646,2025-06-26 00:00:00,CV003321,0.0,0.0,2.4280778e-08
48647,2025-06-26 00:00:00,CV003321,0.0,0.0,2.4162787e-08
48648,2025-06-26 00:30:00,CV003321,0.0,0.0,2.4046008e-08
48649,2025-06-26 00:30:00,CV003321,0.0,0.0,2.3930342e-08
48650,2025-06-26 01:30:00,CV003321,0.0,0.0,2.381587e-08
48651,2025-06-26 01:30:00,CV003321,0.0,0.0,2.3702441e-08
48652,2025-06-26 03:30:00,CV003321,0.0,0.0,2.3590228e-08
48653,2025-06-26 03:30:00,CV003321,0.0,0.0,2.3479219e-08
48654,2025-06-26 04:00:00,CV003321,0.0,0.0,2.336922e-08
48655,2025-06-26 04:00:00,CV003321,0.0,0.0,2.3260316e-08
48656,2025-06-26 04:30:00,CV003321,0.0,0.0,2.315258e-08
48657,2025-06-26 04:30:00,CV003321,0.0,0.0,2.3045695e-08
48658,2025-06-26 05:00:00,CV003321,0.0,0.0,2.2940092e-08
48659,2025-06-26 05:00:00,CV003321,0.0,0.0,2.283545e-08
48660,2025-06-26 05:30:00,CV003321,0.0,0.0,2.2731808e-08
48661,2025-06-26 05:30:00,CV003321,0.0,0.0,2.2629111e-08
48662,2025-06-26 06:00:00,CV003321,0.0,0.0,2.2527606e-08
48663,2025-06-26 06:00:00,CV003321,0.0,0.0,2.2426986e-08
48664,2025-06-26 06:30:00,CV003321,0.0,0.0,2.2327368e-08
48665,2025-06-26 06:30:00,CV003321,0.0,0.0,2.222866e-08
48666,2025-06-26 07:00:00,CV003321,0.0,0.0,2.213098e-08
48667,2025-06-26 07:00:00,CV003321,0.0,0.0,2.2034357e-08
48668,2025-06-26 07:30:00,CV003321,0.0,0.0,2.1938492e-08
48669,2025-06-26 07:30:00,CV003321,0.0,0.0,2.1843668e-08
48670,2025-06-26 08:00:00,CV003321,0.0,0.0,2.174967e-08
48671,2025-06-26 08:00:00,CV003321,0.0,0.0,2.1656614e-08
48672,2025-06-26 08:30:00,CV003321,0.0,0.0,2.1564572e-08
48673,2025-06-26 08:30:00,CV003321,0.0,0.0,2.147329e-08
48674,2025-06-26 09:00:00,CV003321,0.0,0.0,2.1382885e-08
48675,2025-06-26 09:00:00,CV003321,0.0,0.0,2.1293387e-08
48676,2025-06-26 09:30:00,CV003321,0.0,0.0,2.1204709e-08
48677,2025-06-26 09:30:00,CV003321,0.0,0.0,2.1116964e-08
48678,2025-06-26 10:00:00,CV003321,0.0,0.0,2.1030022e-08
48679,2025-06-26 10:00:00,CV003321,0.0,0.0,2.09438e-08
48680,2025-06-26 10:30:00,CV003321,0.0,0.0,2.0858486e-08
48681,2025-06-26 10:30:00,CV003321,0.0,0.0,2.0773957e-08
48682,2025-06-26 11:00:00,CV003321,0.0,0.0,2.0690244e-08
48683,2025-06-26 11:00:00,CV003321,0.0,0.0,2.0607379e-08
48684,2025-06-26 12:00:00,CV003321,0.0,0.0,2.0525357e-08
48685,2025-06-26 12:00:00,CV003321,0.0,0.0,2.044401e-08
48686,2025-06-26 12:30:00,CV003321,0.0,0.0,2.0363334e-08
48687,2025-06-26 12:30:00,CV003321,0.0,0.0,2.0283636e-08
48688,2025-06-26 13:00:00,CV003321,0.0,0.0,2.0204519e-08
48689,2025-06-26 13:00:00,CV003321,0.0,0.0,2.0126173e-08
48690,2025-06-26 14:30:00,CV003321,0.0,0.0,2.004851e-08
48691,2025-06-26 14:30:00,CV003321,0.0,0.0,1.9971681e-08
48692,2025-06-26 15:00:00,CV003321,0.0,0.0,1.9895603e-08
48693,2025-06-26 15:00:00,CV003321,0.0,0.0,1.9820192e-08
48694,2025-06-26 15:30:00,CV003321,0.0,0.0,1.9745519e-08
48695,2025-06-26 15:30:00,CV003321,0.0,0.0,1.9671427e-08
48696,2025-06-26 16:00:00,CV003321,0.0,0.0,1.9598062e-08
48697,2025-06-26 16:00:00,CV003321,0.0,0.0,1.9525418e-08
48698,2025-06-26 17:00:00,CV003321,0.0,0.0,1.9453488e-08
48699,2025-06-26 17:00:00,CV003321,0.0,0.0,1.9382117e-08
48700,2025-06-26 17:30:00,CV003321,0.0,0.0,1.93116e-08
48701,2025-06-26 17:30:00,CV003321,0.0,0.0,1.924156e-08
48702,2025-06-26 18:00:00,CV003321,0.0,0.0,1.9172175e-08
48703,2025-06-26 18:00:00,CV003321,0.0,0.0,1.9103549e-08
48704,2025-06-26 18:30:00,CV003321,0.0,0.0,1.9035461e-08
48705,2025-06-26 18:30:00,CV003321,0.0,0.0,1.8968048e-08
48706,2025-06-26 19:00:00,CV003321,0.0,0.0,1.89012e-08
48707,2025-06-26 19:00:00,CV003321,0.0,0.0,1.8834946e-08
48708,2025-06-26 19:30:00,CV003321,0.0,0.0,1.8769425e-08
48709,2025-06-26 19:30:00,CV003321,0.0,0.0,1.870449e-08
48710,2025-06-26 20:00:00,CV003321,0.0,0.0,1.86401e-08
48711,2025-06-26 20:00:00,CV003321,0.0,0.0,1.8576177e-08
48712,2025-06-26 20:30:00,CV003321,0.0,0.0,1.851304e-08
48713,2025-06-26 20:30:00,CV003321,0.0,0.0,1.8450434e-08
48714,2025-06-26 21:30:00,CV003321,0.0,0.0,1.838832e-08
48715,2025-06-26 21:30:00,CV003321,0.0,0.0,1.83268e-08
48716,2025-06-26 22:00:00,CV003321,0.0,0.0,1.8265904e-08
48717,2025-06-26 22:00:00,CV003321,0.0,0.0,1.8205524e-08
48718,2025-06-26 22:30:00,CV003321,0.0,0.0,1.8145652e-08
48719,2025-06-26 22:30:00,CV003321,0.0,0.0,1.8086359e-08
48720,2025-06-26 23:00:00,CV003321,0.0,0.0,1.8027603e-08
48721,2025-06-26 23:00:00,CV003321,0.0,0.0,1.796938e-08
48722,2025-06-26 23:30:00,CV003321,0.0,0.0,1.791179e-08
48723,2025-06-26 23:30:00,CV003321,0.0,0.0,1.7854623e-08
48724,2025-06-27 00:00:00,CV003321,0.0,0.0,1.7797909e-08
48725,2025-06-27 00:00:00,CV003321,0.0,0.0,1.7741815e-08
48726,2025-06-27 01:30:00,CV003321,0.0,0.0,1.7686203e-08
48727,2025-06-27 01:30:00,CV003321,0.0,0.0,1.7631033e-08
48728,2025-06-27 02:30:00,CV003321,0.0,0.0,1.757647e-08
48729,2025-06-27 02:30:00,CV003321,0.0,0.0,1.7522344e-08
48730,2025-06-27 03:00:00,CV003321,0.0,0.0,1.7468652e-08
48731,2025-06-27 03:00:00,CV003321,0.0,0.0,1.7415523e-08
48732,2025-06-27 03:30:00,CV003321,0.0,0.0,1.7362888e-08
48733,2025-06-27 03:30:00,CV003321,0.0,0.0,1.7310706e-08
48734,2025-06-27 04:00:00,CV003321,0.0,0.0,1.725898e-08
48735,2025-06-27 04:00:00,CV003321,0.0,0.0,1.7207736e-08
48736,2025-06-27 04:30:00,CV003321,0.0,0.0,1.7156971e-08
48737,2025-06-27 04:30:00,CV003321,0.0,0.0,1.7106716e-08
48738,2025-06-27 08:30:00,CV003321,0.0,0.0,1.7056866e-08
48739,2025-06-27 08:30:00,CV003321,0.0,0.0,1.7007421e-08
48740,2025-06-27 13:00:00,CV003321,0.0,0.0,1.6958477e-08
48741,2025-06-27 13:00:00,CV003321,0.0,0.0,1.6909995e-08
48742,2025-06-27 13:30:00,CV003321,0.0,0.0,1.686191e-08
48743,2025-06-27 13:30:00,CV003321,0.0,0.0,1.6814345e-08
48744,2025-06-27 14:00:00,CV003321,0.0,0.0,1.6767173e-08
48745,2025-06-27 14:00:00,CV003321,0.0,0.0,1.6720385e-08
48746,2025-06-27 14:30:00,CV003321,0.0,0.0,1.6674079e-08
48747,2025-06-27 14:30:00,CV003321,0.0,0.0,1.6628185e-08
48748,2025-06-27 15:00:00,CV003321,0.0,0.0,1.6582673e-08
48749,2025-06-27 15:00:00,CV003321,0.0,0.0,1.6537568e-08
48750,2025-06-27 15:30:00,CV003321,0.0,0.0,1.6492965e-08
48751,2025-06-27 15:30:00,CV003321,0.0,0.0,1.6448636e-08
48752,2025-06-27 20:30:00,CV003321,0.0,0.0,1.6404835e-08
48753,2025-06-27 20:30:00,CV003321,0.0,0.0,1.6361307e-08
48754,2025-06-27 21:00:00,CV003321,0.0,0.0,1.6318266e-08
48755,2025-06-27 21:00:00,CV003321,0.0,0.0,1.6275651e-08
48756,2025-06-27 22:00:00,CV003321,0.0,0.0,1.6233363e-08
48757,2025-06-27 22:00:00,CV003321,0.0,0.0,1.6191432e-08
48758,2025-06-27 22:30:00,CV003321,0.0,0.0,1.6149949e-08
48759,2025-06-27 22:30:00,CV003321,0.0,0.0,1.6108753e-08
48760,2025-06-27 23:00:00,CV003321,0.0,0.0,1.6067972e-08
48761,2025-06-27 23:00:00,CV003321,0.0,0.0,1.602763e-08
48762,2025-06-27 23:30:00,CV003321,0.0,0.0,1.5987633e-08
48763,2025-06-27 23:30:00,CV003321,0.0,0.0,1.5947979e-08
48764,2025-06-28 01:00:00,CV003321,0.0,0.0,1.5908636e-08
48765,2025-06-28 01:00:00,CV003321,0.0,0.0,1.5869754e-08
48766,2025-06-28 05:00:00,CV003321,0.0,0.0,1.5831088e-08
48767,2025-06-28 05:00:00,CV003321,0.0,0.0,1.5792875e-08
48768,2025-06-28 05:30:00,CV003321,0.0,0.0,1.5754997e-08
48769,2025-06-28 05:30:00,CV003321,0.0,0.0,1.5717418e-08
48770,2025-06-28 06:00:00,CV003321,0.0,0.0,1.5680229e-08
48771,2025-06-28 06:00:00,CV003321,0.0,0.0,1.5643366e-08
48772,2025-06-28 06:30:00,CV003321,0.0,0.0,1.56068e-08
48773,2025-06-28 06:30:00,CV003321,0.0,0.0,1.5570702e-08
48774,2025-06-28 07:30:00,CV003321,0.0,0.0,1.5534837e-08
48775,2025-06-28 07:30:00,CV003321,0.0,0.0,1.5499353e-08
48776,2025-06-28 08:00:00,CV003321,0.0,0.0,1.5464122e-08
48777,2025-06-28 08:00:00,CV003321,0.0,0.0,1.542924e-08
48778,2025-06-28 08:30:00,CV003321,0.0,0.0,1.5394699e-08
48779,2025-06-28 08:30:00,CV003321,0.0,0.0,1.5360412e-08
48780,2025-06-28 10:00:00,CV003321,0.0,0.0,1.5326465e-08
48781,2025-06-28 10:00:00,CV003321,0.0,0.0,1.5292912e-08
48782,2025-06-28 11:00:00,CV003321,0.0,0.0,1.5259552e-08
48783,2025-06-28 11:00:00,CV003321,0.0,0.0,1.5226552e-08
48784,2025-06-28 11:30:00,CV003321,0.0,0.0,1.5193828e-08
48785,2025-06-28 11:30:00,CV003321,0.0,0.0,1.5161405e-08
48786,2025-06-28 12:00:00,CV003321,0.0,0.0,1.512934e-08
48787,2025-06-28 12:00:00,CV003321,0.0,0.0,1.509763e-08
48788,2025-06-28 12:30:00,CV003321,0.0,0.0,1.5066073e-08
48789,2025-06-28 12:30:00,CV003321,0.0,0.0,1.5034784e-08
48790,2025-06-28 13:00:00,CV003321,0.0,0.0,1.5003902e-08
48791,2025-06-28 13:00:00,CV003321,0.0,0.0,1.4973285e-08
48792,2025-06-28 13:30:00,CV003321,0.0,0.0,1.4942955e-08
48793,2025-06-28 13:30:00,CV003321,0.0,0.0,1.4912946e-08
48794,2025-06-28 14:00:00,CV003321,0.0,0.0,1.4883053e-08
48795,2025-06-28 14:00:00,CV003321,0.0,0.0,1.4853672e-08
48796,2025-06-28 14:30:00,CV003321,0.0,0.0,1.48244075e-08
48797,2025-06-28 14:30:00,CV003321,0.0,0.0,1.4795594e-08
48798,2025-06-28 15:00:00,CV003321,0.0,0.0,1.4766922e-08
48799,2025-06-28 15:00:00,CV003321,0.0,0.0,1.47385855e-08
48800,2025-06-28 15:30:00,CV003321,0.0,0.0,1.4710529e-08
48801,2025-06-28 15:30:00,CV003321,0.0,0.0,1.4682638e-08
48802,2025-06-28 16:00:00,CV003321,0.0,0.0,1.4655162e-08
48803,2025-06-28 16:00:00,CV003321,0.0,0.0,1.4627934e-08
48804,2025-06-28 16:30:00,CV003321,0.0,0.0,1.46010075e-08
48805,2025-06-28 16:30:00,CV003321,0.0,0.0,1.4574241e-08
48806,2025-06-28 17:00:00,CV003321,0.0,0.0,1.454783e-08
48807,2025-06-28 17:00:00,CV003321,0.0,0.0,1.45216035e-08
48808,2025-06-28 17:30:00,CV003321,0.0,0.0,1.4495701e-08
48809,2025-06-28 17:30:00,CV003321,0.0,0.0,1.44700385e-08
48810,2025-06-28 18:30:00,CV003321,0.0,0.0,1.4444587e-08
48811,2025-06-28 18:30:00,CV003321,0.0,0.0,1.4419456e-08
48812,2025-06-28 19:00:00,CV003321,0.0,0.0,1.4394532e-08
48813,2025-06-28 19:00:00,CV003321,0.0,0.0,1.4369897e-08
48814,2025-06-28 20:00:00,CV003321,0.0,0.0,1.4345526e-08
48815,2025-06-28 20:00:00,CV003321,0.0,0.0,1.432133e-08
48816,2025-06-28 20:30:00,CV003321,0.0,0.0,1.4297421e-08
48817,2025-06-28 20:30:00,CV003321,0.0,0.0,1.4273716e-08
48818,2025-06-28 21:00:00,CV003321,0.0,0.0,1.4250294e-08
48819,2025-06-28 21:00:00,CV003321,0.0,0.0,1.4227047e-08
48820,2025-06-28 22:30:00,CV003321,0.0,0.0,1.4204163e-08
48821,2025-06-28 22:30:00,CV003321,0.0,0.0,1.4181423e-08
48822,2025-06-28 23:00:00,CV003321,0.0,0.0,1.4158936e-08
48823,2025-06-28 23:00:00,CV003321,0.0,0.0,1.4136701e-08
48824,2025-06-28 23:30:00,CV003321,0.0,0.0,1.4114634e-08
48825,2025-06-28 23:30:00,CV003321,0.0,0.0,1.4092873e-08
48826,2025-06-29 00:00:00,CV003321,0.0,0.0,1.4071304e-08
48827,2025-06-29 00:00:00,CV003321,0.0,0.0,1.4049983e-08
48828,2025-06-29 00:30:00,CV003321,0.0,0.0,1.4028883e-08
48829,2025-06-29 00:30:00,CV003321,0.0,0.0,1.4008e-08
48830,2025-06-29 01:00:00,CV003321,0.0,0.0,1.3987309e-08
48831,2025-06-29 01:00:00,CV003321,0.0,0.0,1.3966835e-08
48832,2025-06-29 01:30:00,CV003321,0.0,0.0,1.394663e-08
48833,2025-06-29 01:30:00,CV003321,0.0,0.0,1.392656e-08
48834,2025-06-29 02:00:00,CV003321,0.0,0.0,1.3906733e-08
48835,2025-06-29 02:00:00,CV003321,0.0,0.0,1.3887196e-08
48836,2025-06-29 03:00:00,CV003321,0.0,0.0,1.3867795e-08
48837,2025-06-29 03:00:00,CV003321,0.0,0.0,1.3848605e-08
48838,2025-06-29 03:30:00,CV003321,0.0,0.0,1.38296254e-08
48839,2025-06-29 03:30:00,CV003321,0.0,0.0,1.3810884e-08
48840,2025-06-29 04:00:00,CV003321,0.0,0.0,1.3792352e-08
48841,2025-06-29 04:00:00,CV003321,0.0,0.0,1.3774002e-08
48842,2025-06-29 06:30:00,CV003321,0.0,0.0,1.3755781e-08
48843,2025-06-29 06:30:00,CV003321,0.0,0.0,1.3737846e-08
48844,2025-06-29 07:00:00,CV003321,0.0,0.0,1.3720118e-08
48845,2025-06-29 07:00:00,CV003321,0.0,0.0,1.3702544e-08
48846,2025-06-29 07:30:00,CV003321,0.0,0.0,1.3685201e-08
48847,2025-06-29 07:30:00,CV003321,0.0,0.0,1.3668063e-08
48848,2025-06-29 08:00:00,CV003321,0.0,0.0,1.3651102e-08
48849,2025-06-29 08:00:00,CV003321,0.0,0.0,1.3634319e-08
48850,2025-06-29 08:30:00,CV003321,0.0,0.0,1.3617738e-08
48851,2025-06-29 08:30:00,CV003321,0.0,0.0,1.3601332e-08
48852,2025-06-29 10:30:00,CV003321,0.0,0.0,1.3585127e-08
48853,2025-06-29 10:30:00,CV003321,0.0,0.0,1.3569124e-08
48854,2025-06-29 11:00:00,CV003321,0.0,0.0,1.3553294e-08
48855,2025-06-29 11:00:00,CV003321,0.0,0.0,1.3537663e-08
48856,2025-06-29 11:30:00,CV003321,0.0,0.0,1.3522179e-08
48857,2025-06-29 11:30:00,CV003321,0.0,0.0,1.35068925e-08
48858,2025-06-29 12:00:00,CV003321,0.0,0.0,1.3491805e-08
48859,2025-06-29 12:00:00,CV003321,0.0,0.0,1.347694e-08
48860,2025-06-29 12:30:00,CV003321,0.0,0.0,1.3462192e-08
48861,2025-06-29 12:30:00,CV003321,0.0,0.0,1.34476155e-08
48862,2025-06-29 13:00:00,CV003321,0.0,0.0,1.3433259e-08
48863,2025-06-29 13:00:00,CV003321,0.0,0.0,1.3419098e-08
48864,2025-06-29 13:30:00,CV003321,0.0,0.0,1.340508e-08
48865,2025-06-29 13:30:00,CV003321,0.0,0.0,1.3391204e-08
48866,2025-06-29 14:30:00,CV003321,0.0,0.0,1.3377495e-08
48867,2025-06-29 14:30:00,CV003321,0.0,0.0,1.3364003e-08
48868,2025-06-29 15:00:00,CV003321,0.0,0.0,1.3350679e-08
48869,2025-06-29 15:00:00,CV003321,0.0,0.0,1.3337469e-08
48870,2025-06-29 15:30:00,CV003321,0.0,0.0,1.3324477e-08
48871,2025-06-29 15:30:00,CV003321,0.0,0.0,1.33116735e-08
48872,2025-06-29 16:00:00,CV003321,0.0,0.0,1.3299036e-08
48873,2025-06-29 16:00:00,CV003321,0.0,0.0,1.328646e-08
48874,2025-06-29 16:30:00,CV003321,0.0,0.0,1.3274124e-08
48875,2025-06-29 16:30:00,CV003321,0.0,0.0,1.3261977e-08
48876,2025-06-29 21:30:00,CV003321,0.0,0.0,1.3249942e-08
48877,2025-06-29 21:30:00,CV003321,0.0,0.0,1.3238094e-08
48878,2025-06-29 22:00:00,CV003321,0.0,0.0,1.3226408e-08
48879,2025-06-29 22:00:00,CV003321,0.0,0.0,1.3214859e-08
48880,2025-06-29 22:30:00,CV003321,0.0,0.0,1.3203522e-08
48881,2025-06-29 22:30:00,CV003321,0.0,0.0,1.3192219e-08
48882,2025-06-29 23:00:00,CV003321,0.0,0.0,1.31812286e-08
48883,2025-06-29 23:00:00,CV003321,0.0,0.0,1.3170396e-08
48884,2025-06-29 23:30:00,CV003321,0.0,0.0,1.3159574e-08
48885,2025-06-29 23:30:00,CV003321,0.0,0.0,1.3148911e-08
48886,2025-06-30 00:00:00,CV003321,0.0,0.0,1.3138532e-08
48887,2025-06-30 00:00:00,CV003321,0.0,0.0,1.3128211e-08
48888,2025-06-30 00:30:00,CV003321,0.0,0.0,1.3118075e-08
48889,2025-06-30 00:30:00,CV003321,0.0,0.0,1.310812e-08
48890,2025-06-30 01:00:00,CV003321,0.0,0.0,1.3098323e-08
48891,2025-06-30 01:00:00,CV003321,0.0,0.0,1.3088634e-08
48892,2025-06-30 02:30:00,CV003321,0.0,0.0,1.3079026e-08
48893,2025-06-30 02:30:00,CV003321,0.0,0.0,1.3069673e-08
48894,2025-06-30 03:00:00,CV003321,0.0,0.0,1.3060403e-08
48895,2025-06-30 03:00:00,CV003321,0.0,0.0,1.3051315e-08
48896,2025-06-30 03:30:00,CV003321,0.0,0.0,1.30423805e-08
48897,2025-06-30 03:30:00,CV003321,0.0,0.0,1.3033553e-08
48898,2025-06-30 06:30:00,CV003321,0.0,0.0,1.302488e-08
48899,2025-06-30 06:30:00,CV003321,0.0,0.0,1.3016361e-08
48900,2025-06-30 07:00:00,CV003321,0.0,0.0,1.30079725e-08
48901,2025-06-30 07:00:00,CV003321,0.0,0.0,1.2999714e-08
48902,2025-06-30 07:30:00,CV003321,0.0,0.0,1.2991658e-08
48903,2025-06-30 07:30:00,CV003321,0.0,0.0,1.2983657e-08
48904,2025-06-30 08:30:00,CV003321,0.0,0.0,1.2975833e-08
48905,2025-06-30 08:30:00,CV003321,0.0,0.0,1.2968088e-08
48906,2025-06-30 09:00:00,CV003321,0.0,0.0,1.2960571e-08
48907,2025-06-30 09:00:00,CV003321,0.0,0.0,1.2953182e-08
48908,2025-06-30 09:30:00,CV003321,0.0,0.0,1.2945896e-08
48909,2025-06-30 09:30:00,CV003321,0.0,0.0,1.2938737e-08
48910,2025-06-30 10:00:00,CV003321,0.0,0.0,1.2931779e-08
48911,2025-06-30 10:00:00,CV003321,0.0,0.0,1.29248265e-08
48912,2025-06-30 10:30:00,CV003321,0.0,0.0,1.2918073e-08
48913,2025-06-30 10:30:00,CV003321,0.0,0.0,1.2911496e-08
48914,2025-06-30 14:00:00,CV003321,0.0,0.0,1.2905021e-08
48915,2025-06-30 14:00:00,CV003321,0.0,0.0,1.2898721e-08
48916,2025-06-30 14:30:00,CV003321,0.0,0.0,1.2892499e-08
48917,2025-06-30 14:30:00,CV003321,0.0,0.0,1.2886401e-08
48918,2025-06-30 15:00:00,CV003321,0.0,0.0,1.288043e-08
48919,2025-06-30 15:00:00,CV003321,0.0,0.0,1.2874535e-08
48920,2025-06-30 15:30:00,CV003321,0.0,0.0,1.2868839e-08
48921,2025-06-30 15:30:00,CV003321,0.0,0.0,1.28632935e-08
48922,2025-06-30 16:00:00,CV003321,0.0,0.0,1.2857871e-08
48923,2025-06-30 16:00:00,CV003321,0.0,0.0,1.2852526e-08
48924,2025-06-30 21:00:00,CV003321,0.0,0.0,1.2847331e-08
48925,2025-06-30 21:00:00,CV003321,0.0,0.0,1.2842259e-08
48926,2025-06-30 21:30:00,CV003321,0.0,0.0,1.2837289e-08
48927,2025-06-30 21:30:00,CV003321,0.0,0.0,1.2832465e-08
48928,2025-06-30 22:00:00,CV003321,0.0,0.0,1.28277415e-08
48929,2025-06-30 22:00:00,CV003321,0.0,0.0,1.2823143e-08
48930,2025-06-30 22:30:00,CV003321,0.0,0.0,1.2818742e-08
48931,2025-06-30 22:30:00,CV003321,0.0,0.0,1.2814414e-08
48932,2025-06-30 23:00:00,CV003321,0.0,0.0,1.2810212e-08
48933,2025-06-30 23:00:00,CV003321,0.0,0.0,1.280618e-08
48934,2025-06-30 23:30:00,CV003321,0.0,0.0,1.28021505e-08
48935,2025-06-30 23:30:00,CV003321,0.0,0.0,1.2798293e-08
48936,2025-07-01 00:00:00,CV003321,0.0,0.0,1.2794607e-08
48937,2025-07-01 00:00:00,CV003321,0.0,0.0,1.2790948e-08
48938,2025-07-01 00:30:00,CV003321,0.0,0.0,1.2787435e-08
48939,2025-07-01 00:30:00,CV003321,0.0,0.0,1.2784071e-08
48940,2025-07-01 01:00:00,CV003321,0.0,0.0,1.2780827e-08
48941,2025-07-01 01:00:00,CV003321,0.0,0.0,1.277761e-08
48942,2025-07-01 01:30:00,CV003321,0.0,0.0,1.27746365e-08
48943,2025-07-01 01:30:00,CV003321,0.0,0.0,1.2771689e-08
48944,2025-07-01 02:00:00,CV003321,0.0,0.0,1.2768912e-08
48945,2025-07-01 02:00:00,CV003321,0.0,0.0,1.2766185e-08
48946,2025-07-01 02:30:00,CV003321,0.0,0.0,1.27635795e-08
48947,2025-07-01 02:30:00,CV003321,0.0,0.0,1.2761219e-08
48948,2025-07-01 03:00:00,CV003321,0.0,0.0,1.2758858e-08
48949,2025-07-01 03:00:00,CV003321,0.0,0.0,1.275657e-08
48950,2025-07-01 03:30:00,CV003321,0.0,0.0,1.2754453e-08
48951,2025-07-01 03:30:00,CV003321,0.0,0.0,1.27524835e-08
48952,2025-07-01 04:00:00,CV003321,0.0,0.0,1.27505375e-08
48953,2025-07-01 04:00:00,CV003321,0.0,0.0,1.2748762e-08
48954,2025-07-01 07:30:00,CV003321,0.0,0.0,1.2747108e-08
48955,2025-07-01 07:30:00,CV003321,0.0,0.0,1.2745528e-08
48956,2025-07-01 09:30:00,CV003321,0.0,0.0,1.2744046e-08
48957,2025-07-01 09:30:00,CV003321,0.0,0.0,1.2742733e-08
48958,2025-07-01 10:00:00,CV003321,0.0,0.0,1.2741445e-08
48959,2025-07-01 10:00:00,CV003321,0.0,0.0,1.2740327e-08
48960,2025-07-01 11:00:00,CV003321,0.0,0.0,1.27392585e-08
48961,2025-07-01 11:00:00,CV003321,0.0,0.0,1.2738384e-08
48962,2025-07-01 11:30:00,CV003321,0.0,0.0,1.2737534e-08
48963,2025-07-01 11:30:00,CV003321,0.0,0.0,1.27368285e-08
48964,2025-07-01 12:00:00,CV003321,0.0,0.0,1.2736269e-08
48965,2025-07-01 12:00:00,CV003321,0.0,0.0,1.2735784e-08
48966,2025-07-01 12:30:00,CV003321,0.0,0.0,1.2735395e-08
48967,2025-07-01 12:30:00,CV003321,0.0,0.0,1.2735128e-08
48968,2025-07-01 13:00:00,CV003321,0.0,0.0,1.2734885e-08
48969,2025-07-01 13:00:00,CV003321,0.0,0.0,1.2734811e-08
48970,2025-07-01 13:30:00,CV003321,0.0,0.0,1.273486e-08
48971,2025-07-01 13:30:00,CV003321,0.0,0.0,1.2735007e-08
48972,2025-07-01 14:00:00,CV003321,0.0,0.0,1.2735225e-08
48973,2025-07-01 14:00:00,CV003321,0.0,0.0,1.27355895e-08
48974,2025-07-01 14:30:00,CV003321,0.0,0.0,1.2736051e-08
48975,2025-07-01 14:30:00,CV003321,0.0,0.0,1.2736609e-08
48976,2025-07-01 15:00:00,CV003321,0.0,0.0,1.27372175e-08
48977,2025-07-01 15:00:00,CV003321,0.0,0.0,1.2737995e-08
48978,2025-07-01 15:30:00,CV003321,0.0,0.0,1.2738821e-08
48979,2025-07-01 15:30:00,CV003321,0.0,0.0,1.2739768e-08
48980,2025-07-01 16:00:00,CV003321,0.0,0.0,1.2740765e-08
48981,2025-07-01 16:00:00,CV003321,0.0,0.0,1.2742004e-08
48982,2025-07-01 16:30:00,CV003321,0.0,0.0,1.2743244e-08
48983,2025-07-01 16:30:00,CV003321,0.0,0.0,1.2744605e-08
48984,2025-07-01 17:30:00,CV003321,0.0,0.0,1.2746039e-08
48985,2025-07-01 17:30:00,CV003321,0.0,0.0,1.2747595e-08
48986,2025-07-01 18:30:00,CV003321,0.0,0.0,1.2749298e-08
48987,2025-07-01 18:30:00,CV003321,0.0,0.0,1.2751e-08
48988,2025-07-01 19:00:00,CV003321,0.0,0.0,1.2752775e-08
48989,2025-07-01 19:00:00,CV003321,0.0,0.0,1.27547946e-08
48990,2025-07-01 19:30:00,CV003321,0.0,0.0,1.2756814e-08
48991,2025-07-01 19:30:00,CV003321,0.0,0.0,1.275898e-08
48992,2025-07-01 20:00:00,CV003321,0.0,0.0,1.2761268e-08
48993,2025-07-01 20:00:00,CV003321,0.0,0.0,1.2763482e-08
48994,2025-07-01 20:30:00,CV003321,0.0,0.0,1.2766014e-08
48995,2025-07-01 20:30:00,CV003321,0.0,0.0,1.2768473e-08
48996,2025-07-01 21:00:00,CV003321,0.0,0.0,1.2771104e-08
48997,2025-07-01 21:00:00,CV003321,0.0,0.0,1.2773784e-08
48998,2025-07-01 21:30:00,CV003321,0.0,0.0,1.2776611e-08
48999,2025-07-01 21:30:00,CV003321,0.0,0.0,1.2779487e-08
49000,2025-07-01 22:00:00,CV003321,0.0,0.0,1.2782558e-08
49001,2025-07-01 22:00:00,CV003321,0.0,0.0,1.2785582e-08
49002,2025-07-01 22:30:00,CV003321,0.0,0.0,1.2788753e-08
49003,2025-07-01 22:30:00,CV003321,0.0,0.0,1.27920705e-08
49004,2025-07-01 23:00:00,CV003321,0.0,0.0,1.2795462e-08
49005,2025-07-01 23:00:00,CV003321,0.0,0.0,1.2798952e-08
49006,2025-07-01 23:30:00,CV003321,0.0,0.0,1.2802492e-08
49007,2025-07-01 23:30:00,CV003321,0.0,0.0,1.2806132e-08
49008,2025-07-02 01:30:00,CV003321,0.0,0.0,1.2809869e-08
49009,2025-07-02 01:30:00,CV003321,0.0,0.0,1.2813755e-08
49010,2025-07-02 02:30:00,CV003321,0.0,0.0,1.2817739e-08
49011,2025-07-02 02:30:00,CV003321,0.0,0.0,1.28217e-08
49012,2025-07-02 03:30:00,CV003321,0.0,0.0,1.282581e-08
49013,2025-07-02 03:30:00,CV003321,0.0,0.0,1.2830042e-08
49014,2025-07-02 04:00:00,CV003321,0.0,0.0,1.28343745e-08
49015,2025-07-02 04:00:00,CV003321,0.0,0.0,1.2838708e-08
49016,2025-07-02 04:30:00,CV003321,0.0,0.0,1.28431905e-08
49017,2025-07-02 04:30:00,CV003321,0.0,0.0,1.2847723e-08
49018,2025-07-02 06:30:00,CV003321,0.0,0.0,1.28524285e-08
49019,2025-07-02 06:30:00,CV003321,0.0,0.0,1.28571855e-08
49020,2025-07-02 10:30:00,CV003321,0.0,0.0,1.2861992e-08
49021,2025-07-02 10:30:00,CV003321,0.0,0.0,1.2867047e-08
49022,2025-07-02 11:00:00,CV003321,0.0,0.0,1.2871957e-08
49023,2025-07-02 11:00:00,CV003321,0.0,0.0,1.28771145e-08
49024,2025-07-02 11:30:00,CV003321,0.0,0.0,1.2882297e-08
49025,2025-07-02 11:30:00,CV003321,0.0,0.0,1.288763e-08
49026,2025-07-02 12:00:00,CV003321,0.0,0.0,1.2893039e-08
49027,2025-07-02 12:00:00,CV003321,0.0,0.0,1.2898475e-08
49028,2025-07-02 12:30:00,CV003321,0.0,0.0,1.2904111e-08
49029,2025-07-02 12:30:00,CV003321,0.0,0.0,1.2909699e-08
49030,2025-07-02 13:00:00,CV003321,0.0,0.0,1.2915412e-08
49031,2025-07-02 13:00:00,CV003321,0.0,0.0,1.2921326e-08
49032,2025-07-02 13:30:00,CV003321,0.0,0.0,1.2927118e-08
49033,2025-07-02 13:30:00,CV003321,0.0,0.0,1.2933161e-08
49034,2025-07-02 14:30:00,CV003321,0.0,0.0,1.293923e-08
49035,2025-07-02 14:30:00,CV003321,0.0,0.0,1.2945427e-08
49036,2025-07-02 15:30:00,CV003321,0.0,0.0,1.2951699e-08
49037,2025-07-02 15:30:00,CV003321,0.0,0.0,1.2958051e-08
49038,2025-07-02 17:00:00,CV003321,0.0,0.0,1.2964453e-08
49039,2025-07-02 17:00:00,CV003321,0.0,0.0,1.29709825e-08
49040,2025-07-02 18:00:00,CV003321,0.0,0.0,1.29776145e-08
49041,2025-07-02 18:00:00,CV003321,0.0,0.0,1.2984276e-08
49042,2025-07-02 18:30:00,CV003321,0.0,0.0,1.2991063e-08
49043,2025-07-02 18:30:00,CV003321,0.0,0.0,1.2998003e-08
49044,2025-07-02 19:00:00,CV003321,0.0,0.0,1.300497e-08
49045,2025-07-02 19:00:00,CV003321,0.0,0.0,1.3011968e-08
49046,2025-07-02 20:00:00,CV003321,0.0,0.0,1.30190925e-08
49047,2025-07-02 20:00:00,CV003321,0.0,0.0,1.30262965e-08
49048,2025-07-02 21:30:00,CV003321,0.0,0.0,1.3033553e-08
49049,2025-07-02 21:30:00,CV003321,0.0,0.0,1.3041014e-08
49050,2025-07-02 23:30:00,CV003321,0.0,0.0,1.3048527e-08
49051,2025-07-02 23:30:00,CV003321,0.0,0.0,1.3055995e-08
49052,2025-07-03 00:00:00,CV003321,0.0,0.0,1.30636675e-08
49053,2025-07-03 00:00:00,CV003321,0.0,0.0,1.3071294e-08
49054,2025-07-03 00:30:00,CV003321,0.0,0.0,1.3079225e-08
49055,2025-07-03 00:30:00,CV003321,0.0,0.0,1.3087085e-08
49056,2025-07-03 01:30:00,CV003321,0.0,0.0,1.3095076e-08
49057,2025-07-03 01:30:00,CV003321,0.0,0.0,1.3103121e-08
49058,2025-07-03 02:00:00,CV003321,0.0,0.0,1.31112206e-08
49059,2025-07-03 02:00:00,CV003321,0.0,0.0,1.3119475e-08
49060,2025-07-03 02:30:00,CV003321,0.0,0.0,1.3127836e-08
49061,2025-07-03 02:30:00,CV003321,0.0,0.0,1.3136227e-08
49062,2025-07-03 03:00:00,CV003321,0.0,0.0,1.3144699e-08
49063,2025-07-03 03:00:00,CV003321,0.0,0.0,1.3153301e-08
49064,2025-07-03 03:30:00,CV003321,0.0,0.0,1.3161859e-08
49065,2025-07-03 03:30:00,CV003321,0.0,0.0,1.3170623e-08
49066,2025-07-03 04:00:00,CV003321,0.0,0.0,1.31794184e-08
49067,2025-07-03 04:00:00,CV003321,0.0,0.0,1.3188394e-08
49068,2025-07-03 04:30:00,CV003321,0.0,0.0,1.3197329e-08
49069,2025-07-03 04:30:00,CV003321,0.0,0.0,1.3206444e-08
49070,2025-07-03 05:00:00,CV003321,0.0,0.0,1.32155655e-08
49071,2025-07-03 05:00:00,CV003321,0.0,0.0,1.3224743e-08
49072,2025-07-03 06:00:00,CV003321,0.0,0.0,1.323413e-08
49073,2025-07-03 06:00:00,CV003321,0.0,0.0,1.3243524e-08
49074,2025-07-03 07:00:00,CV003321,0.0,0.0,1.3252899e-08
49075,2025-07-03 07:00:00,CV003321,0.0,0.0,1.3262584e-08
49076,2025-07-03 07:30:00,CV003321,0.0,0.0,1.3272226e-08
49077,2025-07-03 07:30:00,CV003321,0.0,0.0,1.3281924e-08
49078,2025-07-03 08:00:00,CV003321,0.0,0.0,1.3291681e-08
49079,2025-07-03 08:00:00,CV003321,0.0,0.0,1.3301649e-08
49080,2025-07-03 08:30:00,CV003321,0.0,0.0,1.3311572e-08
49081,2025-07-03 08:30:00,CV003321,0.0,0.0,1.3321631e-08
49082,2025-07-03 09:00:00,CV003321,0.0,0.0,1.3331747e-08
49083,2025-07-03 09:00:00,CV003321,0.0,0.0,1.3341973e-08
49084,2025-07-03 09:30:00,CV003321,0.0,0.0,1.3352258e-08
49085,2025-07-03 09:30:00,CV003321,0.0,0.0,1.3362704e-08
49086,2025-07-03 10:00:00,CV003321,0.0,0.0,1.3373107e-08
49087,2025-07-03 10:00:00,CV003321,0.0,0.0,1.3383722e-08
49088,2025-07-03 10:30:00,CV003321,0.0,0.0,1.339432e-08
49089,2025-07-03 10:30:00,CV003321,0.0,0.0,1.340508e-08
49090,2025-07-03 11:00:00,CV003321,0.0,0.0,1.3415745e-08
49091,2025-07-03 11:00:00,CV003321,0.0,0.0,1.3426702e-08
49092,2025-07-03 11:30:00,CV003321,0.0,0.0,1.3437641e-08
49093,2025-07-03 11:30:00,CV003321,0.0,0.0,1.3448718e-08
49094,2025-07-03 12:00:00,CV003321,0.0,0.0,1.3459804e-08
49095,2025-07-03 12:00:00,CV003321,0.0,0.0,1.3470976e-08
49096,2025-07-03 12:30:00,CV003321,0.0,0.0,1.3482286e-08
49097,2025-07-03 12:30:00,CV003321,0.0,0.0,1.349358e-08
49098,2025-07-03 13:00:00,CV003321,0.0,0.0,1.3505038e-08
49099,2025-07-03 13:00:00,CV003321,0.0,0.0,1.3516505e-08
49100,2025-07-03 13:30:00,CV003321,0.0,0.0,1.35281635e-08
49101,2025-07-03 13:30:00,CV003321,0.0,0.0,1.3539832e-08
49102,2025-07-03 14:30:00,CV003321,0.0,0.0,1.3551612e-08
49103,2025-07-03 14:30:00,CV003321,0.0,0.0,1.3563534e-08
49104,2025-07-03 15:30:00,CV003321,0.0,0.0,1.3575414e-08
49105,2025-07-03 15:30:00,CV003321,0.0,0.0,1.3587381e-08
49106,2025-07-03 16:00:00,CV003321,0.0,0.0,1.35994895e-08
49107,2025-07-03 16:00:00,CV003321,0.0,0.0,1.36116345e-08
49108,2025-07-03 16:30:00,CV003321,0.0,0.0,1.3623868e-08
49109,2025-07-03 16:30:00,CV003321,0.0,0.0,1.3636243e-08
49110,2025-07-03 17:00:00,CV003321,0.0,0.0,1.3648602e-08
49111,2025-07-03 17:00:00,CV003321,0.0,0.0,1.3661052e-08
49112,2025-07-03 20:00:00,CV003321,0.0,0.0,1.3673643e-08
49113,2025-07-03 20:00:00,CV003321,0.0,0.0,1.3686325e-08
49114,2025-07-03 20:30:00,CV003321,0.0,0.0,1.3699017e-08
49115,2025-07-03 20:30:00,CV003321,0.0,0.0,1.371193e-08
49116,2025-07-03 21:00:00,CV003321,0.0,0.0,1.37248035e-08
49117,2025-07-03 21:00:00,CV003321,0.0,0.0,1.373769e-08
49118,2025-07-03 21:30:00,CV003321,0.0,0.0,1.3750718e-08
49119,2025-07-03 21:30:00,CV003321,0.0,0.0,1.3763917e-08
49120,2025-07-03 22:00:00,CV003321,0.0,0.0,1.3777155e-08
49121,2025-07-03 22:00:00,CV003321,0.0,0.0,1.3790353e-08
49122,2025-07-03 22:30:00,CV003321,0.0,0.0,1.3803722e-08
49123,2025-07-03 22:30:00,CV003321,0.0,0.0,1.3817181e-08
49124,2025-07-03 23:00:00,CV003321,0.0,0.0,1.3830734e-08
49125,2025-07-03 23:00:00,CV003321,0.0,0.0,1.3844274e-08
49126,2025-07-03 23:30:00,CV003321,0.0,0.0,1.3858064e-08
49127,2025-07-03 23:30:00,CV003321,0.0,0.0,1.3871816e-08
49128,2025-07-04 00:00:00,CV003321,0.0,0.0,1.3885687e-08
49129,2025-07-04 00:00:00,CV003321,0.0,0.0,1.3899572e-08
49130,2025-07-04 02:30:00,CV003321,0.0,0.0,1.3913524e-08
49131,2025-07-04 02:30:00,CV003321,0.0,0.0,1.3927649e-08
49132,2025-07-04 05:00:00,CV003321,0.0,0.0,1.3941762e-08
49133,2025-07-04 05:00:00,CV003321,0.0,0.0,1.395605e-08
49134,2025-07-04 05:30:00,CV003321,0.0,0.0,1.3970325e-08
49135,2025-07-04 05:30:00,CV003321,0.0,0.0,1.3984802e-08
49136,2025-07-04 06:00:00,CV003321,0.0,0.0,1.3999213e-08
49137,2025-07-04 06:00:00,CV003321,0.0,0.0,1.4013799e-08
49138,2025-07-04 07:00:00,CV003321,0.0,0.0,1.4028401e-08
49139,2025-07-04 07:00:00,CV003321,0.0,0.0,1.4043178e-08
49140,2025-07-04 09:30:00,CV003321,0.0,0.0,1.4057972e-08
49141,2025-07-04 09:30:00,CV003321,0.0,0.0,1.4072888e-08
49142,2025-07-04 10:00:00,CV003321,0.0,0.0,1.4087821e-08
49143,2025-07-04 10:00:00,CV003321,0.0,0.0,1.4102821e-08
49144,2025-07-04 10:30:00,CV003321,0.0,0.0,1.4117948e-08
49145,2025-07-04 10:30:00,CV003321,0.0,0.0,1.4133197e-08
49146,2025-07-04 12:30:00,CV003321,0.0,0.0,1.4148516e-08
49147,2025-07-04 12:30:00,CV003321,0.0,0.0,1.4163826e-08
49148,2025-07-04 14:00:00,CV003321,0.0,0.0,1.4179205e-08
49149,2025-07-04 14:00:00,CV003321,0.0,0.0,1.419471e-08
49150,2025-07-04 14:30:00,CV003321,0.0,0.0,1.4210476e-08
49151,2025-07-04 14:30:00,CV003321,0.0,0.0,1.4226098e-08
49152,2025-07-04 15:00:00,CV003321,0.0,0.0,1.4241899e-08
49153,2025-07-04 15:00:00,CV003321,0.0,0.0,1.4257663e-08
49154,2025-07-04 15:30:00,CV003321,0.0,0.0,1.4273635e-08
49155,2025-07-04 15:30:00,CV003321,0.0,0.0,1.4289597e-08
49156,2025-07-04 16:00:00,CV003321,0.0,0.0,1.4305713e-08
49157,2025-07-04 16:00:00,CV003321,0.0,0.0,1.4321931e-08
49158,2025-07-04 16:30:00,CV003321,0.0,0.0,1.4338112e-08
49159,2025-07-04 16:30:00,CV003321,0.0,0.0,1.4354365e-08
49160,2025-07-04 17:00:00,CV003321,0.0,0.0,1.4370829e-08
49161,2025-07-04 17:00:00,CV003321,0.0,0.0,1.4387313e-08
49162,2025-07-04 17:30:00,CV003321,0.0,0.0,1.4403869e-08
49163,2025-07-04 17:30:00,CV003321,0.0,0.0,1.44205e-08
49164,2025-07-04 18:00:00,CV003321,0.0,0.0,1.4437205e-08
49165,2025-07-04 18:00:00,CV003321,0.0,0.0,1.4454095e-08
49166,2025-07-04 18:30:00,CV003321,0.0,0.0,1.447084e-08
49167,2025-07-04 18:30:00,CV003321,0.0,0.0,1.4487879e-08
49168,2025-07-04 19:00:00,CV003321,0.0,0.0,1.4504911e-08
49169,2025-07-04 19:00:00,CV003321,0.0,0.0,1.4521991e-08
49170,2025-07-04 19:30:00,CV003321,0.0,0.0,1.4539202e-08
49171,2025-07-04 19:30:00,CV003321,0.0,0.0,1.4556544e-08
49172,2025-07-04 20:00:00,CV003321,0.0,0.0,1.4573907e-08
49173,2025-07-04 20:00:00,CV003321,0.0,0.0,1.4591292e-08
49174,2025-07-04 20:30:00,CV003321,0.0,0.0,1.4608835e-08
49175,2025-07-04 20:30:00,CV003321,0.0,0.0,1.4626428e-08
49176,2025-07-04 21:00:00,CV003321,0.0,0.0,1.46441534e-08
49177,2025-07-04 21:00:00,CV003321,0.0,0.0,1.4661873e-08
49178,2025-07-04 21:30:00,CV003321,0.0,0.0,1.4679753e-08
49179,2025-07-04 21:30:00,CV003321,0.0,0.0,1.4697684e-08
49180,2025-07-04 22:00:00,CV003321,0.0,0.0,1.4715638e-08
49181,2025-07-04 22:00:00,CV003321,0.0,0.0,1.47337795e-08
49182,2025-07-04 22:30:00,CV003321,0.0,0.0,1.4751917e-08
49183,2025-07-04 22:30:00,CV003321,0.0,0.0,1.4770134e-08
49184,2025-07-04 23:00:00,CV003321,0.0,0.0,1.4788484e-08
49185,2025-07-04 23:00:00,CV003321,0.0,0.0,1.4806858e-08
49186,2025-07-04 23:30:00,CV003321,0.0,0.0,1.4825425e-08
49187,2025-07-04 23:30:00,CV003321,0.0,0.0,1.4844015e-08
49188,2025-07-05 00:00:00,CV003321,0.0,0.0,1.48626e-08
49189,2025-07-05 00:00:00,CV003321,0.0,0.0,1.4881379e-08
49190,2025-07-05 00:30:00,CV003321,0.0,0.0,1.4900124e-08
49191,2025-07-05 00:30:00,CV003321,0.0,0.0,1.4919092e-08
49192,2025-07-05 01:00:00,CV003321,0.0,0.0,1.4938168e-08
49193,2025-07-05 01:00:00,CV003321,0.0,0.0,1.4957072e-08
49194,2025-07-05 01:30:00,CV003321,0.0,0.0,1.4976198e-08
49195,2025-07-05 01:30:00,CV003321,0.0,0.0,1.4995463e-08
49196,2025-07-05 02:00:00,CV003321,0.0,0.0,1.5014724e-08
49197,2025-07-05 02:00:00,CV003321,0.0,0.0,1.5034153e-08
49198,2025-07-05 02:30:00,CV003321,0.0,0.0,1.5053637e-08
49199,2025-07-05 02:30:00,CV003321,0.0,0.0,1.5073173e-08
49200,2025-07-05 03:00:00,CV003321,0.0,0.0,1.5092764e-08
49201,2025-07-05 03:00:00,CV003321,0.0,0.0,1.5112409e-08
49202,2025-07-05 03:30:00,CV003321,0.0,0.0,1.5132283e-08
49203,2025-07-05 03:30:00,CV003321,0.0,0.0,1.5152125e-08
49204,2025-07-05 04:00:00,CV003321,0.0,0.0,1.5172166e-08
49205,2025-07-05 04:00:00,CV003321,0.0,0.0,1.5192061e-08
49206,2025-07-05 07:00:00,CV003321,0.0,0.0,1.5212242e-08
49207,2025-07-05 07:00:00,CV003321,0.0,0.0,1.5232422e-08
49208,2025-07-05 07:30:00,CV003321,0.0,0.0,1.5252654e-08
49209,2025-07-05 07:30:00,CV003321,0.0,0.0,1.5273063e-08
49210,2025-07-05 08:00:00,CV003321,0.0,0.0,1.5293468e-08
49211,2025-07-05 08:00:00,CV003321,0.0,0.0,1.53139e-08
49212,2025-07-05 09:00:00,CV003321,0.0,0.0,1.5334535e-08
49213,2025-07-05 09:00:00,CV003321,0.0,0.0,1.5355315e-08
49214,2025-07-05 09:30:00,CV003321,0.0,0.0,1.5375948e-08
49215,2025-07-05 09:30:00,CV003321,0.0,0.0,1.5396873e-08
49216,2025-07-05 10:00:00,CV003321,0.0,0.0,1.5417884e-08
49217,2025-07-05 10:00:00,CV003321,0.0,0.0,1.5438777e-08
49218,2025-07-05 10:30:00,CV003321,0.0,0.0,1.5459877e-08
49219,2025-07-05 10:30:00,CV003321,0.0,0.0,1.5481092e-08
49220,2025-07-05 15:00:00,CV003321,0.0,0.0,1.5502279e-08
49221,2025-07-05 15:00:00,CV003321,0.0,0.0,1.5523613e-08
49222,2025-07-05 19:00:00,CV003321,0.0,0.0,1.5545064e-08
49223,2025-07-05 19:00:00,CV003321,0.0,0.0,1.5566515e-08
49224,2025-07-05 19:30:00,CV003321,0.0,0.0,1.5588085e-08
49225,2025-07-05 19:30:00,CV003321,0.0,0.0,1.5609775e-08
49226,2025-07-05 20:00:00,CV003321,0.0,0.0,1.5631436e-08
49227,2025-07-05 20:00:00,CV003321,0.0,0.0,1.5653274e-08
49228,2025-07-05 20:30:00,CV003321,0.0,0.0,1.5675234e-08
49229,2025-07-05 20:30:00,CV003321,0.0,0.0,1.5697195e-08
49230,2025-07-05 21:00:00,CV003321,0.0,0.0,1.5719367e-08
49231,2025-07-05 21:00:00,CV003321,0.0,0.0,1.5741358e-08
49232,2025-07-05 21:30:00,CV003321,0.0,0.0,1.5763714e-08
49233,2025-07-05 21:30:00,CV003321,0.0,0.0,1.5785949e-08
49234,2025-07-05 22:00:00,CV003321,0.0,0.0,1.5808396e-08
49235,2025-07-05 22:00:00,CV003321,0.0,0.0,1.5830935e-08
49236,2025-07-05 22:30:00,CV003321,0.0,0.0,1.5853356e-08
49237,2025-07-05 22:30:00,CV003321,0.0,0.0,1.587599e-08
49238,2025-07-05 23:00:00,CV003321,0.0,0.0,1.5898808e-08
49239,2025-07-05 23:00:00,CV003321,0.0,0.0,1.5921598e-08
49240,2025-07-06 00:00:00,CV003321,0.0,0.0,1.5944481e-08
49241,2025-07-06 00:00:00,CV003321,0.0,0.0,1.596755e-08
49242,2025-07-06 01:00:00,CV003321,0.0,0.0,1.5990622e-08
49243,2025-07-06 01:00:00,CV003321,0.0,0.0,1.6013757e-08
49244,2025-07-06 01:30:00,CV003321,0.0,0.0,1.6036957e-08
49245,2025-07-06 01:30:00,CV003321,0.0,0.0,1.6060252e-08
49246,2025-07-06 02:00:00,CV003321,0.0,0.0,1.6083641e-08
49247,2025-07-06 02:00:00,CV003321,0.0,0.0,1.6107219e-08
49248,2025-07-06 03:30:00,CV003321,0.0,0.0,1.613077e-08
49249,2025-07-06 03:30:00,CV003321,0.0,0.0,1.6154292e-08
49250,2025-07-06 04:30:00,CV003321,0.0,0.0,1.6178065e-08
49251,2025-07-06 04:30:00,CV003321,0.0,0.0,1.6201936e-08
49252,2025-07-06 05:00:00,CV003321,0.0,0.0,1.622584e-08
49253,2025-07-06 05:00:00,CV003321,0.0,0.0,1.624975e-08
49254,2025-07-06 05:30:00,CV003321,0.0,0.0,1.627379e-08
49255,2025-07-06 05:30:00,CV003321,0.0,0.0,1.6297985e-08
49256,2025-07-06 06:00:00,CV003321,0.0,0.0,1.6322282e-08
49257,2025-07-06 06:00:00,CV003321,0.0,0.0,1.6346583e-08
49258,2025-07-06 07:00:00,CV003321,0.0,0.0,1.6371015e-08
49259,2025-07-06 07:00:00,CV003321,0.0,0.0,1.639545e-08
49260,2025-07-06 07:30:00,CV003321,0.0,0.0,1.642005e-08
49261,2025-07-06 07:30:00,CV003321,0.0,0.0,1.6444716e-08
49262,2025-07-06 08:00:00,CV003321,0.0,0.0,1.6469514e-08
49263,2025-07-06 08:00:00,CV003321,0.0,0.0,1.6494285e-08
49264,2025-07-06 09:00:00,CV003321,0.0,0.0,1.651919e-08
49265,2025-07-06 09:00:00,CV003321,0.0,0.0,1.65441e-08
49266,2025-07-06 10:00:00,CV003321,0.0,0.0,1.6569173e-08
49267,2025-07-06 10:00:00,CV003321,0.0,0.0,1.6594381e-08
49268,2025-07-06 10:30:00,CV003321,0.0,0.0,1.6619689e-08
49269,2025-07-06 10:30:00,CV003321,0.0,0.0,1.6645163e-08
49270,2025-07-06 11:00:00,CV003321,0.0,0.0,1.667058e-08
49271,2025-07-06 11:00:00,CV003321,0.0,0.0,1.6696038e-08
49272,2025-07-06 11:30:00,CV003321,0.0,0.0,1.6721533e-08
49273,2025-07-06 11:30:00,CV003321,0.0,0.0,1.674726e-08
49274,2025-07-06 16:00:00,CV003321,0.0,0.0,1.677309e-08
49275,2025-07-06 16:00:00,CV003321,0.0,0.0,1.6798959e-08
49276,2025-07-06 17:00:00,CV003321,0.0,0.0,1.6824805e-08
49277,2025-07-06 17:00:00,CV003321,0.0,0.0,1.6850882e-08
49278,2025-07-06 18:00:00,CV003321,0.0,0.0,1.6876935e-08
49279,2025-07-06 18:00:00,CV003321,0.0,0.0,1.690319e-08
49280,2025-07-06 19:00:00,CV003321,0.0,0.0,1.6929455e-08
49281,2025-07-06 19:00:00,CV003321,0.0,0.0,1.6955793e-08
49282,2025-07-06 19:30:00,CV003321,0.0,0.0,1.69823e-08
49283,2025-07-06 19:30:00,CV003321,0.0,0.0,1.7008913e-08
49284,2025-07-06 20:00:00,CV003321,0.0,0.0,1.7035472e-08
49285,2025-07-06 20:00:00,CV003321,0.0,0.0,1.7062234e-08
49286,2025-07-06 20:30:00,CV003321,0.0,0.0,1.7089071e-08
49287,2025-07-06 20:30:00,CV003321,0.0,0.0,1.711592e-08
49288,2025-07-06 21:00:00,CV003321,0.0,0.0,1.7142971e-08
49289,2025-07-06 21:00:00,CV003321,0.0,0.0,1.7169901e-08
49290,2025-07-07 01:00:00,CV003321,0.0,0.0,1.7197006e-08
49291,2025-07-07 01:00:00,CV003321,0.0,0.0,1.7224352e-08
49292,2025-07-07 01:30:00,CV003321,0.0,0.0,1.7251708e-08
49293,2025-07-07 01:30:00,CV003321,0.0,0.0,1.7279007e-08
49294,2025-07-07 02:30:00,CV003321,0.0,0.0,1.7306581e-08
49295,2025-07-07 02:30:00,CV003321,0.0,0.0,1.7334132e-08
49296,2025-07-07 03:00:00,CV003321,0.0,0.0,1.7361762e-08
49297,2025-07-07 03:00:00,CV003321,0.0,0.0,1.7389667e-08
49298,2025-07-07 03:30:00,CV003321,0.0,0.0,1.7417516e-08
49299,2025-07-07 03:30:00,CV003321,0.0,0.0,1.744541e-08
49300,2025-07-07 04:00:00,CV003321,0.0,0.0,1.747345e-08
49301,2025-07-07 04:00:00,CV003321,0.0,0.0,1.7501602e-08
49302,2025-07-07 08:30:00,CV003321,0.0,0.0,1.7529835e-08
49303,2025-07-07 08:30:00,CV003321,0.0,0.0,1.755811e-08
49304,2025-07-07 09:00:00,CV003321,0.0,0.0,1.7586597e-08
49305,2025-07-07 09:00:00,CV003321,0.0,0.0,1.7614932e-08
49306,2025-07-07 09:30:00,CV003321,0.0,0.0,1.7643547e-08
49307,2025-07-07 09:30:00,CV003321,0.0,0.0,1.7672175e-08
49308,2025-07-07 10:00:00,CV003321,0.0,0.0,1.770095e-08
49309,2025-07-07 10:00:00,CV003321,0.0,0.0,1.7729807e-08
49310,2025-07-07 11:00:00,CV003321,0.0,0.0,1.7758778e-08
49311,2025-07-07 11:00:00,CV003321,0.0,0.0,1.778766e-08
49312,2025-07-07 11:30:00,CV003321,0.0,0.0,1.7816827e-08
49313,2025-07-07 11:30:00,CV003321,0.0,0.0,1.7845974e-08
49314,2025-07-07 12:00:00,CV003321,0.0,0.0,1.7875408e-08
49315,2025-07-07 12:00:00,CV003321,0.0,0.0,1.7904753e-08
49316,2025-07-07 12:30:00,CV003321,0.0,0.0,1.793418e-08
49317,2025-07-07 12:30:00,CV003321,0.0,0.0,1.7963691e-08
49318,2025-07-07 13:00:00,CV003321,0.0,0.0,1.7993388e-08
49319,2025-07-07 13:00:00,CV003321,0.0,0.0,1.8022996e-08
49320,2025-07-07 13:30:00,CV003321,0.0,0.0,1.8052893e-08
49321,2025-07-07 13:30:00,CV003321,0.0,0.0,1.8082876e-08
49322,2025-07-07 14:00:00,CV003321,0.0,0.0,1.8113079e-08
49323,2025-07-07 14:00:00,CV003321,0.0,0.0,1.8143023e-08
49324,2025-07-07 14:30:00,CV003321,0.0,0.0,1.817312e-08
49325,2025-07-07 14:30:00,CV003321,0.0,0.0,1.8203405e-08
49326,2025-07-07 17:00:00,CV003321,0.0,0.0,1.8233811e-08
49327,2025-07-07 17:00:00,CV003321,0.0,0.0,1.8264267e-08
49328,2025-07-07 17:30:00,CV003321,0.0,0.0,1.829481e-08
49329,2025-07-07 17:30:00,CV003321,0.0,0.0,1.8325473e-08
49330,2025-07-07 18:00:00,CV003321,0.0,0.0,1.8356257e-08
49331,2025-07-07 18:00:00,CV003321,0.0,0.0,1.8386988e-08
49332,2025-07-07 18:30:00,CV003321,0.0,0.0,1.841791e-08
49333,2025-07-07 18:30:00,CV003321,0.0,0.0,1.8449027e-08
49334,2025-07-07 19:00:00,CV003321,0.0,0.0,1.8480089e-08
49335,2025-07-07 19:00:00,CV003321,0.0,0.0,1.8511274e-08
49336,2025-07-07 19:30:00,CV003321,0.0,0.0,1.8542547e-08
49337,2025-07-07 19:30:00,CV003321,0.0,0.0,1.8573944e-08
49338,2025-07-08 00:00:00,CV003321,0.0,0.0,1.8605466e-08
49339,2025-07-08 00:00:00,CV003321,0.0,0.0,1.8637042e-08
49340,2025-07-08 00:30:00,CV003321,0.0,0.0,1.8668633e-08
49341,2025-07-08 00:30:00,CV003321,0.0,0.0,1.8700353e-08
49342,2025-07-08 01:00:00,CV003321,0.0,0.0,1.873205e-08
49343,2025-07-08 01:00:00,CV003321,0.0,0.0,1.8764164e-08
49344,2025-07-08 01:30:00,CV003321,0.0,0.0,1.8796115e-08
49345,2025-07-08 01:30:00,CV003321,0.0,0.0,1.882823e-08
49346,2025-07-08 02:00:00,CV003321,0.0,0.0,1.8860577e-08
49347,2025-07-08 02:00:00,CV003321,0.0,0.0,1.8892875e-08
49348,2025-07-08 02:30:00,CV003321,0.0,0.0,1.8925189e-08
49349,2025-07-08 02:30:00,CV003321,0.0,0.0,1.895774e-08
49350,2025-07-08 03:00:00,CV003321,0.0,0.0,1.8990203e-08
49351,2025-07-08 03:00:00,CV003321,0.0,0.0,1.902301e-08
49352,2025-07-08 03:30:00,CV003321,0.0,0.0,1.9055804e-08
49353,2025-07-08 03:30:00,CV003321,0.0,0.0,1.9088615e-08
49354,2025-07-08 04:00:00,CV003321,0.0,0.0,1.9121668e-08
49355,2025-07-08 04:00:00,CV003321,0.0,0.0,1.9154665e-08
49356,2025-07-08 06:30:00,CV003321,0.0,0.0,1.918794e-08
49357,2025-07-08 06:30:00,CV003321,0.0,0.0,1.9221128e-08
49358,2025-07-08 07:00:00,CV003321,0.0,0.0,1.925459e-08
49359,2025-07-08 07:00:00,CV003321,0.0,0.0,1.9288004e-08
49360,2025-07-08 07:30:00,CV003321,0.0,0.0,1.9321437e-08
49361,2025-07-08 07:30:00,CV003321,0.0,0.0,1.9355149e-08
49362,2025-07-08 08:00:00,CV003321,0.0,0.0,1.9388958e-08
49363,2025-07-08 08:00:00,CV003321,0.0,0.0,1.9422604e-08
49364,2025-07-08 09:00:00,CV003321,0.0,0.0,1.9456493e-08
49365,2025-07-08 09:00:00,CV003321,0.0,0.0,1.949059e-08
49366,2025-07-08 09:30:00,CV003321,0.0,0.0,1.952471e-08
49367,2025-07-08 09:30:00,CV003321,0.0,0.0,1.9559076e-08
49368,2025-07-08 10:00:00,CV003321,0.0,0.0,1.9593315e-08
49369,2025-07-08 10:00:00,CV003321,0.0,0.0,1.9627727e-08
49370,2025-07-08 11:30:00,CV003321,0.0,0.0,1.9662199e-08
49371,2025-07-08 11:30:00,CV003321,0.0,0.0,1.969677e-08
49372,2025-07-08 14:00:00,CV003321,0.0,0.0,1.973144e-08
49373,2025-07-08 14:00:00,CV003321,0.0,0.0,1.9766281e-08
49374,2025-07-08 14:30:00,CV003321,0.0,0.0,1.9801147e-08
49375,2025-07-08 14:30:00,CV003321,0.0,0.0,1.9836076e-08
49376,2025-07-08 16:00:00,CV003321,0.0,0.0,1.9871255e-08
49377,2025-07-08 16:00:00,CV003321,0.0,0.0,1.9906345e-08
49378,2025-07-08 18:00:00,CV003321,0.0,0.0,1.9941496e-08
49379,2025-07-08 18:00:00,CV003321,0.0,0.0,1.9976977e-08
49380,2025-07-08 19:00:00,CV003321,0.0,0.0,2.0012253e-08
49381,2025-07-08 19:00:00,CV003321,0.0,0.0,2.00479e-08
49382,2025-07-08 19:30:00,CV003321,0.0,0.0,2.0083647e-08
49383,2025-07-08 19:30:00,CV003321,0.0,0.0,2.0119264e-08
49384,2025-07-08 20:00:00,CV003321,0.0,0.0,2.0155136e-08
49385,2025-07-08 20:00:00,CV003321,0.0,0.0,2.0191036e-08
49386,2025-07-08 21:30:00,CV003321,0.0,0.0,2.0227153e-08
49387,2025-07-08 21:30:00,CV003321,0.0,0.0,2.0263258e-08
49388,2025-07-08 22:30:00,CV003321,0.0,0.0,2.0299504e-08
49389,2025-07-08 22:30:00,CV003321,0.0,0.0,2.0335778e-08
49390,2025-07-08 23:00:00,CV003321,0.0,0.0,2.037227e-08
49391,2025-07-08 23:00:00,CV003321,0.0,0.0,2.040875e-08
49392,2025-07-09 00:00:00,CV003321,0.0,0.0,2.0445334e-08
49393,2025-07-09 00:00:00,CV003321,0.0,0.0,2.0481984e-08
49394,2025-07-09 00:30:00,CV003321,0.0,0.0,2.051882e-08
49395,2025-07-09 00:30:00,CV003321,0.0,0.0,2.0555914e-08
49396,2025-07-09 01:00:00,CV003321,0.0,0.0,2.0592765e-08
49397,2025-07-09 01:00:00,CV003321,0.0,0.0,2.0629836e-08
49398,2025-07-09 01:30:00,CV003321,0.0,0.0,2.0667171e-08
49399,2025-07-09 01:30:00,CV003321,0.0,0.0,2.0704455e-08
49400,2025-07-09 02:00:00,CV003321,0.0,0.0,2.074177e-08
49401,2025-07-09 02:00:00,CV003321,0.0,0.0,2.0779348e-08
49402,2025-07-09 02:30:00,CV003321,0.0,0.0,2.0816913e-08
49403,2025-07-09 02:30:00,CV003321,0.0,0.0,2.0854628e-08
49404,2025-07-09 03:00:00,CV003321,0.0,0.0,2.089237e-08
49405,2025-07-09 03:00:00,CV003321,0.0,0.0,2.0930422e-08
49406,2025-07-09 03:30:00,CV003321,0.0,0.0,2.0968262e-08
49407,2025-07-09 03:30:00,CV003321,0.0,0.0,2.100629e-08
49408,2025-07-09 04:00:00,CV003321,0.0,0.0,2.1044547e-08
49409,2025-07-09 04:00:00,CV003321,0.0,0.0,2.1082874e-08
49410,2025-07-09 04:30:00,CV003321,0.0,0.0,2.1121474e-08
49411,2025-07-09 04:30:00,CV003321,0.0,0.0,2.1159902e-08
49412,2025-07-09 05:00:00,CV003321,0.0,0.0,2.1198359e-08
49413,2025-07-09 05:00:00,CV003321,0.0,0.0,2.1236968e-08
49414,2025-07-09 05:30:00,CV003321,0.0,0.0,2.127585e-08
49415,2025-07-09 05:30:00,CV003321,0.0,0.0,2.1314882e-08
49416,2025-07-09 06:00:00,CV003321,0.0,0.0,2.1353905e-08
49417,2025-07-09 06:00:00,CV003321,0.0,0.0,2.1392921e-08
49418,2025-07-09 06:30:00,CV003321,0.0,0.0,2.1432086e-08
49419,2025-07-09 06:30:00,CV003321,0.0,0.0,2.1471447e-08
49420,2025-07-09 07:00:00,CV003321,0.0,0.0,2.151088e-08
49421,2025-07-09 07:00:00,CV003321,0.0,0.0,2.1550427e-08
49422,2025-07-09 08:00:00,CV003321,0.0,0.0,2.1590088e-08
49423,2025-07-09 08:00:00,CV003321,0.0,0.0,2.1629615e-08
49424,2025-07-09 08:30:00,CV003321,0.0,0.0,2.1669463e-08
49425,2025-07-09 08:30:00,CV003321,0.0,0.0,2.1709386e-08
49426,2025-07-09 09:00:00,CV003321,0.0,0.0,2.1749422e-08
49427,2025-07-09 09:00:00,CV003321,0.0,0.0,2.178974e-08
49428,2025-07-09 09:30:00,CV003321,0.0,0.0,2.1829841e-08
49429,2025-07-09 09:30:00,CV003321,0.0,0.0,2.1870225e-08
49430,2025-07-09 10:00:00,CV003321,0.0,0.0,2.1910559e-08
49431,2025-07-09 10:00:00,CV003321,0.0,0.0,2.1951049e-08
49432,2025-07-09 10:30:00,CV003321,0.0,0.0,2.1991742e-08
49433,2025-07-09 10:30:00,CV003321,0.0,0.0,2.2032422e-08
49434,2025-07-09 11:00:00,CV003321,0.0,0.0,2.2073266e-08
49435,2025-07-09 11:00:00,CV003321,0.0,0.0,2.211427e-08
49436,2025-07-09 11:30:00,CV003321,0.0,0.0,2.2155264e-08
49437,2025-07-09 11:30:00,CV003321,0.0,0.0,2.2196376e-08
49438,2025-07-09 12:00:00,CV003321,0.0,0.0,2.2237778e-08
49439,2025-07-09 12:00:00,CV003321,0.0,0.0,2.2279085e-08
49440,2025-07-09 12:30:00,CV003321,0.0,0.0,2.2320684e-08
49441,2025-07-09 12:30:00,CV003321,0.0,0.0,2.2362059e-08
49442,2025-07-09 14:00:00,CV003321,0.0,0.0,2.2403857e-08
49443,2025-07-09 14:00:00,CV003321,0.0,0.0,2.2445473e-08
49444,2025-07-09 14:30:00,CV003321,0.0,0.0,2.2487466e-08
49445,2025-07-09 14:30:00,CV003321,0.0,0.0,2.2529324e-08
49446,2025-07-09 15:00:00,CV003321,0.0,0.0,2.2571477e-08
49447,2025-07-09 15:00:00,CV003321,0.0,0.0,2.2613749e-08
49448,2025-07-09 15:30:00,CV003321,0.0,0.0,2.2655929e-08
49449,2025-07-09 15:30:00,CV003321,0.0,0.0,2.2698403e-08
49450,2025-07-09 16:30:00,CV003321,0.0,0.0,2.2741002e-08
49451,2025-07-09 16:30:00,CV003321,0.0,0.0,2.278355e-08
49452,2025-07-09 17:00:00,CV003321,0.0,0.0,2.2826221e-08
49453,2025-07-09 17:00:00,CV003321,0.0,0.0,2.2869056e-08
49454,2025-07-09 17:30:00,CV003321,0.0,0.0,2.2911975e-08
49455,2025-07-09 17:30:00,CV003321,0.0,0.0,2.2955017e-08
49456,2025-07-09 18:00:00,CV003321,0.0,0.0,2.299814e-08
49457,2025-07-09 18:00:00,CV003321,0.0,0.0,2.3041432e-08
49458,2025-07-09 18:30:00,CV003321,0.0,0.0,2.3084763e-08
49459,2025-07-09 18:30:00,CV003321,0.0,0.0,2.3128262e-08
49460,2025-07-09 19:00:00,CV003321,0.0,0.0,2.3171843e-08
49461,2025-07-09 19:00:00,CV003321,0.0,0.0,2.321555e-08
49462,2025-07-09 19:30:00,CV003321,0.0,0.0,2.3259206e-08
49463,2025-07-09 19:30:00,CV003321,0.0,0.0,2.3303167e-08
49464,2025-07-09 20:00:00,CV003321,0.0,0.0,2.3347123e-08
49465,2025-07-09 20:00:00,CV003321,0.0,0.0,2.339125e-08
49466,2025-07-10 03:00:00,CV003321,0.0,0.0,2.3435371e-08
49467,2025-07-10 03:00:00,CV003321,0.0,0.0,2.3479801e-08
49468,2025-07-10 03:30:00,CV003321,0.0,0.0,2.352409e-08
49469,2025-07-10 03:30:00,CV003321,0.0,0.0,2.3568642e-08
49470,2025-07-10 04:00:00,CV003321,0.0,0.0,2.3613367e-08
49471,2025-07-10 04:00:00,CV003321,0.0,0.0,2.3658089e-08
49472,2025-07-10 04:30:00,CV003321,0.0,0.0,2.3702894e-08
49473,2025-07-10 04:30:00,CV003321,0.0,0.0,2.3747921e-08
49474,2025-07-10 05:00:00,CV003321,0.0,0.0,2.3792895e-08
49475,2025-07-10 05:00:00,CV003321,0.0,0.0,2.3838185e-08
49476,2025-07-10 05:30:00,CV003321,0.0,0.0,2.3883423e-08
49477,2025-07-10 05:30:00,CV003321,0.0,0.0,2.3928838e-08
49478,2025-07-10 06:00:00,CV003321,0.0,0.0,2.3974337e-08
49479,2025-07-10 06:00:00,CV003321,0.0,0.0,2.401988e-08
49480,2025-07-10 06:30:00,CV003321,0.0,0.0,2.4065647e-08
49481,2025-07-10 06:30:00,CV003321,0.0,0.0,2.4111408e-08
49482,2025-07-10 07:00:00,CV003321,0.0,0.0,2.415744e-08
49483,2025-07-10 07:00:00,CV003321,0.0,0.0,2.4203562e-08
49484,2025-07-10 07:30:00,CV003321,0.0,0.0,2.4249863e-08
49485,2025-07-10 07:30:00,CV003321,0.0,0.0,2.429602e-08
49486,2025-07-10 08:00:00,CV003321,0.0,0.0,2.4342357e-08
49487,2025-07-10 08:00:00,CV003321,0.0,0.0,2.4388973e-08
49488,2025-07-10 09:30:00,CV003321,0.0,0.0,2.4435582e-08
49489,2025-07-10 09:30:00,CV003321,0.0,0.0,2.4482233e-08
49490,2025-07-10 10:00:00,CV003321,0.0,0.0,2.4529113e-08
49491,2025-07-10 10:00:00,CV003321,0.0,0.0,2.4575943e-08
49492,2025-07-10 10:30:00,CV003321,0.0,0.0,2.4623146e-08
49493,2025-07-10 10:30:00,CV003321,0.0,0.0,2.4670296e-08
49494,2025-07-10 15:00:00,CV003321,0.0,0.0,2.4717538e-08
49495,2025-07-10 15:00:00,CV003321,0.0,0.0,2.4764963e-08
49496,2025-07-10 15:30:00,CV003321,0.0,0.0,2.481234e-08
49497,2025-07-10 15:30:00,CV003321,0.0,0.0,2.4859899e-08
49498,2025-07-10 16:30:00,CV003321,0.0,0.0,2.49076e-08
49499,2025-07-10 16:30:00,CV003321,0.0,0.0,2.4955485e-08
49500,2025-07-10 18:30:00,CV003321,0.0,0.0,2.5003416e-08
49501,2025-07-10 18:30:00,CV003321,0.0,0.0,2.5051389e-08
49502,2025-07-10 19:00:00,CV003321,0.0,0.0,2.50996e-08
49503,2025-07-10 19:00:00,CV003321,0.0,0.0,2.5147951e-08
49504,2025-07-10 19:30:00,CV003321,0.0,0.0,2.5196348e-08
49505,2025-07-10 19:30:00,CV003321,0.0,0.0,2.524474e-08
49506,2025-07-10 20:00:00,CV003321,0.0,0.0,2.5293275e-08
49507,2025-07-10 20:00:00,CV003321,0.0,0.0,2.5342095e-08
49508,2025-07-10 20:30:00,CV003321,0.0,0.0,2.5390912e-08
49509,2025-07-10 20:30:00,CV003321,0.0,0.0,2.5439729e-08
49510,2025-07-10 21:00:00,CV003321,0.0,0.0,2.548893e-08
49511,2025-07-10 21:00:00,CV003321,0.0,0.0,2.5538128e-08
49512,2025-07-10 21:30:00,CV003321,0.0,0.0,2.5587324e-08
49513,2025-07-10 21:30:00,CV003321,0.0,0.0,2.563681e-08
49514,2025-07-10 22:00:00,CV003321,0.0,0.0,2.5686148e-08
49515,2025-07-10 22:00:00,CV003321,0.0,0.0,2.573602e-08
49516,2025-07-10 22:30:00,CV003321,0.0,0.0,2.5785845e-08
49517,2025-07-10 22:30:00,CV003321,0.0,0.0,2.5835519e-08
49518,2025-07-10 23:00:00,CV003321,0.0,0.0,2.5885434e-08
49519,2025-07-10 23:00:00,CV003321,0.0,0.0,2.5935744e-08
49520,2025-07-10 23:30:00,CV003321,0.0,0.0,2.5985853e-08
49521,2025-07-10 23:30:00,CV003321,0.0,0.0,2.6036211e-08
49522,2025-07-11 00:00:00,CV003321,0.0,0.0,2.6086665e-08
49523,2025-07-11 00:00:00,CV003321,0.0,0.0,2.6137267e-08
49524,2025-07-11 00:30:00,CV003321,0.0,0.0,2.6187816e-08
49525,2025-07-11 00:30:00,CV003321,0.0,0.0,2.6238462e-08
49526,2025-07-11 01:00:00,CV003321,0.0,0.0,2.628941e-08
49527,2025-07-11 01:00:00,CV003321,0.0,0.0,2.6340555e-08
49528,2025-07-11 01:30:00,CV003321,0.0,0.0,2.6391497e-08
49529,2025-07-11 01:30:00,CV003321,0.0,0.0,2.6442741e-08
49530,2025-07-11 02:00:00,CV003321,0.0,0.0,2.6493932e-08
49531,2025-07-11 02:00:00,CV003321,0.0,0.0,2.6545576e-08
49532,2025-07-11 02:30:00,CV003321,0.0,0.0,2.6597018e-08
49533,2025-07-11 02:30:00,CV003321,0.0,0.0,2.6648761e-08
49534,2025-07-11 03:00:00,CV003321,0.0,0.0,2.6700606e-08
49535,2025-07-11 03:00:00,CV003321,0.0,0.0,2.6752705e-08
49536,2025-07-11 03:30:00,CV003321,0.0,0.0,2.6804496e-08
49537,2025-07-11 03:30:00,CV003321,0.0,0.0,2.6856847e-08
49538,2025-07-11 04:00:00,CV003321,0.0,0.0,2.6909149e-08
49539,2025-07-11 04:00:00,CV003321,0.0,0.0,2.6961242e-08
49540,2025-07-11 04:30:00,CV003321,0.0,0.0,2.7014057e-08
49541,2025-07-11 04:30:00,CV003321,0.0,0.0,2.7066509e-08
49542,2025-07-11 05:00:00,CV003321,0.0,0.0,4.4413624e-05
49543,2025-07-11 05:00:00,CV003321,0.0,0.0,6.7372246e-05
49544,2025-07-11 06:00:00,CV003321,0.0,0.0,9.1192785e-05
49545,2025-07-11 06:00:00,CV003321,0.0,0.0,0.00011651579
49546,2025-07-11 07:00:00,CV003321,0.0,0.0,0.00014397711
49547,2025-07-11 07:00:00,CV003321,0.0,0.0,0.00017378062
49548,2025-07-11 07:30:00,CV003321,0.0,0.0,0.00020570667
49549,2025-07-11 07:30:00,CV003321,0.0,0.0,0.00023937068
49550,2025-07-11 08:00:00,CV003321,0.0,0.0,0.0002743275
49551,2025-07-11 08:00:00,CV003321,0.0,0.0,0.00031012835
49552,2025-07-11 08:30:00,CV003321,0.0,0.0,0.00034633864
49553,2025-07-11 08:30:00,CV003321,0.0,0.0,0.00038255553
49554,2025-07-11 09:30:00,CV003321,0.0,0.0,0.00041839763
49555,2025-07-11 09:30:00,CV003321,0.0,0.0,0.0004535115
49556,2025-07-11 10:30:00,CV003321,0.0,0.0,0.00048757295
49557,2025-07-11 10:30:00,CV003321,0.0,0.0,0.0005202915
49558,2025-07-11 11:00:00,CV003321,0.0,0.0,0.00055139477
49559,2025-07-11 11:00:00,CV003321,0.0,0.0,0.00058066123
49560,2025-07-11 11:30:00,CV003321,0.0,0.0,0.0006078849
49561,2025-07-11 11:30:00,CV003321,0.0,0.0,0.00063290034
49562,2025-07-11 12:00:00,CV003321,0.0,0.0,0.0006555753
49563,2025-07-11 12:00:00,CV003321,0.0,0.0,0.0006758207
49564,2025-07-11 14:30:00,CV003321,0.0,0.0,0.00069357397
49565,2025-07-11 14:30:00,CV003321,0.0,0.0,0.0007088068
49566,2025-07-11 19:00:00,CV003321,0.0,0.0,0.0007215119
49567,2025-07-11 19:00:00,CV003321,0.0,0.0,0.0007317243
49568,2025-07-12 03:30:00,CV003321,0.0,0.0,0.0007394915
49569,2025-07-12 03:30:00,CV003321,0.0,0.0,0.0007448773
49570,2025-07-12 04:30:00,CV003321,0.0,0.0,0.0007479663
49571,2025-07-12 04:30:00,CV003321,0.0,0.0,0.00074885885
49572,2025-07-12 05:00:00,CV003321,0.0,0.0,0.00074768043
49573,2025-07-12 05:00:00,CV003321,0.0,0.0,0.000744545
49574,2025-07-12 05:30:00,CV003321,0.0,0.0,0.0007395895
49575,2025-07-12 05:30:00,CV003321,0.0,0.0,0.000732951
49576,2025-07-12 06:00:00,CV003321,0.0,0.0,0.00072476413
49577,2025-07-12 06:00:00,CV003321,0.0,0.0,0.0007151753
49578,2025-07-12 06:30:00,CV003321,0.0,0.0,0.0007043218
49579,2025-07-12 06:30:00,CV003321,0.0,0.0,0.00069233665
49580,2025-07-12 08:30:00,CV003321,0.0,0.0,0.0006793551
49581,2025-07-12 08:30:00,CV003321,0.0,0.0,0.00066550355
49582,2025-07-12 09:00:00,CV003321,0.0,0.0,0.00065090146
49583,2025-07-12 09:00:00,CV003321,0.0,0.0,0.0006356763
49584,2025-07-12 09:30:00,CV003321,0.0,0.0,0.0006199274
49585,2025-07-12 09:30:00,CV003321,0.0,0.0,0.00060376705
49586,2025-07-12 10:00:00,CV003321,0.0,0.0,0.0005872855
49587,2025-07-12 10:00:00,CV003321,0.0,0.0,0.00057057414
49588,2025-07-12 10:30:00,CV003321,0.0,0.0,0.0005537162
49589,2025-07-12 10:30:00,CV003321,0.0,0.0,0.00053678366
49590,2025-07-12 11:00:00,CV003321,0.0,0.0,0.0005198495
49591,2025-07-12 11:00:00,CV003321,0.0,0.0,0.00050297583
49592,2025-07-12 11:30:00,CV003321,0.0,0.0,0.00048621558
49593,2025-07-12 11:30:00,CV003321,0.0,0.0,0.0004696191
49594,2025-07-12 12:00:00,CV003321,0.0,0.0,0.00045322857
49595,2025-07-12 12:00:00,CV003321,0.0,0.0,0.0004370863
49596,2025-07-12 12:30:00,CV003321,0.0,0.0,0.00042122477
49597,2025-07-12 12:30:00,CV003321,0.0,0.0,0.00040567096
49598,2025-07-12 13:00:00,CV003321,0.0,0.0,0.00039045283
49599,2025-07-12 13:00:00,CV003321,0.0,0.0,0.00037558947
49600,2025-07-12 13:30:00,CV003321,0.0,0.0,0.00036109515
49601,2025-07-12 13:30:00,CV003321,0.0,0.0,0.00034698553
49602,2025-07-12 14:00:00,CV003321,0.0,0.0,0.00033327047
49603,2025-07-12 14:00:00,CV003321,0.0,0.0,0.00031995427
49604,2025-07-12 14:30:00,CV003321,0.0,0.0,0.00030704326
49605,2025-07-12 14:30:00,CV003321,0.0,0.0,0.0002945405
49606,2025-07-12 15:00:00,CV003321,0.0,0.0,0.0002824466
49607,2025-07-12 15:00:00,CV003321,0.0,0.0,0.00027076012
49608,2025-07-12 15:30:00,CV003321,0.0,0.0,0.0002594777
49609,2025-07-12 15:30:00,CV003321,0.0,0.0,0.00024859468
49610,2025-07-12 16:00:00,CV003321,0.0,0.0,0.00023810811
49611,2025-07-12 16:00:00,CV003321,0.0,0.0,0.00022800778
49612,2025-07-12 16:30:00,CV003321,0.0,0.0,0.00021829105
49613,2025-07-12 16:30:00,CV003321,0.0,0.0,0.00020894675
49614,2025-07-12 18:30:00,CV003321,0.0,0.0,0.00019996673
49615,2025-07-12 18:30:00,CV003321,0.0,0.0,0.0001913425
49616,2025-07-12 20:30:00,CV003321,0.0,0.0,0.0001830647
49617,2025-07-12 20:30:00,CV003321,0.0,0.0,0.00017512261
49618,2025-07-12 21:00:00,CV003321,0.0,0.0,0.00016750714
49619,2025-07-12 21:00:00,CV003321,0.0,0.0,0.00016020755
49620,2025-07-12 21:30:00,CV003321,0.0,0.0,0.0001532139
49621,2025-07-12 21:30:00,CV003321,0.0,0.0,0.00014651632
49622,2025-07-12 22:00:00,CV003321,0.0,0.0,0.00014010361
49623,2025-07-12 22:00:00,CV003321,0.0,0.0,0.00013396719
49624,2025-07-12 22:30:00,CV003321,0.0,0.0,0.00012809588
49625,2025-07-12 22:30:00,CV003321,0.0,0.0,0.00012247871
49626,2025-07-12 23:00:00,CV003321,0.0,0.0,0.000117108524
49627,2025-07-12 23:00:00,CV003321,0.0,0.0,0.000111974194
49628,2025-07-12 23:30:00,CV003321,0.0,0.0,0.000107066604
49629,2025-07-12 23:30:00,CV003321,0.0,0.0,0.00010237662
49630,2025-07-13 00:30:00,CV003321,0.0,0.0,9.789572e-05
49631,2025-07-13 00:30:00,CV003321,0.0,0.0,9.361513e-05
49632,2025-07-13 05:00:00,CV003321,0.0,0.0,8.95257e-05
49633,2025-07-13 05:00:00,CV003321,0.0,0.0,8.5620464e-05
49634,2025-07-13 05:30:00,CV003321,0.0,0.0,8.189113e-05
49635,2025-07-13 05:30:00,CV003321,0.0,0.0,7.833011e-05
49636,2025-07-13 06:00:00,CV003321,0.0,0.0,7.492988e-05
49637,2025-07-13 06:00:00,CV003321,0.0,0.0,7.168393e-05
49638,2025-07-13 06:30:00,CV003321,0.0,0.0,6.858501e-05
49639,2025-07-13 06:30:00,CV003321,0.0,0.0,6.562661e-05
49640,2025-07-13 07:00:00,CV003321,0.0,0.0,6.280278e-05
49641,2025-07-13 07:00:00,CV003321,0.0,0.0,6.0106802e-05
49642,2025-07-13 07:30:00,CV003321,0.0,0.0,5.7533744e-05
49643,2025-07-13 07:30:00,CV003321,0.0,0.0,5.5077395e-05
49644,2025-07-13 12:00:00,CV003321,0.0,0.0,5.2732707e-05
49645,2025-07-13 12:00:00,CV003321,0.0,0.0,5.049457e-05
49646,2025-07-13 12:30:00,CV003321,0.0,0.0,4.8358066e-05
49647,2025-07-13 12:30:00,CV003321,0.0,0.0,4.631836e-05
49648,2025-07-13 13:00:00,CV003321,0.0,0.0,4.4371245e-05
49649,2025-07-13 13:00:00,CV003321,0.0,0.0,4.2512424e-05
49650,2025-07-13 13:30:00,CV003321,0.0,0.0,4.073812e-05
49651,2025-07-13 13:30:00,CV003321,0.0,0.0,3.9044826e-05
49652,2025-07-13 14:00:00,CV003321,0.0,0.0,3.7428264e-05
49653,2025-07-13 14:00:00,CV003321,0.0,0.0,3.5884692e-05
49654,2025-07-13 14:30:00,CV003321,0.0,0.0,3.4410943e-05
49655,2025-07-13 14:30:00,CV003321,0.0,0.0,3.3003733e-05
49656,2025-07-13 15:00:00,CV003321,0.0,0.0,3.16598e-05
49657,2025-07-13 15:00:00,CV003321,0.0,0.0,3.0375984e-05
49658,2025-07-13 15:30:00,CV003321,0.0,0.0,2.9149729e-05
49659,2025-07-13 15:30:00,CV003321,0.0,0.0,2.7978285e-05
49660,2025-07-13 16:00:00,CV003321,0.0,0.0,2.6858988e-05
49661,2025-07-13 16:00:00,CV003321,0.0,0.0,2.5789339e-05
49662,2025-07-13 16:30:00,CV003321,0.0,0.0,2.4767083e-05
49663,2025-07-13 16:30:00,CV003321,0.0,0.0,2.3789858e-05
49664,2025-07-13 17:00:00,CV003321,0.0,0.0,2.2855747e-05
49665,2025-07-13 17:00:00,CV003321,0.0,0.0,2.1962589e-05
49666,2025-07-13 17:30:00,CV003321,0.0,0.0,2.1108439e-05
49667,2025-07-13 17:30:00,CV003321,0.0,0.0,2.0291529e-05
49668,2025-07-13 21:00:00,CV003321,0.0,0.0,1.9510124e-05
49669,2025-07-13 21:00:00,CV003321,0.0,0.0,1.8762566e-05
49670,2025-07-13 21:30:00,CV003321,0.0,0.0,1.8047336e-05
49671,2025-07-13 21:30:00,CV003321,0.0,0.0,1.736273e-05
49672,2025-07-13 22:00:00,CV003321,0.0,0.0,1.6707534e-05
49673,2025-07-13 22:00:00,CV003321,0.0,0.0,1.6080361e-05
49674,2025-07-14 01:00:00,CV003321,0.0,0.0,1.547977e-05
49675,2025-07-14 01:00:00,CV003321,0.0,0.0,1.4904767e-05
49676,2025-07-14 01:30:00,CV003321,0.0,0.0,1.4353928e-05
49677,2025-07-14 01:30:00,CV003321,0.0,0.0,1.3826307e-05
49678,2025-07-14 02:00:00,CV003321,0.0,0.0,1.3320787e-05
49679,2025-07-14 02:00:00,CV003321,0.0,0.0,1.2836393e-05
49680,2025-07-14 02:30:00,CV003321,0.0,0.0,1.2372102e-05
49681,2025-07-14 02:30:00,CV003321,0.0,0.0,1.19270835e-05
49682,2025-07-14 03:00:00,CV003321,0.0,0.0,1.1500398e-05
49683,2025-07-14 03:00:00,CV003321,0.0,0.0,1.1091219e-05
49684,2025-07-14 03:30:00,CV003321,0.0,0.0,1.069879e-05
49685,2025-07-14 03:30:00,CV003321,0.0,0.0,1.0322354e-05
49686,2025-07-14 04:00:00,CV003321,0.0,0.0,9.961223e-06
49687,2025-07-14 04:00:00,CV003321,0.0,0.0,9.614671e-06
49688,2025-07-14 04:30:00,CV003321,0.0,0.0,9.282016e-06
49689,2025-07-14 04:30:00,CV003321,0.0,0.0,8.962734e-06
49690,2025-07-14 05:00:00,CV003321,0.0,0.0,8.6562e-06
49691,2025-07-14 05:00:00,CV003321,0.0,0.0,8.361809e-06
49692,2025-07-14 05:30:00,CV003321,0.0,0.0,8.0791015e-06
49693,2025-07-14 05:30:00,CV003321,0.0,0.0,7.807515e-06
49694,2025-07-14 06:00:00,CV003321,0.0,0.0,7.5465773e-06
49695,2025-07-14 06:00:00,CV003321,0.0,0.0,7.2958146e-06
49696,2025-07-14 06:30:00,CV003321,0.0,0.0,7.05481e-06
49697,2025-07-14 06:30:00,CV003321,0.0,0.0,6.823127e-06
49698,2025-07-14 07:30:00,CV003321,0.0,0.0,6.6003677e-06
49699,2025-07-14 07:30:00,CV003321,0.0,0.0,6.3861476e-06
49700,2025-07-14 08:00:00,CV003321,0.0,0.0,6.1801175e-06
49701,2025-07-14 08:00:00,CV003321,0.0,0.0,5.981898e-06
49702,2025-07-14 08:30:00,CV003321,0.0,0.0,5.791196e-06
49703,2025-07-14 08:30:00,CV003321,0.0,0.0,5.6076105e-06
49704,2025-07-14 09:00:00,CV003321,0.0,0.0,5.4309803e-06
49705,2025-07-14 09:00:00,CV003321,0.0,0.0,5.2609107e-06
49706,2025-07-14 09:30:00,CV003321,0.0,0.0,5.097173e-06
49707,2025-07-14 09:30:00,CV003321,0.0,0.0,4.939436e-06
49708,2025-07-14 10:00:00,CV003321,0.0,0.0,4.7875346e-06
49709,2025-07-14 10:00:00,CV003321,0.0,0.0,4.6411933e-06
49710,2025-07-14 10:30:00,CV003321,0.0,0.0,4.5001675e-06
49711,2025-07-14 10:30:00,CV003321,0.0,0.0,4.364275e-06
49712,2025-07-14 12:00:00,CV003321,0.0,0.0,4.2332777e-06
49713,2025-07-14 12:00:00,CV003321,0.0,0.0,4.106995e-06
49714,2025-07-14 12:30:00,CV003321,0.0,0.0,3.9852066e-06
49715,2025-07-14 12:30:00,CV003321,0.0,0.0,3.8677663e-06
49716,2025-07-14 13:30:00,CV003321,0.0,0.0,3.7544853e-06
49717,2025-07-14 13:30:00,CV003321,0.0,0.0,3.6451754e-06
49718,2025-07-14 14:00:00,CV003321,0.0,0.0,3.5397165e-06
49719,2025-07-14 14:00:00,CV003321,0.0,0.0,3.437938e-06
49720,2025-07-14 14:30:00,CV003321,0.0,0.0,3.3396848e-06
49721,2025-07-14 14:30:00,CV003321,0.0,0.0,3.2448274e-06
49722,2025-07-14 15:00:00,CV003321,0.0,0.0,3.1532445e-06
49723,2025-07-14 15:00:00,CV003321,0.0,0.0,3.0647814e-06
49724,2025-07-14 15:30:00,CV003321,0.0,0.0,2.9793312e-06
49725,2025-07-14 15:30:00,CV003321,0.0,0.0,2.8967831e-06
49726,2025-07-14 16:00:00,CV003321,0.0,0.0,2.8170107e-06
49727,2025-07-14 16:00:00,CV003321,0.0,0.0,2.7399396e-06
49728,2025-07-14 16:30:00,CV003321,0.0,0.0,2.665409e-06
49729,2025-07-14 16:30:00,CV003321,0.0,0.0,2.593371e-06
49730,2025-07-14 17:00:00,CV003321,0.0,0.0,2.523708e-06
49731,2025-07-14 17:00:00,CV003321,0.0,0.0,2.4563499e-06
49732,2025-07-14 17:30:00,CV003321,0.0,0.0,2.391195e-06
49733,2025-07-14 17:30:00,CV003321,0.0,0.0,2.3281484e-06
49734,2025-07-14 19:00:00,CV003321,0.0,0.0,2.2671577e-06
49735,2025-07-14 19:00:00,CV003321,0.0,0.0,2.208139e-06
49736,2025-07-14 19:30:00,CV003321,0.0,0.0,2.15101e-06
49737,2025-07-14 19:30:00,CV003321,0.0,0.0,2.0956984e-06
49738,2025-07-14 20:00:00,CV003321,0.0,0.0,2.0421562e-06
49739,2025-07-14 20:00:00,CV003321,0.0,0.0,1.9903005e-06
49740,2025-07-14 20:30:00,CV003321,0.0,0.0,1.9400873e-06
49741,2025-07-14 20:30:00,CV003321,0.0,0.0,1.8914383e-06
49742,2025-07-14 21:30:00,CV003321,0.0,0.0,1.8442977e-06
49743,2025-07-14 21:30:00,CV003321,0.0,0.0,1.7986289e-06
49744,2025-07-14 22:00:00,CV003321,0.0,0.0,1.7543616e-06
49745,2025-07-14 22:00:00,CV003321,0.0,0.0,1.7114616e-06
49746,2025-07-14 22:30:00,CV003321,0.0,0.0,1.6698652e-06
49747,2025-07-14 22:30:00,CV003321,0.0,0.0,1.6295409e-06
49748,2025-07-14 23:00:00,CV003321,0.0,0.0,1.5904286e-06
49749,2025-07-14 23:00:00,CV003321,0.0,0.0,1.5524947e-06
49750,2025-07-14 23:30:00,CV003321,0.0,0.0,1.5157015e-06
49751,2025-07-14 23:30:00,CV003321,0.0,0.0,1.48e-06
49752,2025-07-15 00:00:00,CV003321,0.0,0.0,1.4453603e-06
49753,2025-07-15 00:00:00,CV003321,0.0,0.0,1.4117413e-06
49754,2025-07-15 00:30:00,CV003321,0.0,0.0,1.3791122e-06
49755,2025-07-15 00:30:00,CV003321,0.0,0.0,1.3474308e-06
49756,2025-07-15 01:00:00,CV003321,0.0,0.0,1.3166659e-06
49757,2025-07-15 01:00:00,CV003321,0.0,0.0,1.2868035e-06
49758,2025-07-15 01:30:00,CV003321,0.0,0.0,1.2577945e-06
49759,2025-07-15 01:30:00,CV003321,0.0,0.0,1.2296153e-06
49760,2025-07-15 02:00:00,CV003321,0.0,0.0,1.2022431e-06
49761,2025-07-15 02:00:00,CV003321,0.0,0.0,1.1756403e-06
49762,2025-07-15 03:00:00,CV003321,0.0,0.0,1.1497896e-06
49763,2025-07-15 03:00:00,CV003321,0.0,0.0,1.1246703e-06
49764,2025-07-15 03:30:00,CV003321,0.0,0.0,1.1002469e-06
49765,2025-07-15 03:30:00,CV003321,0.0,0.0,1.0765056e-06
49766,2025-07-15 04:00:00,CV003321,0.0,0.0,1.0534202e-06
49767,2025-07-15 04:00:00,CV003321,0.0,0.0,1.0309706e-06
49768,2025-07-15 04:30:00,CV003321,0.0,0.0,1.009136e-06
49769,2025-07-15 04:30:00,CV003321,0.0,0.0,9.878967e-07
49770,2025-07-15 05:00:00,CV003321,0.0,0.0,9.67228e-07
49771,2025-07-15 05:00:00,CV003321,0.0,0.0,9.4712357e-07
49772,2025-07-15 05:30:00,CV003321,0.0,0.0,9.2755545e-07
49773,2025-07-15 05:30:00,CV003321,0.0,0.0,9.0851745e-07
49774,2025-07-15 06:00:00,CV003321,0.0,0.0,8.8997183e-07
49775,2025-07-15 06:00:00,CV003321,0.0,0.0,8.719288e-07
49776,2025-07-15 06:30:00,CV003321,0.0,0.0,8.543576e-07
49777,2025-07-15 06:30:00,CV003321,0.0,0.0,8.372472e-07
49778,2025-07-15 07:00:00,CV003321,0.0,0.0,8.205799e-07
49779,2025-07-15 07:00:00,CV003321,0.0,0.0,8.0434626e-07
49780,2025-07-15 07:30:00,CV003321,0.0,0.0,7.8853316e-07
49781,2025-07-15 07:30:00,CV003321,0.0,0.0,7.7312376e-07
49782,2025-07-15 08:00:00,CV003321,0.0,0.0,7.5811374e-07
49783,2025-07-15 08:00:00,CV003321,0.0,0.0,7.434817e-07
49784,2025-07-15 08:30:00,CV003321,0.0,0.0,7.292211e-07
49785,2025-07-15 08:30:00,CV003321,0.0,0.0,7.153212e-07
49786,2025-07-15 09:00:00,CV003321,0.0,0.0,7.017695e-07
49787,2025-07-15 09:00:00,CV003321,0.0,0.0,6.885525e-07
49788,2025-07-15 09:30:00,CV003321,0.0,0.0,6.7566435e-07
49789,2025-07-15 09:30:00,CV003321,0.0,0.0,6.6309894e-07
49790,2025-07-15 10:00:00,CV003321,0.0,0.0,6.508368e-07
49791,2025-07-15 10:00:00,CV003321,0.0,0.0,6.388782e-07
49792,2025-07-15 10:30:00,CV003321,0.0,0.0,6.272099e-07
49793,2025-07-15 10:30:00,CV003321,0.0,0.0,6.1582637e-07
49794,2025-07-15 11:00:00,CV003321,0.0,0.0,6.0471507e-07
49795,2025-07-15 11:00:00,CV003321,0.0,0.0,5.9387116e-07
49796,2025-07-15 12:30:00,CV003321,0.0,0.0,5.8328845e-07
49797,2025-07-15 12:30:00,CV003321,0.0,0.0,5.729561e-07
49798,2025-07-15 13:00:00,CV003321,0.0,0.0,5.628668e-07
49799,2025-07-15 13:00:00,CV003321,0.0,0.0,5.53019e-07
49800,2025-07-15 13:30:00,CV003321,0.0,0.0,5.4339847e-07
49801,2025-07-15 13:30:00,CV003321,0.0,0.0,5.340028e-07
49802,2025-07-15 14:00:00,CV003321,0.0,0.0,5.248267e-07
49803,2025-07-15 14:00:00,CV003321,0.0,0.0,5.158673e-07
49804,2025-07-15 14:30:00,CV003321,0.0,0.0,5.07116e-07
49805,2025-07-15 14:30:00,CV003321,0.0,0.0,4.985668e-07
49806,2025-07-15 15:00:00,CV003321,0.0,0.0,4.902193e-07
49807,2025-07-15 15:00:00,CV003321,0.0,0.0,4.820602e-07
49808,2025-07-15 15:30:00,CV003321,0.0,0.0,4.740867e-07
49809,2025-07-15 15:30:00,CV003321,0.0,0.0,4.6629842e-07
49810,2025-07-15 17:30:00,CV003321,0.0,0.0,4.5868407e-07
49811,2025-07-15 17:30:00,CV003321,0.0,0.0,4.512422e-07
49812,2025-07-15 18:30:00,CV003321,0.0,0.0,4.4396936e-07
49813,2025-07-15 18:30:00,CV003321,0.0,0.0,4.3685787e-07
49814,2025-07-15 19:00:00,CV003321,0.0,0.0,4.2990297e-07
49815,2025-07-15 19:00:00,CV003321,0.0,0.0,4.2310072e-07
49816,2025-07-15 19:30:00,CV003321,0.0,0.0,4.164514e-07
49817,2025-07-15 19:30:00,CV003321,0.0,0.0,4.099468e-07
49818,2025-07-15 22:00:00,CV003321,0.0,0.0,4.035827e-07
49819,2025-07-15 22:00:00,CV003321,0.0,0.0,3.9735642e-07
49820,2025-07-15 23:30:00,CV003321,0.0,0.0,3.9126763e-07
49821,2025-07-15 23:30:00,CV003321,0.0,0.0,3.853074e-07
49822,2025-07-16 00:30:00,CV003321,0.0,0.0,3.794738e-07
49823,2025-07-16 00:30:00,CV003321,0.0,0.0,3.7376628e-07
49824,2025-07-16 01:00:00,CV003321,0.0,0.0,3.6817798e-07
49825,2025-07-16 01:00:00,CV003321,0.0,0.0,3.6270782e-07
49826,2025-07-16 01:30:00,CV003321,0.0,0.0,3.57353e-07
49827,2025-07-16 01:30:00,CV003321,0.0,0.0,3.5210982e-07
49828,2025-07-16 03:00:00,CV003321,0.0,0.0,3.4697666e-07
49829,2025-07-16 03:00:00,CV003321,0.0,0.0,3.4194736e-07
49830,2025-07-16 03:30:00,CV003321,0.0,0.0,3.370237e-07
49831,2025-07-16 03:30:00,CV003321,0.0,0.0,3.3219882e-07
49832,2025-07-16 04:00:00,CV003321,0.0,0.0,3.2747366e-07
49833,2025-07-16 04:00:00,CV003321,0.0,0.0,3.228452e-07
49834,2025-07-16 04:30:00,CV003321,0.0,0.0,3.1830834e-07
49835,2025-07-16 04:30:00,CV003321,0.0,0.0,3.1386216e-07
49836,2025-07-16 05:00:00,CV003321,0.0,0.0,3.0950696e-07
49837,2025-07-16 05:00:00,CV003321,0.0,0.0,3.0523756e-07
49838,2025-07-16 07:30:00,CV003321,0.0,0.0,3.0105286e-07
49839,2025-07-16 07:30:00,CV003321,0.0,0.0,2.9695076e-07
49840,2025-07-16 08:00:00,CV003321,0.0,0.0,2.9292914e-07
49841,2025-07-16 08:00:00,CV003321,0.0,0.0,2.8898762e-07
49842,2025-07-16 08:30:00,CV003321,0.0,0.0,2.8512085e-07
49843,2025-07-16 08:30:00,CV003321,0.0,0.0,2.8132973e-07
49844,2025-07-16 09:00:00,CV003321,0.0,0.0,2.7761072e-07
49845,2025-07-16 09:00:00,CV003321,0.0,0.0,2.7396464e-07
49846,2025-07-16 09:30:00,CV003321,0.0,0.0,2.7038757e-07
49847,2025-07-16 09:30:00,CV003321,0.0,0.0,2.6687837e-07
49848,2025-07-16 11:00:00,CV003321,0.0,0.0,2.6343656e-07
49849,2025-07-16 11:00:00,CV003321,0.0,0.0,2.6005824e-07
49850,2025-07-16 12:00:00,CV003321,0.0,0.0,2.567438e-07
49851,2025-07-16 12:00:00,CV003321,0.0,0.0,2.534914e-07
49852,2025-07-16 16:00:00,CV003321,0.0,0.0,2.502998e-07
49853,2025-07-16 16:00:00,CV003321,0.0,0.0,2.471672e-07
49854,2025-07-16 18:00:00,CV003321,0.0,0.0,2.4409275e-07
49855,2025-07-16 18:00:00,CV003321,0.0,0.0,2.4107348e-07
49856,2025-07-16 18:30:00,CV003321,0.0,0.0,2.3810998e-07
49857,2025-07-16 18:30:00,CV003321,0.0,0.0,2.3520083e-07
49858,2025-07-16 19:00:00,CV003321,0.0,0.0,2.3234341e-07
49859,2025-07-16 19:00:00,CV003321,0.0,0.0,2.2953846e-07
49860,2025-07-16 19:30:00,CV003321,0.0,0.0,2.2678375e-07
49861,2025-07-16 19:30:00,CV003321,0.0,0.0,2.2407754e-07
49862,2025-07-16 20:00:00,CV003321,0.0,0.0,2.2142007e-07
49863,2025-07-16 20:00:00,CV003321,0.0,0.0,2.1880999e-07
49864,2025-07-16 20:30:00,CV003321,0.0,0.0,2.1624489e-07
49865,2025-07-16 20:30:00,CV003321,0.0,0.0,2.1372617e-07
49866,2025-07-16 21:30:00,CV003321,0.0,0.0,2.1125109e-07
49867,2025-07-16 21:30:00,CV003321,0.0,0.0,2.0881782e-07
49868,2025-07-16 22:30:00,CV003321,0.0,0.0,2.0642834e-07
49869,2025-07-16 22:30:00,CV003321,0.0,0.0,2.0407903e-07
49870,2025-07-16 23:00:00,CV003321,0.0,0.0,2.0177109e-07
49871,2025-07-16 23:00:00,CV003321,0.0,0.0,1.995018e-07
49872,2025-07-17 00:00:00,CV003321,0.0,0.0,1.9727158e-07
49873,2025-07-17 00:00:00,CV003321,0.0,0.0,1.9507893e-07
49874,2025-07-17 01:00:00,CV003321,0.0,0.0,1.9292392e-07
49875,2025-07-17 01:00:00,CV003321,0.0,0.0,1.9080433e-07
49876,2025-07-17 01:30:00,CV003321,0.0,0.0,1.8872102e-07
49877,2025-07-17 01:30:00,CV003321,0.0,0.0,1.8667288e-07
49878,2025-07-17 03:30:00,CV003321,0.0,0.0,1.8465826e-07
49879,2025-07-17 03:30:00,CV003321,0.0,0.0,1.8267654e-07
49880,2025-07-17 04:00:00,CV003321,0.0,0.0,1.8072815e-07
49881,2025-07-17 04:00:00,CV003321,0.0,0.0,1.7881077e-07
49882,2025-07-17 05:00:00,CV003321,0.0,0.0,1.7692587e-07
49883,2025-07-17 05:00:00,CV003321,0.0,0.0,1.7507153e-07
49884,2025-07-17 05:30:00,CV003321,0.0,0.0,1.7324686e-07
49885,2025-07-17 05:30:00,CV003321,0.0,0.0,1.7145103e-07
49886,2025-07-17 06:00:00,CV003321,0.0,0.0,1.6968546e-07
49887,2025-07-17 06:00:00,CV003321,0.0,0.0,1.6794736e-07
49888,2025-07-17 06:30:00,CV003321,0.0,0.0,1.6623721e-07
49889,2025-07-17 06:30:00,CV003321,0.0,0.0,1.6455454e-07
49890,2025-07-17 07:00:00,CV003321,0.0,0.0,1.6289727e-07
49891,2025-07-17 07:00:00,CV003321,0.0,0.0,1.6126745e-07
49892,2025-07-17 07:30:00,CV003321,0.0,0.0,1.5966278e-07
49893,2025-07-17 07:30:00,CV003321,0.0,0.0,1.5808342e-07
49894,2025-07-17 08:00:00,CV003321,0.0,0.0,1.5652863e-07
49895,2025-07-17 08:00:00,CV003321,0.0,0.0,1.5499742e-07
49896,2025-07-17 08:30:00,CV003321,0.0,0.0,1.5348968e-07
49897,2025-07-17 08:30:00,CV003321,0.0,0.0,1.5200617e-07
49898,2025-07-17 09:00:00,CV003321,0.0,0.0,1.5054503e-07
49899,2025-07-17 09:00:00,CV003321,0.0,0.0,1.491062e-07
49900,2025-07-17 09:30:00,CV003321,0.0,0.0,1.4768901e-07
49901,2025-07-17 09:30:00,CV003321,0.0,0.0,1.4629309e-07
49902,2025-07-17 10:00:00,CV003321,0.0,0.0,1.4491836e-07
49903,2025-07-17 10:00:00,CV003321,0.0,0.0,1.4356425e-07
49904,2025-07-17 10:30:00,CV003321,0.0,0.0,1.4223119e-07
49905,2025-07-17 10:30:00,CV003321,0.0,0.0,1.4091695e-07
49906,2025-07-17 11:00:00,CV003321,0.0,0.0,1.3962259e-07
49907,2025-07-17 11:00:00,CV003321,0.0,0.0,1.3834803e-07
49908,2025-07-17 11:30:00,CV003321,0.0,0.0,1.3709086e-07
49909,2025-07-17 11:30:00,CV003321,0.0,0.0,1.358534e-07
49910,2025-07-17 12:00:00,CV003321,0.0,0.0,1.3463378e-07
49911,2025-07-17 12:00:00,CV003321,0.0,0.0,1.3343123e-07
49912,2025-07-17 12:30:00,CV003321,0.0,0.0,1.3224724e-07
49913,2025-07-17 12:30:00,CV003321,0.0,0.0,1.3107976e-07
49914,2025-07-17 13:00:00,CV003321,0.0,0.0,1.2992876e-07
49915,2025-07-17 13:00:00,CV003321,0.0,0.0,1.2879453e-07
49916,2025-07-17 13:30:00,CV003321,0.0,0.0,1.2767626e-07
49917,2025-07-17 13:30:00,CV003321,0.0,0.0,1.2657424e-07
49918,2025-07-17 14:00:00,CV003321,0.0,0.0,1.254877e-07
49919,2025-07-17 14:00:00,CV003321,0.0,0.0,1.2441596e-07
49920,2025-07-17 14:30:00,CV003321,0.0,0.0,1.2335947e-07
49921,2025-07-17 14:30:00,CV003321,0.0,0.0,1.223178e-07
49922,2025-07-17 15:00:00,CV003321,0.0,0.0,1.212907e-07
49923,2025-07-17 15:00:00,CV003321,0.0,0.0,1.2027775e-07
49924,2025-07-17 15:30:00,CV003321,0.0,0.0,1.1927892e-07
49925,2025-07-17 15:30:00,CV003321,0.0,0.0,1.1829382e-07
49926,2025-07-17 16:00:00,CV003321,0.0,0.0,1.1732245e-07
49927,2025-07-17 16:00:00,CV003321,0.0,0.0,1.163637e-07
49928,2025-07-17 16:30:00,CV003321,0.0,0.0,1.1541875e-07
49929,2025-07-17 16:30:00,CV003321,0.0,0.0,1.14486475e-07
49930,2025-07-17 17:00:00,CV003321,0.0,0.0,1.1356673e-07
49931,2025-07-17 17:00:00,CV003321,0.0,0.0,1.126593e-07
49932,2025-07-17 17:30:00,CV003321,0.0,0.0,1.11764464e-07
49933,2025-07-17 17:30:00,CV003321,0.0,0.0,1.1088074e-07
49934,2025-07-17 18:00:00,CV003321,0.0,0.0,1.10009886e-07
49935,2025-07-17 18:00:00,CV003321,0.0,0.0,1.0914962e-07
49936,2025-07-17 18:30:00,CV003321,0.0,0.0,1.08301656e-07
49937,2025-07-17 18:30:00,CV003321,0.0,0.0,1.0746459e-07
49938,2025-07-17 19:00:00,CV003321,0.0,0.0,1.06638055e-07
49939,2025-07-17 19:00:00,CV003321,0.0,0.0,1.0582272e-07
49940,2025-07-17 19:30:00,CV003321,0.0,0.0,1.0501843e-07
49941,2025-07-17 19:30:00,CV003321,0.0,0.0,1.0422403e-07
49942,2025-07-17 20:00:00,CV003321,0.0,0.0,1.0343998e-07
49943,2025-07-17 20:00:00,CV003321,0.0,0.0,1.0266613e-07
49944,2025-07-17 20:30:00,CV003321,0.0,0.0,1.0190293e-07
49945,2025-07-17 20:30:00,CV003321,0.0,0.0,1.01148686e-07
49946,2025-07-17 21:00:00,CV003321,0.0,0.0,1.0040463e-07
49947,2025-07-17 21:00:00,CV003321,0.0,0.0,9.966945e-08
49948,2025-07-17 21:30:00,CV003321,0.0,0.0,9.894438e-08
49949,2025-07-17 21:30:00,CV003321,0.0,0.0,9.8227964e-08
49950,2025-07-17 22:00:00,CV003321,0.0,0.0,9.752082e-08
49951,2025-07-17 22:00:00,CV003321,0.0,0.0,9.682246e-08
49952,2025-07-17 22:30:00,CV003321,0.0,0.0,9.6133135e-08
49953,2025-07-17 22:30:00,CV003321,0.0,0.0,9.545255e-08
49954,2025-07-17 23:00:00,CV003321,0.0,0.0,9.478001e-08
49955,2025-07-17 23:00:00,CV003321,0.0,0.0,9.411547e-08
49956,2025-07-17 23:30:00,CV003321,0.0,0.0,9.3460386e-08
49957,2025-07-17 23:30:00,CV003321,0.0,0.0,9.281217e-08
49958,2025-07-18 00:00:00,CV003321,0.0,0.0,9.217285e-08
49959,2025-07-18 00:00:00,CV003321,0.0,0.0,9.154089e-08
49960,2025-07-18 00:30:00,CV003321,0.0,0.0,9.0917084e-08
49961,2025-07-18 00:30:00,CV003321,0.0,0.0,9.0300446e-08
49962,2025-07-18 01:00:00,CV003321,0.0,0.0,8.969143e-08
49963,2025-07-18 01:00:00,CV003321,0.0,0.0,8.908991e-08
49964,2025-07-18 01:30:00,CV003321,0.0,0.0,8.849547e-08
49965,2025-07-18 01:30:00,CV003321,0.0,0.0,8.790851e-08
49966,2025-07-18 02:00:00,CV003321,0.0,0.0,8.7328104e-08
49967,2025-07-18 02:00:00,CV003321,0.0,0.0,8.675517e-08
49968,2025-07-18 02:30:00,CV003321,0.0,0.0,8.618897e-08
49969,2025-07-18 02:30:00,CV003321,0.0,0.0,8.5628905e-08
49970,2025-07-18 03:00:00,CV003321,0.0,0.0,8.507604e-08
49971,2025-07-18 03:00:00,CV003321,0.0,0.0,8.452949e-08
49972,2025-07-18 03:30:00,CV003321,0.0,0.0,8.398967e-08
49973,2025-07-18 03:30:00,CV003321,0.0,0.0,8.345615e-08
49974,2025-07-18 04:00:00,CV003321,0.0,0.0,8.292903e-08
49975,2025-07-18 04:00:00,CV003321,0.0,0.0,8.2407745e-08
49976,2025-07-18 04:30:00,CV003321,0.0,0.0,8.189271e-08
49977,2025-07-18 04:30:00,CV003321,0.0,0.0,8.1383845e-08
49978,2025-07-18 05:00:00,CV003321,0.0,0.0,8.0880454e-08
49979,2025-07-18 05:00:00,CV003321,0.0,0.0,8.038355e-08
49980,2025-07-18 05:30:00,CV003321,0.0,0.0,7.989198e-08
49981,2025-07-18 05:30:00,CV003321,0.0,0.0,7.940614e-08
49982,2025-07-18 06:00:00,CV003321,0.0,0.0,7.892568e-08
49983,2025-07-18 06:00:00,CV003321,0.0,0.0,7.845111e-08
49984,2025-07-18 06:30:00,CV003321,0.0,0.0,7.798192e-08
49985,2025-07-18 06:30:00,CV003321,0.0,0.0,7.751805e-08
49986,2025-07-18 07:00:00,CV003321,0.0,0.0,7.705929e-08
49987,2025-07-18 07:00:00,CV003321,0.0,0.0,7.660543e-08
49988,2025-07-18 07:30:00,CV003321,0.0,0.0,7.6157164e-08
49989,2025-07-18 07:30:00,CV003321,0.0,0.0,7.571368e-08
49990,2025-07-18 08:00:00,CV003321,0.0,0.0,7.52755e-08
49991,2025-07-18 08:00:00,CV003321,0.0,0.0,7.4842156e-08
49992,2025-07-18 08:30:00,CV003321,0.0,0.0,7.4413556e-08
49993,2025-07-18 08:30:00,CV003321,0.0,0.0,7.398955e-08
49994,2025-07-18 09:00:00,CV003321,0.0,0.0,7.357061e-08
49995,2025-07-18 09:00:00,CV003321,0.0,0.0,7.3156144e-08
49996,2025-07-18 09:30:00,CV003321,0.0,0.0,7.274636e-08
49997,2025-07-18 09:30:00,CV003321,0.0,0.0,7.2341365e-08
49998,2025-07-18 10:00:00,CV003321,0.0,0.0,7.193999e-08
49999,2025-07-18 10:00:00,CV003321,0.0,0.0,7.154344e-08
50000,2025-07-18 10:30:00,CV003321,0.0,0.0,7.115152e-08
50001,2025-07-18 10:30:00,CV003321,0.0,0.0,7.0764045e-08
50002,2025-07-18 11:00:00,CV003321,0.0,0.0,7.038028e-08
50003,2025-07-18 11:00:00,CV003321,0.0,0.0,7.000114e-08
50004,2025-07-18 11:30:00,CV003321,0.0,0.0,6.9626026e-08
50005,2025-07-18 11:30:00,CV003321,0.0,0.0,6.925478e-08
50006,2025-07-18 12:00:00,CV003321,0.0,0.0,6.8887616e-08
50007,2025-07-18 12:00:00,CV003321,0.0,0.0,6.852423e-08
50008,2025-07-18 12:30:00,CV003321,0.0,0.0,6.8165356e-08
50009,2025-07-18 12:30:00,CV003321,0.0,0.0,6.780966e-08
50010,2025-07-18 13:00:00,CV003321,0.0,0.0,6.745838e-08
50011,2025-07-18 13:00:00,CV003321,0.0,0.0,6.711047e-08
50012,2025-07-18 13:30:00,CV003321,0.0,0.0,6.6766134e-08
50013,2025-07-18 13:30:00,CV003321,0.0,0.0,6.642596e-08
50014,2025-07-18 14:00:00,CV003321,0.0,0.0,6.608918e-08
50015,2025-07-18 14:00:00,CV003321,0.0,0.0,6.575584e-08
50016,2025-07-18 14:30:00,CV003321,0.0,0.0,6.5426065e-08
50017,2025-07-18 14:30:00,CV003321,0.0,0.0,6.509981e-08
50018,2025-07-18 15:00:00,CV003321,0.0,0.0,6.477716e-08
50019,2025-07-18 15:00:00,CV003321,0.0,0.0,6.445757e-08
50020,2025-07-18 15:30:00,CV003321,0.0,0.0,6.41414e-08
50021,2025-07-18 15:30:00,CV003321,0.0,0.0,6.3828615e-08
50022,2025-07-18 16:00:00,CV003321,0.0,0.0,6.3519046e-08
50023,2025-07-18 16:00:00,CV003321,0.0,0.0,6.32129e-08
50024,2025-07-18 16:30:00,CV003321,0.0,0.0,6.2909436e-08
50025,2025-07-18 16:30:00,CV003321,0.0,0.0,6.260946e-08
50026,2025-07-18 17:00:00,CV003321,0.0,0.0,6.2312814e-08
50027,2025-07-18 17:00:00,CV003321,0.0,0.0,6.201887e-08
50028,2025-07-18 17:30:00,CV003321,0.0,0.0,6.172808e-08
50029,2025-07-18 17:30:00,CV003321,0.0,0.0,6.14403e-08
50030,2025-07-18 18:00:00,CV003321,0.0,0.0,6.115561e-08
50031,2025-07-18 18:00:00,CV003321,0.0,0.0,6.087329e-08
50032,2025-07-18 18:30:00,CV003321,0.0,0.0,6.0594225e-08
50033,2025-07-18 18:30:00,CV003321,0.0,0.0,6.031817e-08
50034,2025-07-18 19:00:00,CV003321,0.0,0.0,6.004452e-08
50035,2025-07-18 19:00:00,CV003321,0.0,0.0,5.977394e-08
50036,2025-07-18 19:30:00,CV003321,0.0,0.0,5.9506156e-08
50037,2025-07-18 19:30:00,CV003321,0.0,0.0,5.9240936e-08
50038,2025-07-18 20:00:00,CV003321,0.0,0.0,5.8978358e-08
50039,2025-07-18 20:00:00,CV003321,0.0,0.0,5.8718403e-08
50040,2025-07-18 20:30:00,CV003321,0.0,0.0,5.846115e-08
50041,2025-07-18 20:30:00,CV003321,0.0,0.0,5.820658e-08
50042,2025-07-18 21:00:00,CV003321,0.0,0.0,5.7954338e-08
50043,2025-07-18 21:00:00,CV003321,0.0,0.0,5.7704728e-08
50044,2025-07-18 21:30:00,CV003321,0.0,0.0,5.7457285e-08
50045,2025-07-18 21:30:00,CV003321,0.0,0.0,5.7212873e-08
50046,2025-07-18 22:00:00,CV003321,0.0,0.0,5.6970585e-08
50047,2025-07-18 22:00:00,CV003321,0.0,0.0,5.673062e-08
50048,2025-07-18 22:30:00,CV003321,0.0,0.0,5.6493068e-08
50049,2025-07-18 22:30:00,CV003321,0.0,0.0,5.625801e-08
50050,2025-07-18 23:00:00,CV003321,0.0,0.0,5.6025e-08
50051,2025-07-18 23:00:00,CV003321,0.0,0.0,5.5794768e-08
50052,2025-07-18 23:30:00,CV003321,0.0,0.0,5.5566325e-08
50053,2025-07-18 23:30:00,CV003321,0.0,0.0,5.5340298e-08
50054,2025-07-19 00:00:00,CV003321,0.0,0.0,5.511656e-08
50055,2025-07-19 00:00:00,CV003321,0.0,0.0,5.489487e-08
50056,2025-07-19 00:30:00,CV003321,0.0,0.0,5.467512e-08
50057,2025-07-19 00:30:00,CV003321,0.0,0.0,5.445812e-08
50058,2025-07-19 01:00:00,CV003321,0.0,0.0,5.4242804e-08
50059,2025-07-19 01:00:00,CV003321,0.0,0.0,5.4029584e-08
50060,2025-07-19 01:30:00,CV003321,0.0,0.0,5.381863e-08
50061,2025-07-19 01:30:00,CV003321,0.0,0.0,5.3609327e-08
50062,2025-07-19 02:00:00,CV003321,0.0,0.0,5.3402463e-08
50063,2025-07-19 02:00:00,CV003321,0.0,0.0,5.319741e-08
50064,2025-07-19 02:30:00,CV003321,0.0,0.0,5.2994462e-08
50065,2025-07-19 02:30:00,CV003321,0.0,0.0,5.2793393e-08
50066,2025-07-19 03:00:00,CV003321,0.0,0.0,5.259429e-08
50067,2025-07-19 03:00:00,CV003321,0.0,0.0,5.2396842e-08
50068,2025-07-19 03:30:00,CV003321,0.0,0.0,5.220133e-08
50069,2025-07-19 03:30:00,CV003321,0.0,0.0,5.200803e-08
50070,2025-07-19 04:00:00,CV003321,0.0,0.0,5.1816336e-08
50071,2025-07-19 04:00:00,CV003321,0.0,0.0,5.1626337e-08
50072,2025-07-19 04:30:00,CV003321,0.0,0.0,5.14385e-08
50073,2025-07-19 04:30:00,CV003321,0.0,0.0,5.1252233e-08
50074,2025-07-19 05:00:00,CV003321,0.0,0.0,5.1067712e-08
50075,2025-07-19 05:00:00,CV003321,0.0,0.0,5.0885017e-08
50076,2025-07-19 05:30:00,CV003321,0.0,0.0,5.070394e-08
50077,2025-07-19 05:30:00,CV003321,0.0,0.0,5.052486e-08
50078,2025-07-19 06:00:00,CV003321,0.0,0.0,5.0347182e-08
50079,2025-07-19 06:00:00,CV003321,0.0,0.0,5.0171277e-08
50080,2025-07-19 06:30:00,CV003321,0.0,0.0,4.9997034e-08
50081,2025-07-19 06:30:00,CV003321,0.0,0.0,4.9824347e-08
50082,2025-07-19 07:00:00,CV003321,0.0,0.0,4.965339e-08
50083,2025-07-19 07:00:00,CV003321,0.0,0.0,4.948378e-08
50084,2025-07-19 07:30:00,CV003321,0.0,0.0,4.9316252e-08
50085,2025-07-19 07:30:00,CV003321,0.0,0.0,4.9149946e-08
50086,2025-07-19 08:00:00,CV003321,0.0,0.0,4.8985324e-08
50087,2025-07-19 08:00:00,CV003321,0.0,0.0,4.8822272e-08
50088,2025-07-19 08:30:00,CV003321,0.0,0.0,4.866042e-08
50089,2025-07-19 08:30:00,CV003321,0.0,0.0,4.8500397e-08
50090,2025-07-19 09:00:00,CV003321,0.0,0.0,4.8341914e-08
50091,2025-07-19 09:00:00,CV003321,0.0,0.0,4.8184592e-08
50092,2025-07-19 09:30:00,CV003321,0.0,0.0,4.802888e-08
50093,2025-07-19 09:30:00,CV003321,0.0,0.0,4.7874863e-08
50094,2025-07-19 10:00:00,CV003321,0.0,0.0,4.7721883e-08
50095,2025-07-19 10:00:00,CV003321,0.0,0.0,4.7570477e-08
50096,2025-07-19 10:30:00,CV003321,0.0,0.0,4.742064e-08
50097,2025-07-19 10:30:00,CV003321,0.0,0.0,4.727173e-08
50098,2025-07-19 11:00:00,CV003321,0.0,0.0,4.712481e-08
50099,2025-07-19 11:00:00,CV003321,0.0,0.0,4.6978798e-08
50100,2025-07-19 11:30:00,CV003321,0.0,0.0,4.6834398e-08
50101,2025-07-19 11:30:00,CV003321,0.0,0.0,4.6691063e-08
50102,2025-07-19 12:00:00,CV003321,0.0,0.0,4.6549147e-08
50103,2025-07-19 12:00:00,CV003321,0.0,0.0,4.6408726e-08
50104,2025-07-19 12:30:00,CV003321,0.0,0.0,4.6269253e-08
50105,2025-07-19 12:30:00,CV003321,0.0,0.0,4.6131166e-08
50106,2025-07-19 13:00:00,CV003321,0.0,0.0,4.5994636e-08
50107,2025-07-19 13:00:00,CV003321,0.0,0.0,4.585921e-08
50108,2025-07-19 13:30:00,CV003321,0.0,0.0,4.5724878e-08
50109,2025-07-19 13:30:00,CV003321,0.0,0.0,4.559181e-08
50110,2025-07-19 14:00:00,CV003321,0.0,0.0,4.5460084e-08
50111,2025-07-19 14:00:00,CV003321,0.0,0.0,4.532943e-08
50112,2025-07-19 14:30:00,CV003321,0.0,0.0,4.520027e-08
50113,2025-07-19 14:30:00,CV003321,0.0,0.0,4.5071996e-08
50114,2025-07-19 15:00:00,CV003321,0.0,0.0,4.494486e-08
50115,2025-07-19 15:00:00,CV003321,0.0,0.0,4.4819103e-08
50116,2025-07-19 15:30:00,CV003321,0.0,0.0,4.46943e-08
50117,2025-07-19 15:30:00,CV003321,0.0,0.0,4.4570857e-08
50118,2025-07-19 16:00:00,CV003321,0.0,0.0,4.444827e-08
50119,2025-07-19 16:00:00,CV003321,0.0,0.0,4.432695e-08
50120,2025-07-19 16:30:00,CV003321,0.0,0.0,4.420663e-08
50121,2025-07-19 16:30:00,CV003321,0.0,0.0,4.4087567e-08
50122,2025-07-19 17:00:00,CV003321,0.0,0.0,4.396941e-08
50123,2025-07-19 17:00:00,CV003321,0.0,0.0,4.3852495e-08
50124,2025-07-19 17:30:00,CV003321,0.0,0.0,4.3736637e-08
50125,2025-07-19 17:30:00,CV003321,0.0,0.0,4.3621913e-08
50126,2025-07-19 18:00:00,CV003321,0.0,0.0,4.3507825e-08
50127,2025-07-19 18:00:00,CV003321,0.0,0.0,4.3395115e-08
50128,2025-07-19 18:30:00,CV003321,0.0,0.0,4.3283602e-08
50129,2025-07-19 18:30:00,CV003321,0.0,0.0,4.3172623e-08
50130,2025-07-19 19:00:00,CV003321,0.0,0.0,4.306283e-08
50131,2025-07-19 19:00:00,CV003321,0.0,0.0,4.295414e-08
50132,2025-07-19 19:30:00,CV003321,0.0,0.0,4.284654e-08
50133,2025-07-19 19:30:00,CV003321,0.0,0.0,4.2739618e-08
50134,2025-07-19 20:00:00,CV003321,0.0,0.0,4.2633854e-08
50135,2025-07-19 20:00:00,CV003321,0.0,0.0,4.2528757e-08
50136,2025-07-19 20:30:00,CV003321,0.0,0.0,4.2424727e-08
50137,2025-07-19 20:30:00,CV003321,0.0,0.0,4.232168e-08
50138,2025-07-19 21:00:00,CV003321,0.0,0.0,4.221945e-08
50139,2025-07-19 21:00:00,CV003321,0.0,0.0,4.2118188e-08
50140,2025-07-19 21:30:00,CV003321,0.0,0.0,4.201797e-08
50141,2025-07-19 21:30:00,CV003321,0.0,0.0,4.191839e-08
50142,2025-07-19 22:00:00,CV003321,0.0,0.0,4.1819685e-08
50143,2025-07-19 22:00:00,CV003321,0.0,0.0,4.1722085e-08
50144,2025-07-19 22:30:00,CV003321,0.0,0.0,4.1625192e-08
50145,2025-07-19 22:30:00,CV003321,0.0,0.0,4.1529155e-08
50146,2025-07-19 23:00:00,CV003321,0.0,0.0,4.1433974e-08
50147,2025-07-19 23:00:00,CV003321,0.0,0.0,4.1339487e-08
50148,2025-07-19 23:30:00,CV003321,0.0,0.0,4.124608e-08
50149,2025-07-19 23:30:00,CV003321,0.0,0.0,4.115351e-08
50150,2025-07-20 00:00:00,CV003321,0.0,0.0,4.1061696e-08
50151,2025-07-20 00:00:00,CV003321,0.0,0.0,4.0970555e-08
50152,2025-07-20 00:30:00,CV003321,0.0,0.0,4.0880238e-08
50153,2025-07-20 00:30:00,CV003321,0.0,0.0,4.0790905e-08
50154,2025-07-20 01:00:00,CV003321,0.0,0.0,4.0702304e-08
50155,2025-07-20 01:00:00,CV003321,0.0,0.0,4.0614363e-08
50156,2025-07-20 01:30:00,CV003321,0.0,0.0,4.0527308e-08
50157,2025-07-20 01:30:00,CV003321,0.0,0.0,4.0441055e-08
50158,2025-07-20 02:00:00,CV003321,0.0,0.0,4.0355374e-08
50159,2025-07-20 02:00:00,CV003321,0.0,0.0,4.0270717e-08
50160,2025-07-20 02:30:00,CV003321,0.0,0.0,4.018662e-08
50161,2025-07-20 02:30:00,CV003321,0.0,0.0,4.0103313e-08
50162,2025-07-20 03:00:00,CV003321,0.0,0.0,4.002094e-08
50163,2025-07-20 03:00:00,CV003321,0.0,0.0,3.9939117e-08
50164,2025-07-20 03:30:00,CV003321,0.0,0.0,3.985769e-08
50165,2025-07-20 03:30:00,CV003321,0.0,0.0,3.977741e-08
50166,2025-07-20 04:00:00,CV003321,0.0,0.0,3.9697905e-08
50167,2025-07-20 04:00:00,CV003321,0.0,0.0,3.9618936e-08
50168,2025-07-20 04:30:00,CV003321,0.0,0.0,3.9540648e-08
50169,2025-07-20 04:30:00,CV003321,0.0,0.0,3.94632e-08
50170,2025-07-20 05:00:00,CV003321,0.0,0.0,3.938612e-08
50171,2025-07-20 05:00:00,CV003321,0.0,0.0,3.931017e-08
50172,2025-07-20 05:30:00,CV003321,0.0,0.0,3.9234664e-08
50173,2025-07-20 05:30:00,CV003321,0.0,0.0,3.9159826e-08
50174,2025-07-20 06:00:00,CV003321,0.0,0.0,3.9085577e-08
50175,2025-07-20 06:00:00,CV003321,0.0,0.0,3.9012217e-08
50176,2025-07-20 06:30:00,CV003321,0.0,0.0,3.8939362e-08
50177,2025-07-20 06:30:00,CV003321,0.0,0.0,3.886709e-08
50178,2025-07-20 07:00:00,CV003321,0.0,0.0,3.8795616e-08
50179,2025-07-20 07:00:00,CV003321,0.0,0.0,3.8724718e-08
50180,2025-07-20 07:30:00,CV003321,0.0,0.0,3.865439e-08
50181,2025-07-20 07:30:00,CV003321,0.0,0.0,3.8584783e-08
50182,2025-07-20 08:00:00,CV003321,0.0,0.0,3.8515743e-08
50183,2025-07-20 08:00:00,CV003321,0.0,0.0,3.8447553e-08
50184,2025-07-20 08:30:00,CV003321,0.0,0.0,3.8379778e-08
50185,2025-07-20 08:30:00,CV003321,0.0,0.0,3.8312564e-08
50186,2025-07-20 09:00:00,CV003321,0.0,0.0,3.824605e-08
50187,2025-07-20 09:00:00,CV003321,0.0,0.0,3.818016e-08
50188,2025-07-20 09:30:00,CV003321,0.0,0.0,3.8114603e-08
50189,2025-07-20 09:30:00,CV003321,0.0,0.0,3.8049958e-08
50190,2025-07-20 10:00:00,CV003321,0.0,0.0,3.798593e-08
50191,2025-07-20 10:00:00,CV003321,0.0,0.0,3.7922153e-08
50192,2025-07-20 10:30:00,CV003321,0.0,0.0,3.7859273e-08
50193,2025-07-20 10:30:00,CV003321,0.0,0.0,3.7796795e-08
50194,2025-07-20 11:00:00,CV003321,0.0,0.0,3.7734917e-08
50195,2025-07-20 11:00:00,CV003321,0.0,0.0,3.767372e-08
50196,2025-07-20 11:30:00,CV003321,0.0,0.0,3.7612978e-08
50197,2025-07-20 11:30:00,CV003321,0.0,0.0,3.7552834e-08
50198,2025-07-20 12:00:00,CV003321,0.0,0.0,3.7493074e-08
50199,2025-07-20 12:00:00,CV003321,0.0,0.0,3.7433907e-08
50200,2025-07-20 12:30:00,CV003321,0.0,0.0,3.7375408e-08
50201,2025-07-20 12:30:00,CV003321,0.0,0.0,3.731749e-08
50202,2025-07-20 13:00:00,CV003321,0.0,0.0,3.726017e-08
50203,2025-07-20 13:00:00,CV003321,0.0,0.0,3.7203073e-08
50204,2025-07-20 13:30:00,CV003321,0.0,0.0,3.71467e-08
50205,2025-07-20 13:30:00,CV003321,0.0,0.0,3.7090913e-08
50206,2025-07-20 14:00:00,CV003321,0.0,0.0,3.7035562e-08
50207,2025-07-20 14:00:00,CV003321,0.0,0.0,3.6980715e-08
50208,2025-07-20 14:30:00,CV003321,0.0,0.0,3.6926373e-08
50209,2025-07-20 14:30:00,CV003321,0.0,0.0,3.687253e-08
50210,2025-07-20 15:00:00,CV003321,0.0,0.0,3.6819333e-08
50211,2025-07-20 15:00:00,CV003321,0.0,0.0,3.6766348e-08
50212,2025-07-20 15:30:00,CV003321,0.0,0.0,3.671379e-08
50213,2025-07-20 15:30:00,CV003321,0.0,0.0,3.6662357e-08
50214,2025-07-20 16:00:00,CV003321,0.0,0.0,3.6611066e-08
50215,2025-07-20 16:00:00,CV003321,0.0,0.0,3.6560127e-08
50216,2025-07-20 16:30:00,CV003321,0.0,0.0,3.6509675e-08
50217,2025-07-20 16:30:00,CV003321,0.0,0.0,3.645992e-08
50218,2025-07-20 17:00:00,CV003321,0.0,0.0,3.641051e-08
50219,2025-07-20 17:00:00,CV003321,0.0,0.0,3.6361303e-08
50220,2025-07-20 17:30:00,CV003321,0.0,0.0,3.6312994e-08
50221,2025-07-20 17:30:00,CV003321,0.0,0.0,3.626503e-08
50222,2025-07-20 18:00:00,CV003321,0.0,0.0,3.62174e-08
50223,2025-07-20 18:00:00,CV003321,0.0,0.0,3.617025e-08
50224,2025-07-20 18:30:00,CV003321,0.0,0.0,3.6123577e-08
50225,2025-07-20 18:30:00,CV003321,0.0,0.0,3.607744e-08
50226,2025-07-20 19:00:00,CV003321,0.0,0.0,3.603164e-08
50227,2025-07-20 19:00:00,CV003321,0.0,0.0,3.5986655e-08
50228,2025-07-20 19:30:00,CV003321,0.0,0.0,3.5941518e-08
50229,2025-07-20 19:30:00,CV003321,0.0,0.0,3.589719e-08
50230,2025-07-20 20:00:00,CV003321,0.0,0.0,3.5853194e-08
50231,2025-07-20 20:00:00,CV003321,0.0,0.0,3.580966e-08
50232,2025-07-20 20:30:00,CV003321,0.0,0.0,3.5766586e-08
50233,2025-07-20 20:30:00,CV003321,0.0,0.0,3.5723975e-08
50234,2025-07-20 21:00:00,CV003321,0.0,0.0,3.5681413e-08
50235,2025-07-20 21:00:00,CV003321,0.0,0.0,3.5639722e-08
50236,2025-07-20 21:30:00,CV003321,0.0,0.0,3.5598212e-08
50237,2025-07-20 21:30:00,CV003321,0.0,0.0,3.5557427e-08
50238,2025-07-20 22:00:00,CV003321,0.0,0.0,3.5516827e-08
50239,2025-07-20 22:00:00,CV003321,0.0,0.0,3.547661e-08
50240,2025-07-20 22:30:00,CV003321,0.0,0.0,3.543671e-08
50241,2025-07-20 22:30:00,CV003321,0.0,0.0,3.5397328e-08
50242,2025-07-20 23:00:00,CV003321,0.0,0.0,3.535826e-08
50243,2025-07-20 23:00:00,CV003321,0.0,0.0,3.531977e-08
50244,2025-07-20 23:30:00,CV003321,0.0,0.0,3.528173e-08
50245,2025-07-20 23:30:00,CV003321,0.0,0.0,3.5243726e-08
50246,2025-07-21 00:00:00,CV003321,0.0,0.0,3.520664e-08
50247,2025-07-21 00:00:00,CV003321,0.0,0.0,3.516959e-08
50248,2025-07-21 00:30:00,CV003321,0.0,0.0,3.513285e-08
50249,2025-07-21 00:30:00,CV003321,0.0,0.0,3.5096683e-08
50250,2025-07-21 01:00:00,CV003321,0.0,0.0,3.5060822e-08
50251,2025-07-21 01:00:00,CV003321,0.0,0.0,3.5025263e-08
50252,2025-07-21 01:30:00,CV003321,0.0,0.0,3.4990073e-08
50253,2025-07-21 01:30:00,CV003321,0.0,0.0,3.495552e-08
50254,2025-07-21 02:00:00,CV003321,0.0,0.0,3.4921e-08
50255,2025-07-21 02:00:00,CV003321,0.0,0.0,3.488698e-08
50256,2025-07-21 02:30:00,CV003321,0.0,0.0,3.4853592e-08
50257,2025-07-21 02:30:00,CV003321,0.0,0.0,3.4820236e-08
50258,2025-07-21 03:00:00,CV003321,0.0,0.0,3.478731e-08
50259,2025-07-21 03:00:00,CV003321,0.0,0.0,3.475468e-08
50260,2025-07-21 03:30:00,CV003321,0.0,0.0,3.4722678e-08
50261,2025-07-21 03:30:00,CV003321,0.0,0.0,3.469077e-08
50262,2025-07-21 04:00:00,CV003321,0.0,0.0,3.4659223e-08
50263,2025-07-21 04:00:00,CV003321,0.0,0.0,3.4628233e-08
50264,2025-07-21 04:30:00,CV003321,0.0,0.0,3.459734e-08
50265,2025-07-21 04:30:00,CV003321,0.0,0.0,3.4566998e-08
50266,2025-07-21 05:00:00,CV003321,0.0,0.0,3.4536946e-08
50267,2025-07-21 05:00:00,CV003321,0.0,0.0,3.450718e-08
50268,2025-07-21 05:30:00,CV003321,0.0,0.0,3.4477775e-08
50269,2025-07-21 05:30:00,CV003321,0.0,0.0,3.4448785e-08
50270,2025-07-21 06:00:00,CV003321,0.0,0.0,3.4419887e-08
50271,2025-07-21 06:00:00,CV003321,0.0,0.0,3.4391604e-08
50272,2025-07-21 06:30:00,CV003321,0.0,0.0,3.4363538e-08
50273,2025-07-21 06:30:00,CV003321,0.0,0.0,3.433576e-08
50274,2025-07-21 07:00:00,CV003321,0.0,0.0,3.4308265e-08
50275,2025-07-21 07:00:00,CV003321,0.0,0.0,3.4281317e-08
50276,2025-07-21 07:30:00,CV003321,0.0,0.0,3.425445e-08
50277,2025-07-21 07:30:00,CV003321,0.0,0.0,3.4228197e-08
50278,2025-07-21 08:00:00,CV003321,0.0,0.0,3.4202092e-08
50279,2025-07-21 08:00:00,CV003321,0.0,0.0,3.417627e-08
50280,2025-07-21 08:30:00,CV003321,0.0,0.0,3.4150858e-08
50281,2025-07-21 08:30:00,CV003321,0.0,0.0,3.412566e-08
50282,2025-07-21 09:00:00,CV003321,0.0,0.0,3.410061e-08
50283,2025-07-21 09:00:00,CV003321,0.0,0.0,3.4076095e-08
50284,2025-07-21 09:30:00,CV003321,0.0,0.0,3.405199e-08
50285,2025-07-21 09:30:00,CV003321,0.0,0.0,3.402797e-08
50286,2025-07-21 10:00:00,CV003321,0.0,0.0,3.400442e-08
50287,2025-07-21 10:00:00,CV003321,0.0,0.0,3.398101e-08
50288,2025-07-21 10:30:00,CV003321,0.0,0.0,3.3958138e-08
50289,2025-07-21 10:30:00,CV003321,0.0,0.0,3.3935347e-08
50290,2025-07-21 11:00:00,CV003321,0.0,0.0,3.3912894e-08
50291,2025-07-21 11:00:00,CV003321,0.0,0.0,3.389065e-08
50292,2025-07-21 11:30:00,CV003321,0.0,0.0,3.3869004e-08
50293,2025-07-21 11:30:00,CV003321,0.0,0.0,3.3847563e-08
50294,2025-07-21 12:00:00,CV003321,0.0,0.0,3.3826133e-08
50295,2025-07-21 12:00:00,CV003321,0.0,0.0,3.380524e-08
50296,2025-07-21 12:30:00,CV003321,0.0,0.0,3.378455e-08
50297,2025-07-21 12:30:00,CV003321,0.0,0.0,3.376419e-08
50298,2025-07-21 13:00:00,CV003321,0.0,0.0,3.3743973e-08
50299,2025-07-21 13:00:00,CV003321,0.0,0.0,3.3724348e-08
50300,2025-07-21 13:30:00,CV003321,0.0,0.0,3.3704737e-08
50301,2025-07-21 13:30:00,CV003321,0.0,0.0,3.3685584e-08
50302,2025-07-21 14:00:00,CV003321,0.0,0.0,3.3666442e-08
50303,2025-07-21 14:00:00,CV003321,0.0,0.0,3.364789e-08
50304,2025-07-21 14:30:00,CV003321,0.0,0.0,3.362954e-08
50305,2025-07-21 14:30:00,CV003321,0.0,0.0,3.361133e-08
50306,2025-07-21 15:00:00,CV003321,0.0,0.0,3.3593448e-08
50307,2025-07-21 15:00:00,CV003321,0.0,0.0,3.357577e-08
50308,2025-07-21 15:30:00,CV003321,0.0,0.0,3.3558546e-08
50309,2025-07-21 15:30:00,CV003321,0.0,0.0,3.354146e-08
50310,2025-07-21 16:00:00,CV003321,0.0,0.0,3.352464e-08
50311,2025-07-21 16:00:00,CV003321,0.0,0.0,3.350821e-08
50312,2025-07-21 16:30:00,CV003321,0.0,0.0,3.349198e-08
50313,2025-07-21 16:30:00,CV003321,0.0,0.0,3.3475885e-08
50314,2025-07-21 17:00:00,CV003321,0.0,0.0,3.345999e-08
50315,2025-07-21 17:00:00,CV003321,0.0,0.0,3.3444678e-08
50316,2025-07-21 17:30:00,CV003321,0.0,0.0,3.3429433e-08
50317,2025-07-21 17:30:00,CV003321,0.0,0.0,3.3414455e-08
50318,2025-07-21 18:00:00,CV003321,0.0,0.0,3.3399736e-08
50319,2025-07-21 18:00:00,CV003321,0.0,0.0,3.3385277e-08
50320,2025-07-21 18:30:00,CV003321,0.0,0.0,3.3371144e-08
50321,2025-07-21 18:30:00,CV003321,0.0,0.0,3.3357015e-08
50322,2025-07-21 19:00:00,CV003321,0.0,0.0,3.334334e-08
50323,2025-07-21 19:00:00,CV003321,0.0,0.0,3.3330178e-08
50324,2025-07-21 19:30:00,CV003321,0.0,0.0,3.3316766e-08
50325,2025-07-21 19:30:00,CV003321,0.0,0.0,3.3303614e-08
50326,2025-07-21 20:00:00,CV003321,0.0,0.0,3.329104e-08
50327,2025-07-21 20:00:00,CV003321,0.0,0.0,3.3278532e-08
50328,2025-07-21 20:30:00,CV003321,0.0,0.0,3.326641e-08
50329,2025-07-21 20:30:00,CV003321,0.0,0.0,3.325455e-08
50330,2025-07-21 21:00:00,CV003321,0.0,0.0,3.3242753e-08
50331,2025-07-21 21:00:00,CV003321,0.0,0.0,3.3231277e-08
50332,2025-07-21 21:30:00,CV003321,0.0,0.0,3.321987e-08
50333,2025-07-21 21:30:00,CV003321,0.0,0.0,3.3208913e-08
50334,2025-07-21 22:00:00,CV003321,0.0,0.0,3.319815e-08
50335,2025-07-21 22:00:00,CV003321,0.0,0.0,3.3187575e-08
50336,2025-07-21 22:30:00,CV003321,0.0,0.0,3.317732e-08
50337,2025-07-21 22:30:00,CV003321,0.0,0.0,3.316726e-08
50338,2025-07-21 23:00:00,CV003321,0.0,0.0,3.315733e-08
50339,2025-07-21 23:00:00,CV003321,0.0,0.0,3.3147845e-08
50340,2025-07-21 23:30:00,CV003321,0.0,0.0,3.31383e-08
50341,2025-07-21 23:30:00,CV003321,0.0,0.0,3.3129073e-08
50342,2025-07-22 00:00:00,CV003321,0.0,0.0,3.3120227e-08
50343,2025-07-22 00:00:00,CV003321,0.0,0.0,3.3111448e-08
50344,2025-07-22 00:30:00,CV003321,0.0,0.0,3.3102925e-08
50345,2025-07-22 00:30:00,CV003321,0.0,0.0,3.309459e-08
50346,2025-07-22 01:00:00,CV003321,0.0,0.0,3.3086636e-08
50347,2025-07-22 01:00:00,CV003321,0.0,0.0,3.3078877e-08
50348,2025-07-22 01:30:00,CV003321,0.0,0.0,3.3071306e-08
50349,2025-07-22 01:30:00,CV003321,0.0,0.0,3.3063863e-08
50350,2025-07-22 02:00:00,CV003321,0.0,0.0,3.30568e-08
50351,2025-07-22 02:00:00,CV003321,0.0,0.0,3.3049677e-08
50352,2025-07-22 02:30:00,CV003321,0.0,0.0,3.3043058e-08
50353,2025-07-22 02:30:00,CV003321,0.0,0.0,3.3036567e-08
50354,2025-07-22 03:00:00,CV003321,0.0,0.0,3.303033e-08
50355,2025-07-22 03:00:00,CV003321,0.0,0.0,3.3024218e-08
50356,2025-07-22 03:30:00,CV003321,0.0,0.0,3.301836e-08
50357,2025-07-22 03:30:00,CV003321,0.0,0.0,3.3012697e-08
50358,2025-07-22 04:00:00,CV003321,0.0,0.0,3.300715e-08
50359,2025-07-22 04:00:00,CV003321,0.0,0.0,3.300193e-08
50360,2025-07-22 04:30:00,CV003321,0.0,0.0,3.2996894e-08
50361,2025-07-22 04:30:00,CV003321,0.0,0.0,3.2992045e-08
50362,2025-07-22 05:00:00,CV003321,0.0,0.0,3.2987455e-08
50363,2025-07-22 05:00:00,CV003321,0.0,0.0,3.2983177e-08
50364,2025-07-22 05:30:00,CV003321,0.0,0.0,3.297896e-08
50365,2025-07-22 05:30:00,CV003321,0.0,0.0,3.2974874e-08
50366,2025-07-22 06:00:00,CV003321,0.0,0.0,3.2970974e-08
50367,2025-07-22 06:00:00,CV003321,0.0,0.0,3.296739e-08
50368,2025-07-22 06:30:00,CV003321,0.0,0.0,3.2963992e-08
50369,2025-07-22 06:30:00,CV003321,0.0,0.0,3.2960664e-08
50370,2025-07-22 07:00:00,CV003321,0.0,0.0,3.2957832e-08
50371,2025-07-22 07:00:00,CV003321,0.0,0.0,3.2955004e-08
50372,2025-07-22 07:30:00,CV003321,0.0,0.0,3.2952364e-08
50373,2025-07-22 07:30:00,CV003321,0.0,0.0,3.2950165e-08
50374,2025-07-22 08:00:00,CV003321,0.0,0.0,3.294784e-08
50375,2025-07-22 08:00:00,CV003321,0.0,0.0,3.2945703e-08
50376,2025-07-22 08:30:00,CV003321,0.0,0.0,3.2944005e-08
50377,2025-07-22 08:30:00,CV003321,0.0,0.0,3.294231e-08
50378,2025-07-22 09:00:00,CV003321,0.0,0.0,3.2940676e-08
50379,2025-07-22 09:00:00,CV003321,0.0,0.0,3.2939546e-08
50380,2025-07-22 09:30:00,CV003321,0.0,0.0,3.2938416e-08
50381,2025-07-22 09:30:00,CV003321,0.0,0.0,3.2937596e-08
50382,2025-07-22 10:00:00,CV003321,0.0,0.0,3.2936843e-08
50383,2025-07-22 10:00:00,CV003321,0.0,0.0,3.293634e-08
50384,2025-07-22 10:30:00,CV003321,0.0,0.0,3.2935965e-08
50385,2025-07-22 10:30:00,CV003321,0.0,0.0,3.2935777e-08
50386,2025-07-22 11:00:00,CV003321,0.0,0.0,3.2935777e-08
50387,2025-07-22 11:00:00,CV003321,0.0,0.0,3.2936153e-08
50388,2025-07-22 11:30:00,CV003321,0.0,0.0,3.293659e-08
50389,2025-07-22 11:30:00,CV003321,0.0,0.0,3.2937095e-08
50390,2025-07-22 12:00:00,CV003321,0.0,0.0,3.2937848e-08
50391,2025-07-22 12:00:00,CV003321,0.0,0.0,3.2938978e-08
50392,2025-07-22 12:30:00,CV003321,0.0,0.0,3.2939987e-08
50393,2025-07-22 12:30:00,CV003321,0.0,0.0,3.2941365e-08
50394,2025-07-22 13:00:00,CV003321,0.0,0.0,3.2942875e-08
50395,2025-07-22 13:00:00,CV003321,0.0,0.0,3.2944573e-08
50396,2025-07-22 13:30:00,CV003321,0.0,0.0,3.2946268e-08
50397,2025-07-22 13:30:00,CV003321,0.0,0.0,3.2948407e-08
50398,2025-07-22 14:00:00,CV003321,0.0,0.0,3.2950606e-08
50399,2025-07-22 14:00:00,CV003321,0.0,0.0,3.295287e-08
50400,2025-07-22 14:30:00,CV003321,0.0,0.0,3.2955445e-08
50401,2025-07-22 14:30:00,CV003321,0.0,0.0,3.2958212e-08
50402,2025-07-22 15:00:00,CV003321,0.0,0.0,3.2961104e-08
50403,2025-07-22 15:00:00,CV003321,0.0,0.0,3.2964184e-08
50404,2025-07-22 15:30:00,CV003321,0.0,0.0,3.2967453e-08
50405,2025-07-22 15:30:00,CV003321,0.0,0.0,3.2970846e-08
50406,2025-07-22 16:00:00,CV003321,0.0,0.0,3.2974494e-08
50407,2025-07-22 16:00:00,CV003321,0.0,0.0,3.2978267e-08
50408,2025-07-22 16:30:00,CV003321,0.0,0.0,3.2982168e-08
50409,2025-07-22 16:30:00,CV003321,0.0,0.0,3.2986197e-08
50410,2025-07-22 17:00:00,CV003321,0.0,0.0,3.2990535e-08
50411,2025-07-22 17:00:00,CV003321,0.0,0.0,3.299494e-08
50412,2025-07-22 17:30:00,CV003321,0.0,0.0,3.2999473e-08
50413,2025-07-22 17:30:00,CV003321,0.0,0.0,3.300426e-08
50414,2025-07-22 18:00:00,CV003321,0.0,0.0,3.3009293e-08
50415,2025-07-22 18:00:00,CV003321,0.0,0.0,3.301427e-08
50416,2025-07-22 18:30:00,CV003321,0.0,0.0,3.301956e-08
50417,2025-07-22 18:30:00,CV003321,0.0,0.0,3.302504e-08
50418,2025-07-22 19:00:00,CV003321,0.0,0.0,3.3030517e-08
50419,2025-07-22 19:00:00,CV003321,0.0,0.0,3.303638e-08
50420,2025-07-22 19:30:00,CV003321,0.0,0.0,3.3042177e-08
50421,2025-07-22 19:30:00,CV003321,0.0,0.0,3.3048416e-08
50422,2025-07-22 20:00:00,CV003321,0.0,0.0,3.3054594e-08
50423,2025-07-22 20:00:00,CV003321,0.0,0.0,3.3061088e-08
50424,2025-07-22 20:30:00,CV003321,0.0,0.0,3.3067458e-08
50425,2025-07-22 20:30:00,CV003321,0.0,0.0,3.3074144e-08
50426,2025-07-22 21:00:00,CV003321,0.0,0.0,3.308121e-08
50427,2025-07-22 21:00:00,CV003321,0.0,0.0,3.3088153e-08
50428,2025-07-22 21:30:00,CV003321,0.0,0.0,3.3095347e-08
50429,2025-07-22 21:30:00,CV003321,0.0,0.0,3.310267e-08
50430,2025-07-22 22:00:00,CV003321,0.0,0.0,3.3110247e-08
50431,2025-07-22 22:00:00,CV003321,0.0,0.0,3.3117953e-08
50432,2025-07-22 22:30:00,CV003321,0.0,0.0,3.3125726e-08
50433,2025-07-22 22:30:00,CV003321,0.0,0.0,3.313356e-08
50434,2025-07-22 23:00:00,CV003321,0.0,0.0,3.3141966e-08
50435,2025-07-22 23:00:00,CV003321,0.0,0.0,3.3150187e-08
50436,2025-07-22 23:30:00,CV003321,0.0,0.0,3.3158596e-08
50437,2025-07-22 23:30:00,CV003321,0.0,0.0,3.3167073e-08
50438,2025-07-23 00:00:00,CV003321,0.0,0.0,3.31758e-08
50439,2025-07-23 00:00:00,CV003321,0.0,0.0,3.3184662e-08
50440,2025-07-23 00:30:00,CV003321,0.0,0.0,3.3193842e-08
50441,2025-07-23 00:30:00,CV003321,0.0,0.0,3.320296e-08
50442,2025-07-23 01:00:00,CV003321,0.0,0.0,3.321233e-08
50443,2025-07-23 01:00:00,CV003321,0.0,0.0,3.3221774e-08
50444,2025-07-23 01:30:00,CV003321,0.0,0.0,3.3231533e-08
50445,2025-07-23 01:30:00,CV003321,0.0,0.0,3.3241356e-08
50446,2025-07-23 02:00:00,CV003321,0.0,0.0,3.325125e-08
50447,2025-07-23 02:00:00,CV003321,0.0,0.0,3.3261337e-08
50448,2025-07-23 02:30:00,CV003321,0.0,0.0,3.327155e-08
50449,2025-07-23 02:30:00,CV003321,0.0,0.0,3.3282088e-08
50450,2025-07-23 03:00:00,CV003321,0.0,0.0,3.3292565e-08
50451,2025-07-23 03:00:00,CV003321,0.0,0.0,3.3303298e-08
50452,2025-07-23 03:30:00,CV003321,0.0,0.0,3.331397e-08
50453,2025-07-23 03:30:00,CV003321,0.0,0.0,3.332503e-08
50454,2025-07-23 04:00:00,CV003321,0.0,0.0,3.3336157e-08
50455,2025-07-23 04:00:00,CV003321,0.0,0.0,3.3347348e-08
50456,2025-07-23 04:30:00,CV003321,0.0,0.0,3.33588e-08
50457,2025-07-23 04:30:00,CV003321,0.0,0.0,3.3370252e-08
50458,2025-07-23 05:00:00,CV003321,0.0,0.0,3.338203e-08
50459,2025-07-23 05:00:00,CV003321,0.0,0.0,3.339394e-08
50460,2025-07-23 05:30:00,CV003321,0.0,0.0,3.340579e-08
50461,2025-07-23 05:30:00,CV003321,0.0,0.0,3.3418022e-08
50462,2025-07-23 06:00:00,CV003321,0.0,0.0,3.3430137e-08
50463,2025-07-23 06:00:00,CV003321,0.0,0.0,3.3442703e-08
50464,2025-07-23 06:30:00,CV003321,0.0,0.0,3.345514e-08
50465,2025-07-23 06:30:00,CV003321,0.0,0.0,3.346797e-08
50466,2025-07-23 07:00:00,CV003321,0.0,0.0,3.3480866e-08
50467,2025-07-23 07:00:00,CV003321,0.0,0.0,3.349377e-08
50468,2025-07-23 07:30:00,CV003321,0.0,0.0,3.3506996e-08
50469,2025-07-23 07:30:00,CV003321,0.0,0.0,3.3520163e-08
50470,2025-07-23 08:00:00,CV003321,0.0,0.0,3.3533464e-08
50471,2025-07-23 08:00:00,CV003321,0.0,0.0,3.354696e-08
50472,2025-07-23 08:30:00,CV003321,0.0,0.0,3.3560596e-08
50473,2025-07-23 08:30:00,CV003321,0.0,0.0,3.3574487e-08
50474,2025-07-23 09:00:00,CV003321,0.0,0.0,3.358839e-08
50475,2025-07-23 09:00:00,CV003321,0.0,0.0,3.3602483e-08
50476,2025-07-23 09:30:00,CV003321,0.0,0.0,3.3616715e-08
50477,2025-07-23 09:30:00,CV003321,0.0,0.0,3.363108e-08
50478,2025-07-23 10:00:00,CV003321,0.0,0.0,3.3645453e-08
50479,2025-07-23 10:00:00,CV003321,0.0,0.0,3.3660086e-08
50480,2025-07-23 10:30:00,CV003321,0.0,0.0,3.367479e-08
50481,2025-07-23 10:30:00,CV003321,0.0,0.0,3.3689695e-08
50482,2025-07-23 11:00:00,CV003321,0.0,0.0,3.3704673e-08
50483,2025-07-23 11:00:00,CV003321,0.0,0.0,3.3720042e-08
50484,2025-07-23 11:30:00,CV003321,0.0,0.0,3.3735287e-08
50485,2025-07-23 11:30:00,CV003321,0.0,0.0,3.3750602e-08
50486,2025-07-23 12:00:00,CV003321,0.0,0.0,3.376612e-08
50487,2025-07-23 12:00:00,CV003321,0.0,0.0,3.3781838e-08
50488,2025-07-23 12:30:00,CV003321,0.0,0.0,3.3797566e-08
50489,2025-07-23 12:30:00,CV003321,0.0,0.0,3.3813556e-08
50490,2025-07-23 13:00:00,CV003321,0.0,0.0,3.3829814e-08
50491,2025-07-23 13:00:00,CV003321,0.0,0.0,3.384582e-08
50492,2025-07-23 13:30:00,CV003321,0.0,0.0,3.386235e-08
50493,2025-07-23 13:30:00,CV003321,0.0,0.0,3.3878564e-08
50494,2025-07-23 14:00:00,CV003321,0.0,0.0,3.3895436e-08
50495,2025-07-23 14:00:00,CV003321,0.0,0.0,3.391212e-08
50496,2025-07-23 14:30:00,CV003321,0.0,0.0,3.392894e-08
50497,2025-07-23 14:30:00,CV003321,0.0,0.0,3.3945835e-08
50498,2025-07-23 15:00:00,CV003321,0.0,0.0,3.3962994e-08
50499,2025-07-23 15:00:00,CV003321,0.0,0.0,3.3980236e-08
50500,2025-07-23 15:30:00,CV003321,0.0,0.0,3.3997672e-08
50501,2025-07-23 15:30:00,CV003321,0.0,0.0,3.4015056e-08
50502,2025-07-23 16:00:00,CV003321,0.0,0.0,3.4032706e-08
50503,2025-07-23 16:00:00,CV003321,0.0,0.0,3.4050625e-08
50504,2025-07-23 16:30:00,CV003321,0.0,0.0,3.4068297e-08
50505,2025-07-23 16:30:00,CV003321,0.0,0.0,3.4086433e-08
50506,2025-07-23 17:00:00,CV003321,0.0,0.0,3.4104445e-08
50507,2025-07-23 17:00:00,CV003321,0.0,0.0,3.412286e-08
50508,2025-07-23 17:30:00,CV003321,0.0,0.0,3.4141152e-08
50509,2025-07-23 17:30:00,CV003321,0.0,0.0,3.4159783e-08
50510,2025-07-23 18:00:00,CV003321,0.0,0.0,3.4178356e-08
50511,2025-07-23 18:00:00,CV003321,0.0,0.0,3.4197008e-08
50512,2025-07-23 18:30:00,CV003321,0.0,0.0,3.4216058e-08
50513,2025-07-23 18:30:00,CV003321,0.0,0.0,3.423499e-08
50514,2025-07-23 19:00:00,CV003321,0.0,0.0,3.4253993e-08
50515,2025-07-23 19:00:00,CV003321,0.0,0.0,3.427347e-08
50516,2025-07-23 19:30:00,CV003321,0.0,0.0,3.429276e-08
50517,2025-07-23 19:30:00,CV003321,0.0,0.0,3.431219e-08
50518,2025-07-23 20:00:00,CV003321,0.0,0.0,3.433183e-08
50519,2025-07-23 20:00:00,CV003321,0.0,0.0,3.435161e-08
50520,2025-07-23 20:30:00,CV003321,0.0,0.0,3.437147e-08
50521,2025-07-23 20:30:00,CV003321,0.0,0.0,3.439134e-08
50522,2025-07-23 21:00:00,CV003321,0.0,0.0,3.4411418e-08
50523,2025-07-23 21:00:00,CV003321,0.0,0.0,3.4431707e-08
50524,2025-07-23 21:30:00,CV003321,0.0,0.0,3.445194e-08
50525,2025-07-23 21:30:00,CV003321,0.0,0.0,3.4472578e-08
50526,2025-07-23 22:00:00,CV003321,0.0,0.0,3.4493098e-08
50527,2025-07-23 22:00:00,CV003321,0.0,0.0,3.4513896e-08
50528,2025-07-23 22:30:00,CV003321,0.0,0.0,3.453477e-08
50529,2025-07-23 22:30:00,CV003321,0.0,0.0,3.4555722e-08
50530,2025-07-23 23:00:00,CV003321,0.0,0.0,3.457656e-08
50531,2025-07-23 23:00:00,CV003321,0.0,0.0,3.4598e-08
50532,2025-07-23 23:30:00,CV003321,0.0,0.0,3.461912e-08
50533,2025-07-23 23:30:00,CV003321,0.0,0.0,3.4640653e-08
50534,2025-07-24 00:00:00,CV003321,0.0,0.0,3.4662197e-08
50535,2025-07-24 00:00:00,CV003321,0.0,0.0,3.468369e-08
50536,2025-07-24 00:30:00,CV003321,0.0,0.0,3.4705597e-08
50537,2025-07-24 00:30:00,CV003321,0.0,0.0,3.4727446e-08
50538,2025-07-24 01:00:00,CV003321,0.0,0.0,3.474938e-08
50539,2025-07-24 01:00:00,CV003321,0.0,0.0,3.477159e-08
50540,2025-07-24 01:30:00,CV003321,0.0,0.0,3.479375e-08
50541,2025-07-24 01:30:00,CV003321,0.0,0.0,3.4816253e-08
50542,2025-07-24 02:00:00,CV003321,0.0,0.0,3.4838706e-08
50543,2025-07-24 02:00:00,CV003321,0.0,0.0,3.486137e-08
50544,2025-07-24 02:30:00,CV003321,0.0,0.0,3.488412e-08
50545,2025-07-24 02:30:00,CV003321,0.0,0.0,3.4906815e-08
50546,2025-07-24 03:00:00,CV003321,0.0,0.0,3.4929794e-08
50547,2025-07-24 03:00:00,CV003321,0.0,0.0,3.495285e-08
50548,2025-07-24 03:30:00,CV003321,0.0,0.0,3.4975926e-08
50549,2025-07-24 03:30:00,CV003321,0.0,0.0,3.499928e-08
50550,2025-07-24 04:00:00,CV003321,0.0,0.0,3.5022722e-08
50551,2025-07-24 04:00:00,CV003321,0.0,0.0,3.504611e-08
50552,2025-07-24 04:30:00,CV003321,0.0,0.0,3.5069785e-08
50553,2025-07-24 04:30:00,CV003321,0.0,0.0,3.5093535e-08
50554,2025-07-24 05:00:00,CV003321,0.0,0.0,3.5117374e-08
50555,2025-07-24 05:00:00,CV003321,0.0,0.0,3.514156e-08
50556,2025-07-24 05:30:00,CV003321,0.0,0.0,3.5165566e-08
50557,2025-07-24 05:30:00,CV003321,0.0,0.0,3.5189586e-08
50558,2025-07-24 06:00:00,CV003321,0.0,0.0,3.521396e-08
50559,2025-07-24 06:00:00,CV003321,0.0,0.0,3.5238347e-08
50560,2025-07-24 06:30:00,CV003321,0.0,0.0,3.5263025e-08
50561,2025-07-24 06:30:00,CV003321,0.0,0.0,3.5287584e-08
50562,2025-07-24 07:00:00,CV003321,0.0,0.0,3.5312222e-08
50563,2025-07-24 07:00:00,CV003321,0.0,0.0,3.5337155e-08
50564,2025-07-24 07:30:00,CV003321,0.0,0.0,3.5362103e-08
50565,2025-07-24 07:30:00,CV003321,0.0,0.0,3.538727e-08
50566,2025-07-24 08:00:00,CV003321,0.0,0.0,3.5412523e-08
50567,2025-07-24 08:00:00,CV003321,0.0,0.0,3.5437658e-08
50568,2025-07-24 08:30:00,CV003321,0.0,0.0,3.5463348e-08
50569,2025-07-24 08:30:00,CV003321,0.0,0.0,3.548872e-08
50570,2025-07-24 09:00:00,CV003321,0.0,0.0,3.551432e-08
50571,2025-07-24 09:00:00,CV003321,0.0,0.0,3.554007e-08
50572,2025-07-24 09:30:00,CV003321,0.0,0.0,3.5565904e-08
50573,2025-07-24 09:30:00,CV003321,0.0,0.0,3.5591896e-08
50574,2025-07-24 10:00:00,CV003321,0.0,0.0,3.561791e-08
50575,2025-07-24 10:00:00,CV003321,0.0,0.0,3.5644206e-08
50576,2025-07-24 10:30:00,CV003321,0.0,0.0,3.5670393e-08
50577,2025-07-24 10:30:00,CV003321,0.0,0.0,3.5696935e-08
50578,2025-07-24 11:00:00,CV003321,0.0,0.0,3.572323e-08
50579,2025-07-24 11:00:00,CV003321,0.0,0.0,3.5749945e-08
50580,2025-07-24 11:30:00,CV003321,0.0,0.0,3.577655e-08
50581,2025-07-24 11:30:00,CV003321,0.0,0.0,3.580358e-08
50582,2025-07-24 12:00:00,CV003321,0.0,0.0,3.5830432e-08
50583,2025-07-24 12:00:00,CV003321,0.0,0.0,3.585737e-08
50584,2025-07-24 12:30:00,CV003321,0.0,0.0,3.588453e-08
50585,2025-07-24 12:30:00,CV003321,0.0,0.0,3.5911846e-08
50586,2025-07-24 13:00:00,CV003321,0.0,0.0,3.5939255e-08
50587,2025-07-24 13:00:00,CV003321,0.0,0.0,3.596669e-08
50588,2025-07-24 13:30:00,CV003321,0.0,0.0,3.5994137e-08
50589,2025-07-24 13:30:00,CV003321,0.0,0.0,3.6021884e-08
50590,2025-07-24 14:00:00,CV003321,0.0,0.0,3.6049926e-08
50591,2025-07-24 14:00:00,CV003321,0.0,0.0,3.6077786e-08
50592,2025-07-24 14:30:00,CV003321,0.0,0.0,3.6105806e-08
50593,2025-07-24 14:30:00,CV003321,0.0,0.0,3.6133706e-08
50594,2025-07-24 15:00:00,CV003321,0.0,0.0,3.6161904e-08
50595,2025-07-24 15:00:00,CV003321,0.0,0.0,3.6190333e-08
50596,2025-07-24 15:30:00,CV003321,0.0,0.0,3.6218854e-08
50597,2025-07-24 15:30:00,CV003321,0.0,0.0,3.6247464e-08
50598,2025-07-24 16:00:00,CV003321,0.0,0.0,3.6276028e-08
50599,2025-07-24 16:00:00,CV003321,0.0,0.0,3.6304684e-08
50600,2025-07-24 16:30:00,CV003321,0.0,0.0,3.6333642e-08
50601,2025-07-24 16:30:00,CV003321,0.0,0.0,3.636241e-08
50602,2025-07-24 17:00:00,CV003321,0.0,0.0,3.6391484e-08
50603,2025-07-24 17:00:00,CV003321,0.0,0.0,3.642072e-08
50604,2025-07-24 17:30:00,CV003321,0.0,0.0,3.6449975e-08
50605,2025-07-24 17:30:00,CV003321,0.0,0.0,3.6479396e-08
50606,2025-07-24 18:00:00,CV003321,0.0,0.0,3.65087e-08
50607,2025-07-24 18:00:00,CV003321,0.0,0.0,3.6538307e-08
50608,2025-07-24 18:30:00,CV003321,0.0,0.0,3.656808e-08
50609,2025-07-24 18:30:00,CV003321,0.0,0.0,3.6597662e-08
50610,2025-07-24 19:00:00,CV003321,0.0,0.0,3.6627622e-08
50611,2025-07-24 19:00:00,CV003321,0.0,0.0,3.6657813e-08
50612,2025-07-24 19:30:00,CV003321,0.0,0.0,3.668768e-08
50613,2025-07-24 19:30:00,CV003321,0.0,0.0,3.6717992e-08
50614,2025-07-24 20:00:00,CV003321,0.0,0.0,3.674819e-08
50615,2025-07-24 20:00:00,CV003321,0.0,0.0,3.677862e-08
50616,2025-07-24 20:30:00,CV003321,0.0,0.0,3.6809148e-08
50617,2025-07-24 20:30:00,CV003321,0.0,0.0,3.6839705e-08
50618,2025-07-24 21:00:00,CV003321,0.0,0.0,3.6870492e-08
50619,2025-07-24 21:00:00,CV003321,0.0,0.0,3.6901238e-08
50620,2025-07-24 21:30:00,CV003321,0.0,0.0,3.693201e-08
50621,2025-07-24 21:30:00,CV003321,0.0,0.0,3.6963087e-08
50622,2025-07-24 22:00:00,CV003321,0.0,0.0,3.699412e-08
50623,2025-07-24 22:00:00,CV003321,0.0,0.0,3.7025252e-08
50624,2025-07-24 22:30:00,CV003321,0.0,0.0,3.7056544e-08
50625,2025-07-24 22:30:00,CV003321,0.0,0.0,3.708801e-08
50626,2025-07-24 23:00:00,CV003321,0.0,0.0,3.7119648e-08
50627,2025-07-24 23:00:00,CV003321,0.0,0.0,3.715124e-08
50628,2025-07-24 23:30:00,CV003321,0.0,0.0,3.7182854e-08
50629,2025-07-24 23:30:00,CV003321,0.0,0.0,3.721471e-08
50630,2025-07-25 00:00:00,CV003321,0.0,0.0,3.7246455e-08
50631,2025-07-25 00:00:00,CV003321,0.0,0.0,3.7278582e-08
50632,2025-07-25 00:30:00,CV003321,0.0,0.0,3.7310873e-08
50633,2025-07-25 00:30:00,CV003321,0.0,0.0,3.7342772e-08
50634,2025-07-25 01:00:00,CV003321,0.0,0.0,3.737512e-08
50635,2025-07-25 01:00:00,CV003321,0.0,0.0,3.740764e-08
50636,2025-07-25 01:30:00,CV003321,0.0,0.0,3.744012e-08
50637,2025-07-25 01:30:00,CV003321,0.0,0.0,3.7472624e-08
50638,2025-07-25 02:00:00,CV003321,0.0,0.0,3.7505302e-08
50639,2025-07-25 02:00:00,CV003321,0.0,0.0,3.753815e-08
50640,2025-07-25 02:30:00,CV003321,0.0,0.0,3.757103e-08
50641,2025-07-25 02:30:00,CV003321,0.0,0.0,3.7603936e-08
50642,2025-07-25 03:00:00,CV003321,0.0,0.0,3.763702e-08
50643,2025-07-25 03:00:00,CV003321,0.0,0.0,3.7670198e-08
50644,2025-07-25 03:30:00,CV003321,0.0,0.0,3.770362e-08
50645,2025-07-25 03:30:00,CV003321,0.0,0.0,3.773686e-08
50646,2025-07-25 04:00:00,CV003321,0.0,0.0,3.7770345e-08
50647,2025-07-25 04:00:00,CV003321,0.0,0.0,3.7804007e-08
50648,2025-07-25 04:30:00,CV003321,0.0,0.0,3.7837545e-08
50649,2025-07-25 04:30:00,CV003321,0.0,0.0,3.7871338e-08
50650,2025-07-25 05:00:00,CV003321,0.0,0.0,3.790523e-08
50651,2025-07-25 05:00:00,CV003321,0.0,0.0,3.793908e-08
50652,2025-07-25 05:30:00,CV003321,0.0,0.0,3.797325e-08
50653,2025-07-25 05:30:00,CV003321,0.0,0.0,3.8007457e-08
50654,2025-07-25 06:00:00,CV003321,0.0,0.0,3.804147e-08
50655,2025-07-25 06:00:00,CV003321,0.0,0.0,3.807602e-08
50656,2025-07-25 06:30:00,CV003321,0.0,0.0,3.811061e-08
50657,2025-07-25 06:30:00,CV003321,0.0,0.0,3.8145004e-08
50658,2025-07-25 07:00:00,CV003321,0.0,0.0,3.8179508e-08
50659,2025-07-25 07:00:00,CV003321,0.0,0.0,3.8214402e-08
50660,2025-07-25 07:30:00,CV003321,0.0,0.0,3.8249116e-08
50661,2025-07-25 07:30:00,CV003321,0.0,0.0,3.828415e-08
50662,2025-07-25 08:00:00,CV003321,0.0,0.0,3.8319143e-08
50663,2025-07-25 08:00:00,CV003321,0.0,0.0,3.8353946e-08
50664,2025-07-25 08:30:00,CV003321,0.0,0.0,3.83893e-08
50665,2025-07-25 08:30:00,CV003321,0.0,0.0,3.842468e-08
50666,2025-07-25 09:00:00,CV003321,0.0,0.0,3.8459948e-08
50667,2025-07-25 09:00:00,CV003321,0.0,0.0,3.8495394e-08
50668,2025-07-25 09:30:00,CV003321,0.0,0.0,3.85311e-08
50669,2025-07-25 09:30:00,CV003321,0.0,0.0,3.8566682e-08
50670,2025-07-25 10:00:00,CV003321,0.0,0.0,3.8602746e-08
50671,2025-07-25 10:00:00,CV003321,0.0,0.0,3.8638323e-08
50672,2025-07-25 10:30:00,CV003321,0.0,0.0,3.867438e-08
50673,2025-07-25 10:30:00,CV003321,0.0,0.0,3.871039e-08
50674,2025-07-25 11:00:00,CV003321,0.0,0.0,3.8746588e-08
50675,2025-07-25 11:00:00,CV003321,0.0,0.0,3.878282e-08
50676,2025-07-25 11:30:00,CV003321,0.0,0.0,3.8819007e-08
50677,2025-07-25 11:30:00,CV003321,0.0,0.0,3.8855305e-08
50678,2025-07-25 12:00:00,CV003321,0.0,0.0,3.8892153e-08
50679,2025-07-25 12:00:00,CV003321,0.0,0.0,3.892867e-08
50680,2025-07-25 12:30:00,CV003321,0.0,0.0,3.896529e-08
50681,2025-07-25 12:30:00,CV003321,0.0,0.0,3.9002323e-08
50682,2025-07-25 13:00:00,CV003321,0.0,0.0,3.9039012e-08
50683,2025-07-25 13:00:00,CV003321,0.0,0.0,3.9075964e-08
50684,2025-07-25 13:30:00,CV003321,0.0,0.0,3.9113022e-08
50685,2025-07-25 13:30:00,CV003321,0.0,0.0,3.9150116e-08
50686,2025-07-25 14:00:00,CV003321,0.0,0.0,3.9187547e-08
50687,2025-07-25 14:00:00,CV003321,0.0,0.0,3.922486e-08
50688,2025-07-25 14:30:00,CV003321,0.0,0.0,3.9262286e-08
50689,2025-07-25 14:30:00,CV003321,0.0,0.0,3.9299824e-08
50690,2025-07-25 15:00:00,CV003321,0.0,0.0,3.933747e-08
50691,2025-07-25 15:00:00,CV003321,0.0,0.0,3.9375077e-08
50692,2025-07-25 15:30:00,CV003321,0.0,0.0,3.9413024e-08
50693,2025-07-25 15:30:00,CV003321,0.0,0.0,3.9450853e-08
50694,2025-07-25 16:00:00,CV003321,0.0,0.0,3.9488796e-08
50695,2025-07-25 16:00:00,CV003321,0.0,0.0,3.9526928e-08
50696,2025-07-25 16:30:00,CV003321,0.0,0.0,3.956517e-08
50697,2025-07-25 16:30:00,CV003321,0.0,0.0,3.9603297e-08
50698,2025-07-25 17:00:00,CV003321,0.0,0.0,3.9641687e-08
50699,2025-07-25 17:00:00,CV003321,0.0,0.0,3.968004e-08
50700,2025-07-25 17:30:00,CV003321,0.0,0.0,3.9718582e-08
50701,2025-07-25 17:30:00,CV003321,0.0,0.0,3.9757314e-08
50702,2025-07-25 18:00:00,CV003321,0.0,0.0,3.979616e-08
50703,2025-07-25 18:00:00,CV003321,0.0,0.0,3.9834966e-08
50704,2025-07-25 18:30:00,CV003321,0.0,0.0,3.9873655e-08
50705,2025-07-25 18:30:00,CV003321,0.0,0.0,3.991254e-08
50706,2025-07-25 19:00:00,CV003321,0.0,0.0,3.9951612e-08
50707,2025-07-25 19:00:00,CV003321,0.0,0.0,3.99908e-08
50708,2025-07-25 19:30:00,CV003321,0.0,0.0,4.003025e-08
50709,2025-07-25 19:30:00,CV003321,0.0,0.0,4.006967e-08
50710,2025-07-25 20:00:00,CV003321,0.0,0.0,4.0109203e-08
50711,2025-07-25 20:00:00,CV003321,0.0,0.0,4.0148695e-08
50712,2025-07-25 20:30:00,CV003321,0.0,0.0,4.0188077e-08
50713,2025-07-25 20:30:00,CV003321,0.0,0.0,4.022765e-08
50714,2025-07-25 21:00:00,CV003321,0.0,0.0,4.0267643e-08
50715,2025-07-25 21:00:00,CV003321,0.0,0.0,4.03076e-08
50716,2025-07-25 21:30:00,CV003321,0.0,0.0,4.0347366e-08
50717,2025-07-25 21:30:00,CV003321,0.0,0.0,4.038756e-08
50718,2025-07-25 22:00:00,CV003321,0.0,0.0,4.0427484e-08
50719,2025-07-25 22:00:00,CV003321,0.0,0.0,4.0467754e-08
50720,2025-07-25 22:30:00,CV003321,0.0,0.0,4.050822e-08
50721,2025-07-25 22:30:00,CV003321,0.0,0.0,4.054865e-08
50722,2025-07-25 23:00:00,CV003321,0.0,0.0,4.0589196e-08
50723,2025-07-25 23:00:00,CV003321,0.0,0.0,4.0629782e-08
50724,2025-07-25 23:30:00,CV003321,0.0,0.0,4.0670333e-08
50725,2025-07-25 23:30:00,CV003321,0.0,0.0,4.0711154e-08
50726,2025-07-26 00:00:00,CV003321,0.0,0.0,4.0752177e-08
50727,2025-07-26 00:00:00,CV003321,0.0,0.0,4.0793005e-08
50728,2025-07-26 00:30:00,CV003321,0.0,0.0,4.0834028e-08
50729,2025-07-26 00:30:00,CV003321,0.0,0.0,4.0875015e-08
50730,2025-07-26 01:00:00,CV003321,0.0,0.0,4.09162e-08
50731,2025-07-26 01:00:00,CV003321,0.0,0.0,4.0957506e-08
50732,2025-07-26 01:30:00,CV003321,0.0,0.0,4.0998852e-08
50733,2025-07-26 01:30:00,CV003321,0.0,0.0,4.1040163e-08
50734,2025-07-26 02:00:00,CV003321,0.0,0.0,4.1081826e-08
50735,2025-07-26 02:00:00,CV003321,0.0,0.0,4.112354e-08
50736,2025-07-26 02:30:00,CV003321,0.0,0.0,4.1165052e-08
50737,2025-07-26 02:30:00,CV003321,0.0,0.0,4.1207077e-08
50738,2025-07-26 03:00:00,CV003321,0.0,0.0,4.124891e-08
50739,2025-07-26 03:00:00,CV003321,0.0,0.0,4.1290868e-08
50740,2025-07-26 03:30:00,CV003321,0.0,0.0,4.133302e-08
50741,2025-07-26 03:30:00,CV003321,0.0,0.0,4.137514e-08
50742,2025-07-26 04:00:00,CV003321,0.0,0.0,4.141754e-08
50743,2025-07-26 04:00:00,CV003321,0.0,0.0,4.1459668e-08
50744,2025-07-26 04:30:00,CV003321,0.0,0.0,4.1502155e-08
50745,2025-07-26 04:30:00,CV003321,0.0,0.0,4.1544524e-08
50746,2025-07-26 05:00:00,CV003321,0.0,0.0,4.15871e-08
50747,2025-07-26 05:00:00,CV003321,0.0,0.0,4.162972e-08
50748,2025-07-26 05:30:00,CV003321,0.0,0.0,4.1672457e-08
50749,2025-07-26 05:30:00,CV003321,0.0,0.0,4.171548e-08
50750,2025-07-26 06:00:00,CV003321,0.0,0.0,4.175831e-08
50751,2025-07-26 06:00:00,CV003321,0.0,0.0,4.1801105e-08
50752,2025-07-26 06:30:00,CV003321,0.0,0.0,4.1844498e-08
50753,2025-07-26 06:30:00,CV003321,0.0,0.0,4.1887542e-08
50754,2025-07-26 07:00:00,CV003321,0.0,0.0,4.1930946e-08
50755,2025-07-26 07:00:00,CV003321,0.0,0.0,4.1974236e-08
50756,2025-07-26 07:30:00,CV003321,0.0,0.0,4.201765e-08
50757,2025-07-26 07:30:00,CV003321,0.0,0.0,4.206119e-08
50758,2025-07-26 08:00:00,CV003321,0.0,0.0,4.2104613e-08
50759,2025-07-26 08:00:00,CV003321,0.0,0.0,4.2148244e-08
50760,2025-07-26 08:30:00,CV003321,0.0,0.0,4.219208e-08
50761,2025-07-26 08:30:00,CV003321,0.0,0.0,4.2236042e-08
50762,2025-07-26 09:00:00,CV003321,0.0,0.0,4.2280373e-08
50763,2025-07-26 09:00:00,CV003321,0.0,0.0,4.2323943e-08
50764,2025-07-26 09:30:00,CV003321,0.0,0.0,4.2368203e-08
50765,2025-07-26 09:30:00,CV003321,0.0,0.0,4.241219e-08
50766,2025-07-26 10:00:00,CV003321,0.0,0.0,4.245654e-08
50767,2025-07-26 10:00:00,CV003321,0.0,0.0,4.2500943e-08
50768,2025-07-26 10:30:00,CV003321,0.0,0.0,4.2545228e-08
50769,2025-07-26 10:30:00,CV003321,0.0,0.0,4.2589964e-08
50770,2025-07-26 11:00:00,CV003321,0.0,0.0,4.26345e-08
50771,2025-07-26 11:00:00,CV003321,0.0,0.0,4.267917e-08
50772,2025-07-26 11:30:00,CV003321,0.0,0.0,4.2723887e-08
50773,2025-07-26 11:30:00,CV003321,0.0,0.0,4.2768974e-08
50774,2025-07-26 12:00:00,CV003321,0.0,0.0,4.28137e-08
50775,2025-07-26 12:00:00,CV003321,0.0,0.0,4.28588e-08
50776,2025-07-26 12:30:00,CV003321,0.0,0.0,4.2903785e-08
50777,2025-07-26 12:30:00,CV003321,0.0,0.0,4.2948898e-08
50778,2025-07-26 13:00:00,CV003321,0.0,0.0,4.2994305e-08
50779,2025-07-26 13:00:00,CV003321,0.0,0.0,4.303976e-08
50780,2025-07-26 13:30:00,CV003321,0.0,0.0,4.3085013e-08
50781,2025-07-26 13:30:00,CV003321,0.0,0.0,4.31304e-08
50782,2025-07-26 14:00:00,CV003321,0.0,0.0,4.3175916e-08
50783,2025-07-26 14:00:00,CV003321,0.0,0.0,4.322173e-08
50784,2025-07-26 14:30:00,CV003321,0.0,0.0,4.3267423e-08
50785,2025-07-26 14:30:00,CV003321,0.0,0.0,4.3313086e-08
50786,2025-07-26 15:00:00,CV003321,0.0,0.0,4.3359208e-08
50787,2025-07-26 15:00:00,CV003321,0.0,0.0,4.3405297e-08
50788,2025-07-26 15:30:00,CV003321,0.0,0.0,4.3451184e-08
50789,2025-07-26 15:30:00,CV003321,0.0,0.0,4.3497288e-08
50790,2025-07-26 16:00:00,CV003321,0.0,0.0,4.354369e-08
50791,2025-07-26 16:00:00,CV003321,0.0,0.0,4.3590056e-08
50792,2025-07-26 16:30:00,CV003321,0.0,0.0,4.3636394e-08
50793,2025-07-26 16:30:00,CV003321,0.0,0.0,4.3682697e-08
50794,2025-07-26 17:00:00,CV003321,0.0,0.0,4.3729628e-08
50795,2025-07-26 17:00:00,CV003321,0.0,0.0,4.377603e-08
50796,2025-07-26 17:30:00,CV003321,0.0,0.0,4.3822894e-08
50797,2025-07-26 17:30:00,CV003321,0.0,0.0,4.3869644e-08
50798,2025-07-26 18:00:00,CV003321,0.0,0.0,4.3916696e-08
50799,2025-07-26 18:00:00,CV003321,0.0,0.0,4.3963624e-08
50800,2025-07-26 18:30:00,CV003321,0.0,0.0,4.401044e-08
50801,2025-07-26 18:30:00,CV003321,0.0,0.0,4.405764e-08
50802,2025-07-26 19:00:00,CV003321,0.0,0.0,4.410506e-08
50803,2025-07-26 19:00:00,CV003321,0.0,0.0,4.415203e-08
50804,2025-07-26 19:30:00,CV003321,0.0,0.0,4.4199464e-08
50805,2025-07-26 19:30:00,CV003321,0.0,0.0,4.4246953e-08
50806,2025-07-26 20:00:00,CV003321,0.0,0.0,4.429458e-08
50807,2025-07-26 20:00:00,CV003321,0.0,0.0,4.434234e-08
50808,2025-07-26 20:30:00,CV003321,0.0,0.0,4.4389896e-08
50809,2025-07-26 20:30:00,CV003321,0.0,0.0,4.443776e-08
50810,2025-07-26 21:00:00,CV003321,0.0,0.0,4.4485418e-08
50811,2025-07-26 21:00:00,CV003321,0.0,0.0,4.4533383e-08
50812,2025-07-26 21:30:00,CV003321,0.0,0.0,4.4581398e-08
50813,2025-07-26 21:30:00,CV003321,0.0,0.0,4.462964e-08
50814,2025-07-26 22:00:00,CV003321,0.0,0.0,4.467776e-08
50815,2025-07-26 22:00:00,CV003321,0.0,0.0,4.4725933e-08
50816,2025-07-26 22:30:00,CV003321,0.0,0.0,4.477433e-08
50817,2025-07-26 22:30:00,CV003321,0.0,0.0,4.4822695e-08
50818,2025-07-26 23:00:00,CV003321,0.0,0.0,4.4870937e-08
50819,2025-07-26 23:00:00,CV003321,0.0,0.0,4.4919833e-08
50820,2025-07-26 23:30:00,CV003321,0.0,0.0,4.496801e-08
50821,2025-07-26 23:30:00,CV003321,0.0,0.0,4.5016925e-08
50822,2025-07-27 00:00:00,CV003321,0.0,0.0,4.5065807e-08
50823,2025-07-27 00:00:00,CV003321,0.0,0.0,4.5114483e-08
50824,2025-07-27 00:30:00,CV003321,0.0,0.0,4.516339e-08
50825,2025-07-27 00:30:00,CV003321,0.0,0.0,4.5212428e-08
50826,2025-07-27 01:00:00,CV003321,0.0,0.0,4.5261523e-08
50827,2025-07-27 01:00:00,CV003321,0.0,0.0,4.5310845e-08
50828,2025-07-27 01:30:00,CV003321,0.0,0.0,4.535996e-08
50829,2025-07-27 01:30:00,CV003321,0.0,0.0,4.54093e-08
50830,2025-07-27 02:00:00,CV003321,0.0,0.0,4.5458787e-08
50831,2025-07-27 02:00:00,CV003321,0.0,0.0,4.5508234e-08
50832,2025-07-27 02:30:00,CV003321,0.0,0.0,4.555756e-08
50833,2025-07-27 02:30:00,CV003321,0.0,0.0,4.5607294e-08
50834,2025-07-27 03:00:00,CV003321,0.0,0.0,4.5657163e-08
50835,2025-07-27 03:00:00,CV003321,0.0,0.0,4.570709e-08
50836,2025-07-27 03:30:00,CV003321,0.0,0.0,4.575672e-08
50837,2025-07-27 03:30:00,CV003321,0.0,0.0,4.5806672e-08
50838,2025-07-27 04:00:00,CV003321,0.0,0.0,4.5856936e-08
50839,2025-07-27 04:00:00,CV003321,0.0,0.0,4.5906816e-08
50840,2025-07-27 04:30:00,CV003321,0.0,0.0,4.595693e-08
50841,2025-07-27 04:30:00,CV003321,0.0,0.0,4.6007184e-08
50842,2025-07-27 05:00:00,CV003321,0.0,0.0,4.6057405e-08
50843,2025-07-27 05:00:00,CV003321,0.0,0.0,4.6107854e-08
50844,2025-07-27 05:30:00,CV003321,0.0,0.0,4.6158277e-08
50845,2025-07-27 05:30:00,CV003321,0.0,0.0,4.6209102e-08
50846,2025-07-27 06:00:00,CV003321,0.0,0.0,4.625946e-08
50847,2025-07-27 06:00:00,CV003321,0.0,0.0,4.6309953e-08
50848,2025-07-27 06:30:00,CV003321,0.0,0.0,4.636077e-08
50849,2025-07-27 06:30:00,CV003321,0.0,0.0,4.6411646e-08
50850,2025-07-27 07:00:00,CV003321,0.0,0.0,4.646302e-08
50851,2025-07-27 07:00:00,CV003321,0.0,0.0,4.6513822e-08
50852,2025-07-27 07:30:00,CV003321,0.0,0.0,4.6564775e-08
50853,2025-07-27 07:30:00,CV003321,0.0,0.0,4.661578e-08
50854,2025-07-27 08:00:00,CV003321,0.0,0.0,4.6667026e-08
50855,2025-07-27 08:00:00,CV003321,0.0,0.0,4.671868e-08
50856,2025-07-27 08:30:00,CV003321,0.0,0.0,4.67703e-08
50857,2025-07-27 08:30:00,CV003321,0.0,0.0,4.682136e-08
50858,2025-07-27 09:00:00,CV003321,0.0,0.0,4.6872916e-08
50859,2025-07-27 09:00:00,CV003321,0.0,0.0,4.692435e-08
50860,2025-07-27 09:30:00,CV003321,0.0,0.0,4.697602e-08
50861,2025-07-27 09:30:00,CV003321,0.0,0.0,4.7028017e-08
50862,2025-07-27 10:00:00,CV003321,0.0,0.0,4.70798e-08
50863,2025-07-27 10:00:00,CV003321,0.0,0.0,4.713155e-08
50864,2025-07-27 10:30:00,CV003321,0.0,0.0,4.7183722e-08
50865,2025-07-27 10:30:00,CV003321,0.0,0.0,4.723559e-08
50866,2025-07-27 11:00:00,CV003321,0.0,0.0,4.7287784e-08
50867,2025-07-27 11:00:00,CV003321,0.0,0.0,4.7340304e-08
50868,2025-07-27 11:30:00,CV003321,0.0,0.0,4.739234e-08
50869,2025-07-27 11:30:00,CV003321,0.0,0.0,4.744489e-08
50870,2025-07-27 12:00:00,CV003321,0.0,0.0,4.7497043e-08
50871,2025-07-27 12:00:00,CV003321,0.0,0.0,4.7549523e-08
50872,2025-07-27 12:30:00,CV003321,0.0,0.0,4.7602065e-08
50873,2025-07-27 12:30:00,CV003321,0.0,0.0,4.7654662e-08
50874,2025-07-27 13:00:00,CV003321,0.0,0.0,4.7707594e-08
50875,2025-07-27 13:00:00,CV003321,0.0,0.0,4.776031e-08
50876,2025-07-27 13:30:00,CV003321,0.0,0.0,4.7812993e-08
50877,2025-07-27 13:30:00,CV003321,0.0,0.0,4.7865914e-08
50878,2025-07-27 14:00:00,CV003321,0.0,0.0,4.7919173e-08
50879,2025-07-27 14:00:00,CV003321,0.0,0.0,4.7972303e-08
50880,2025-07-27 14:30:00,CV003321,0.0,0.0,4.802549e-08
50881,2025-07-27 14:30:00,CV003321,0.0,0.0,4.8078373e-08
50882,2025-07-27 15:00:00,CV003321,0.0,0.0,4.8131685e-08
50883,2025-07-27 15:00:00,CV003321,0.0,0.0,4.8185143e-08
50884,2025-07-27 15:30:00,CV003321,0.0,0.0,4.8238572e-08
50885,2025-07-27 15:30:00,CV003321,0.0,0.0,4.829215e-08
50886,2025-07-27 16:00:00,CV003321,0.0,0.0,4.8345512e-08
50887,2025-07-27 16:00:00,CV003321,0.0,0.0,4.8399393e-08
50888,2025-07-27 16:30:00,CV003321,0.0,0.0,4.845306e-08
50889,2025-07-27 16:30:00,CV003321,0.0,0.0,4.850678e-08
50890,2025-07-27 17:00:00,CV003321,0.0,0.0,4.8560747e-08
50891,2025-07-27 17:00:00,CV003321,0.0,0.0,4.8614687e-08
50892,2025-07-27 17:30:00,CV003321,0.0,0.0,4.8668404e-08
50893,2025-07-27 17:30:00,CV003321,0.0,0.0,4.872283e-08
50894,2025-07-27 18:00:00,CV003321,0.0,0.0,4.8776855e-08
50895,2025-07-27 18:00:00,CV003321,0.0,0.0,4.8831122e-08
50896,2025-07-27 18:30:00,CV003321,0.0,0.0,4.888536e-08
50897,2025-07-27 18:30:00,CV003321,0.0,0.0,4.893975e-08
50898,2025-07-27 19:00:00,CV003321,0.0,0.0,4.8994202e-08
50899,2025-07-27 19:00:00,CV003321,0.0,0.0,4.904871e-08
50900,2025-07-27 19:30:00,CV003321,0.0,0.0,4.910328e-08
50901,2025-07-27 19:30:00,CV003321,0.0,0.0,4.9158103e-08
50902,2025-07-27 20:00:00,CV003321,0.0,0.0,4.92127e-08
50903,2025-07-27 20:00:00,CV003321,0.0,0.0,4.926727e-08
50904,2025-07-27 20:30:00,CV003321,0.0,0.0,4.9322363e-08
50905,2025-07-27 20:30:00,CV003321,0.0,0.0,4.9377242e-08
50906,2025-07-27 21:00:00,CV003321,0.0,0.0,4.943199e-08
50907,2025-07-27 21:00:00,CV003321,0.0,0.0,4.9487085e-08
50908,2025-07-27 21:30:00,CV003321,0.0,0.0,4.9542237e-08
50909,2025-07-27 21:30:00,CV003321,0.0,0.0,4.9597453e-08
50910,2025-07-27 22:00:00,CV003321,0.0,0.0,4.9653014e-08
50911,2025-07-27 22:00:00,CV003321,0.0,0.0,4.9708067e-08
50912,2025-07-27 22:30:00,CV003321,0.0,0.0,4.9763464e-08
50913,2025-07-27 22:30:00,CV003321,0.0,0.0,4.9819025e-08
50914,2025-07-27 23:00:00,CV003321,0.0,0.0,4.9874355e-08
50915,2025-07-27 23:00:00,CV003321,0.0,0.0,4.993023e-08
50916,2025-07-27 23:30:00,CV003321,0.0,0.0,4.998588e-08
50917,2025-07-27 23:30:00,CV003321,0.0,0.0,5.004149e-08
50918,2025-07-28 00:00:00,CV003321,0.0,0.0,5.0097455e-08
50919,2025-07-28 00:00:00,CV003321,0.0,0.0,5.0153194e-08
50920,2025-07-28 00:30:00,CV003321,0.0,0.0,5.0209376e-08
50921,2025-07-28 00:30:00,CV003321,0.0,0.0,5.0265243e-08
50922,2025-07-28 01:00:00,CV003321,0.0,0.0,5.0321354e-08
50923,2025-07-28 01:00:00,CV003321,0.0,0.0,5.037773e-08
50924,2025-07-28 01:30:00,CV003321,0.0,0.0,5.043407e-08
50925,2025-07-28 01:30:00,CV003321,0.0,0.0,5.049018e-08
50926,2025-07-28 02:00:00,CV003321,0.0,0.0,5.054655e-08
50927,2025-07-28 02:00:00,CV003321,0.0,0.0,5.060308e-08
50928,2025-07-28 02:30:00,CV003321,0.0,0.0,5.0659573e-08
50929,2025-07-28 02:30:00,CV003321,0.0,0.0,5.0716224e-08
50930,2025-07-28 03:00:00,CV003321,0.0,0.0,5.0772847e-08
50931,2025-07-28 03:00:00,CV003321,0.0,0.0,5.0829527e-08
50932,2025-07-28 03:30:00,CV003321,0.0,0.0,5.0886374e-08
50933,2025-07-28 03:30:00,CV003321,0.0,0.0,5.0943086e-08
50934,2025-07-28 04:00:00,CV003321,0.0,0.0,5.099996e-08
50935,2025-07-28 04:00:00,CV003321,0.0,0.0,5.1057096e-08
50936,2025-07-28 04:30:00,CV003321,0.0,0.0,5.1113997e-08
50937,2025-07-28 04:30:00,CV003321,0.0,0.0,5.117087e-08
50938,2025-07-28 05:00:00,CV003321,0.0,0.0,5.1228096e-08
50939,2025-07-28 05:00:00,CV003321,0.0,0.0,5.128548e-08
50940,2025-07-28 05:30:00,CV003321,0.0,0.0,5.1342834e-08
50941,2025-07-28 05:30:00,CV003321,0.0,0.0,5.1400157e-08
50942,2025-07-28 06:00:00,CV003321,0.0,0.0,5.1457345e-08
50943,2025-07-28 06:00:00,CV003321,0.0,0.0,5.1515087e-08
50944,2025-07-28 06:30:00,CV003321,0.0,0.0,5.15727e-08
50945,2025-07-28 06:30:00,CV003321,0.0,0.0,5.1630373e-08
50946,2025-07-28 07:00:00,CV003321,0.0,0.0,5.1687916e-08
50947,2025-07-28 07:00:00,CV003321,0.0,0.0,5.1745918e-08
50948,2025-07-28 07:30:00,CV003321,0.0,0.0,5.180359e-08
50949,2025-07-28 07:30:00,CV003321,0.0,0.0,5.1861228e-08
50950,2025-07-28 08:00:00,CV003321,0.0,0.0,5.191952e-08
50951,2025-07-28 08:00:00,CV003321,0.0,0.0,5.1977384e-08
50952,2025-07-28 08:30:00,CV003321,0.0,0.0,5.2035514e-08
50953,2025-07-28 08:30:00,CV003321,0.0,0.0,5.209371e-08
50954,2025-07-28 09:00:00,CV003321,0.0,0.0,5.2151865e-08
50955,2025-07-28 09:00:00,CV003321,0.0,0.0,5.221029e-08
50956,2025-07-28 09:30:00,CV003321,0.0,0.0,5.226868e-08
50957,2025-07-28 09:30:00,CV003321,0.0,0.0,5.232713e-08
50958,2025-07-28 10:00:00,CV003321,0.0,0.0,5.238535e-08
50959,2025-07-28 10:00:00,CV003321,0.0,0.0,5.2444232e-08
50960,2025-07-28 10:30:00,CV003321,0.0,0.0,5.2502784e-08
50961,2025-07-28 10:30:00,CV003321,0.0,0.0,5.2561298e-08
50962,2025-07-28 11:00:00,CV003321,0.0,0.0,5.262038e-08
50963,2025-07-28 11:00:00,CV003321,0.0,0.0,5.2679027e-08
50964,2025-07-28 11:30:00,CV003321,0.0,0.0,5.2737636e-08
50965,2025-07-28 11:30:00,CV003321,0.0,0.0,5.2796416e-08
50966,2025-07-28 12:00:00,CV003321,0.0,0.0,5.285566e-08
50967,2025-07-28 12:00:00,CV003321,0.0,0.0,5.291477e-08
50968,2025-07-28 12:30:00,CV003321,0.0,0.0,5.2973746e-08
50969,2025-07-28 12:30:00,CV003321,0.0,0.0,5.303278e-08
50970,2025-07-28 13:00:00,CV003321,0.0,0.0,5.309189e-08
50971,2025-07-28 13:00:00,CV003321,0.0,0.0,5.315157e-08
50972,2025-07-28 13:30:00,CV003321,0.0,0.0,5.3210503e-08
50973,2025-07-28 13:30:00,CV003321,0.0,0.0,5.327001e-08
50974,2025-07-28 14:00:00,CV003321,0.0,0.0,5.3329586e-08
50975,2025-07-28 14:00:00,CV003321,0.0,0.0,5.3389424e-08
50976,2025-07-28 14:30:00,CV003321,0.0,0.0,5.3448524e-08
50977,2025-07-28 14:30:00,CV003321,0.0,0.0,5.35085e-08
50978,2025-07-28 15:00:00,CV003321,0.0,0.0,5.3568236e-08
50979,2025-07-28 15:00:00,CV003321,0.0,0.0,5.362763e-08
50980,2025-07-28 15:30:00,CV003321,0.0,0.0,5.368781e-08
50981,2025-07-28 15:30:00,CV003321,0.0,0.0,5.3747545e-08
50982,2025-07-28 16:00:00,CV003321,0.0,0.0,0.00019106099
50983,2025-07-28 16:00:00,CV003321,0.0,0.0,0.0002701564
50984,2025-07-28 16:30:00,CV003321,0.0,0.0,0.0003398705
50985,2025-07-28 16:30:00,CV003321,0.0,0.0,0.00041486137
50986,2025-07-28 17:00:00,CV003321,0.0,0.0,0.00049972587
50987,2025-07-28 17:00:00,CV003321,0.0,0.0,0.00059522165
50988,2025-07-28 17:30:00,CV003321,0.0,0.0,0.00070038665
50989,2025-07-28 17:30:00,CV003321,0.0,0.0,0.00081346533
50990,2025-07-28 18:00:00,CV003321,0.0,0.0,0.0009325061
50991,2025-07-28 18:00:00,CV003321,0.0,0.0,0.0010555096
50992,2025-07-28 18:30:00,CV003321,0.0,0.0,0.0011805632
50993,2025-07-28 18:30:00,CV003321,0.0,0.0,0.0013056307
50994,2025-07-28 19:00:00,CV003321,0.0,0.0,0.0014287819
50995,2025-07-28 19:00:00,CV003321,0.0,0.0,0.0015483401
50996,2025-07-28 19:30:00,CV003321,0.0,0.0,0.0016628522
50997,2025-07-28 19:30:00,CV003321,0.0,0.0,0.0017709732
50998,2025-07-28 20:00:00,CV003321,0.0,0.0,0.0018715843
50999,2025-07-28 20:00:00,CV003321,0.0,0.0,0.0019636997
51000,2025-07-28 20:30:00,CV003321,0.0,0.0,0.0020465564
51001,2025-07-28 20:30:00,CV003321,0.0,0.0,0.0021195756
51002,2025-07-28 21:00:00,CV003321,0.0,0.0,0.0021823642
51003,2025-07-28 21:00:00,CV003321,0.0,0.0,0.0022346922
51004,2025-07-28 21:30:00,CV003321,0.0,0.0,0.0022765063
51005,2025-07-28 21:30:00,CV003321,0.0,0.0,0.002307907
51006,2025-07-28 22:00:00,CV003321,0.0,0.0,0.0023290934
51007,2025-07-28 22:00:00,CV003321,0.0,0.0,0.0023404134
51008,2025-07-28 22:30:00,CV003321,0.0,0.0,0.0023423282
51009,2025-07-28 22:30:00,CV003321,0.0,0.0,0.0023353337
51010,2025-07-28 23:00:00,CV003321,0.0,0.0,0.002320017
51011,2025-07-28 23:00:00,CV003321,0.0,0.0,0.0022969902
51012,2025-07-28 23:30:00,CV003321,0.0,0.0,0.0022669565
51013,2025-07-28 23:30:00,CV003321,0.0,0.0,0.0022305702
51014,2025-07-29 00:00:00,CV003321,0.0,0.0,0.0021885103
51015,2025-07-29 00:00:00,CV003321,0.0,0.0,0.0021414754
51016,2025-07-29 00:30:00,CV003321,0.0,0.0,0.0020901123
51017,2025-07-29 00:30:00,CV003321,0.0,0.0,0.002035097
51018,2025-07-29 01:00:00,CV003321,0.0,0.0,0.001977039
51019,2025-07-29 01:00:00,CV003321,0.0,0.0,0.0019165047
51020,2025-07-29 01:30:00,CV003321,0.0,0.0,0.0018540795
51021,2025-07-29 01:30:00,CV003321,0.0,0.0,0.0017902532
51022,2025-07-29 02:00:00,CV003321,0.0,0.0,0.0017254872
51023,2025-07-29 02:00:00,CV003321,0.0,0.0,0.001660247
51024,2025-07-29 02:30:00,CV003321,0.0,0.0,0.0015948844
51025,2025-07-29 02:30:00,CV003321,0.0,0.0,0.0015297779
51026,2025-07-29 03:00:00,CV003321,0.0,0.0,0.0014652193
51027,2025-07-29 03:00:00,CV003321,0.0,0.0,0.0014014954
51028,2025-07-29 03:30:00,CV003321,0.0,0.0,0.0013388332
51029,2025-07-29 03:30:00,CV003321,0.0,0.0,0.0012774372
51030,2025-07-29 04:00:00,CV003321,0.0,0.0,0.0012174862
51031,2025-07-29 04:00:00,CV003321,0.0,0.0,0.0011591181
51032,2025-07-29 04:30:00,CV003321,0.0,0.0,0.001102461
51033,2025-07-29 04:30:00,CV003321,0.0,0.0,0.0010477358
51034,2025-07-29 05:00:00,CV003321,0.0,0.0,0.0009950396
51035,2025-07-29 05:00:00,CV003321,0.0,0.0,0.00094439724
51036,2025-07-29 05:30:00,CV003321,0.0,0.0,0.0008958081
51037,2025-07-29 05:30:00,CV003321,0.0,0.0,0.00084925874
51038,2025-07-29 06:00:00,CV003321,0.0,0.0,0.0008047277
51039,2025-07-29 06:00:00,CV003321,0.0,0.0,0.0007621896
51040,2025-07-29 06:30:00,CV003321,0.0,0.0,0.00072159513
51041,2025-07-29 06:30:00,CV003321,0.0,0.0,0.0006829113
51042,2025-07-29 07:00:00,CV003321,0.0,0.0,0.00064608164
51043,2025-07-29 07:00:00,CV003321,0.0,0.0,0.0006110485
51044,2025-07-29 07:30:00,CV003321,0.0,0.0,0.0005777569
51045,2025-07-29 07:30:00,CV003321,0.0,0.0,0.00054614706
51046,2025-07-29 08:00:00,CV003321,0.0,0.0,0.00051615306
51047,2025-07-29 08:00:00,CV003321,0.0,0.0,0.0004877206
51048,2025-07-29 08:30:00,CV003321,0.0,0.0,0.0004607777
51049,2025-07-29 08:30:00,CV003321,0.0,0.0,0.00043526353
51050,2025-07-29 09:00:00,CV003321,0.0,0.0,0.00041111498
51051,2025-07-29 09:00:00,CV003321,0.0,0.0,0.00038827266
51052,2025-07-29 09:30:00,CV003321,0.0,0.0,0.0003666753
51053,2025-07-29 09:30:00,CV003321,0.0,0.0,0.0003462619
51054,2025-07-29 10:00:00,CV003321,0.0,0.0,0.00032697475
51055,2025-07-29 10:00:00,CV003321,0.0,0.0,0.00030876018
51056,2025-07-29 10:30:00,CV003321,0.0,0.0,0.00029156287
51057,2025-07-29 10:30:00,CV003321,0.0,0.0,0.00027532806
51058,2025-07-29 11:00:00,CV003321,0.0,0.0,0.0002600077
51059,2025-07-29 11:00:00,CV003321,0.0,0.0,0.00024555245
51060,2025-07-29 11:30:00,CV003321,0.0,0.0,0.00023191774
51061,2025-07-29 11:30:00,CV003321,0.0,0.0,0.00021905717
51062,2025-07-29 12:00:00,CV003321,0.0,0.0,0.00020692902
51063,2025-07-29 12:00:00,CV003321,0.0,0.0,0.00019549373
51064,2025-07-29 12:30:00,CV003321,0.0,0.0,0.00018471143
51065,2025-07-29 12:30:00,CV003321,0.0,0.0,0.00017454576
51066,2025-07-29 13:00:00,CV003321,0.0,0.0,0.00016496357
51067,2025-07-29 13:00:00,CV003321,0.0,0.0,0.00015592879
51068,2025-07-29 13:30:00,CV003321,0.0,0.0,0.00014741367
51069,2025-07-29 13:30:00,CV003321,0.0,0.0,0.00013938558
51070,2025-07-29 14:00:00,CV003321,0.0,0.0,0.00013181807
51071,2025-07-29 14:00:00,CV003321,0.0,0.0,0.00012468408
51072,2025-07-29 14:30:00,CV003321,0.0,0.0,0.00011795843
51073,2025-07-29 14:30:00,CV003321,0.0,0.0,0.000111617264
51074,2025-07-29 15:00:00,CV003321,0.0,0.0,0.000105638326
51075,2025-07-29 15:00:00,CV003321,0.0,0.0,0.000100000994
51076,2025-07-29 15:30:00,CV003321,0.0,0.0,9.468435e-05
51077,2025-07-29 15:30:00,CV003321,0.0,0.0,8.96707e-05
51078,2025-07-29 16:00:00,CV003321,0.0,0.0,8.494139e-05
51079,2025-07-29 16:00:00,CV003321,0.0,0.0,8.048007e-05
51080,2025-07-29 16:30:00,CV003321,0.0,0.0,7.6271106e-05
51081,2025-07-29 16:30:00,CV003321,0.0,0.0,7.229982e-05
51082,2025-07-29 17:00:00,CV003321,0.0,0.0,6.855172e-05
51083,2025-07-29 17:00:00,CV003321,0.0,0.0,6.50141e-05
51084,2025-07-29 17:30:00,CV003321,0.0,0.0,6.16745e-05
51085,2025-07-29 17:30:00,CV003321,0.0,0.0,5.852167e-05
51086,2025-07-29 18:00:00,CV003321,0.0,0.0,5.554415e-05
51087,2025-07-29 18:00:00,CV003321,0.0,0.0,5.2731753e-05
51088,2025-07-29 18:30:00,CV003321,0.0,0.0,5.007526e-05
51089,2025-07-29 18:30:00,CV003321,0.0,0.0,4.756502e-05
51090,2025-07-29 19:00:00,CV003321,0.0,0.0,4.519285e-05
51091,2025-07-29 19:00:00,CV003321,0.0,0.0,4.295082e-05
51092,2025-07-29 19:30:00,CV003321,0.0,0.0,4.0831117e-05
51093,2025-07-29 19:30:00,CV003321,0.0,0.0,3.882642e-05
51094,2025-07-29 20:00:00,CV003321,0.0,0.0,3.693068e-05
51095,2025-07-29 20:00:00,CV003321,0.0,0.0,3.5137313e-05
51096,2025-07-29 20:30:00,CV003321,0.0,0.0,3.344031e-05
51097,2025-07-29 20:30:00,CV003321,0.0,0.0,3.183413e-05
51098,2025-07-29 21:00:00,CV003321,0.0,0.0,3.0313737e-05
51099,2025-07-29 21:00:00,CV003321,0.0,0.0,2.8874218e-05
51100,2025-07-29 21:30:00,CV003321,0.0,0.0,2.7510821e-05
51101,2025-07-29 21:30:00,CV003321,0.0,0.0,2.6219326e-05
51102,2025-07-29 22:00:00,CV003321,0.0,0.0,2.4995607e-05
51103,2025-07-29 22:00:00,CV003321,0.0,0.0,2.38358e-05
51104,2025-07-29 22:30:00,CV003321,0.0,0.0,2.2736527e-05
51105,2025-07-29 22:30:00,CV003321,0.0,0.0,2.1693993e-05
51106,2025-07-29 23:00:00,CV003321,0.0,0.0,2.07053e-05
51107,2025-07-29 23:00:00,CV003321,0.0,0.0,1.9767323e-05
51108,2025-07-29 23:30:00,CV003321,0.0,0.0,1.887738e-05
51109,2025-07-29 23:30:00,CV003321,0.0,0.0,1.8032713e-05
51110,2025-07-30 00:00:00,CV003321,0.0,0.0,1.7230785e-05
51111,2025-07-30 00:00:00,CV003321,0.0,0.0,1.646923e-05
51112,2025-07-30 00:30:00,CV003321,0.0,0.0,1.574596e-05
51113,2025-07-30 00:30:00,CV003321,0.0,0.0,1.5058801e-05
51114,2025-07-30 01:00:00,CV003321,0.0,0.0,1.4405738e-05
51115,2025-07-30 01:00:00,CV003321,0.0,0.0,1.3785046e-05
51116,2025-07-30 01:30:00,CV003321,0.0,0.0,1.319482e-05
51117,2025-07-30 01:30:00,CV003321,0.0,0.0,1.2633383e-05
51118,2025-07-30 02:00:00,CV003321,0.0,0.0,1.20992745e-05
51119,2025-07-30 02:00:00,CV003321,0.0,0.0,1.1591039e-05
51120,2025-07-30 02:30:00,CV003321,0.0,0.0,1.1107244e-05
51121,2025-07-30 02:30:00,CV003321,0.0,0.0,1.0646668e-05
51122,2025-07-30 03:00:00,CV003321,0.0,0.0,1.0208072e-05
51123,2025-07-30 03:00:00,CV003321,0.0,0.0,9.790259e-06
51124,2025-07-30 03:30:00,CV003321,0.0,0.0,9.392183e-06
51125,2025-07-30 03:30:00,CV003321,0.0,0.0,9.0128415e-06
51126,2025-07-30 04:00:00,CV003321,0.0,0.0,8.651183e-06
51127,2025-07-30 04:00:00,CV003321,0.0,0.0,8.306364e-06
51128,2025-07-30 04:30:00,CV003321,0.0,0.0,7.977487e-06
51129,2025-07-30 04:30:00,CV003321,0.0,0.0,7.663964e-06
51130,2025-07-30 05:00:00,CV003321,0.0,0.0,7.3651568e-06
51131,2025-07-30 05:00:00,CV003321,0.0,0.0,7.0802203e-06
51132,2025-07-30 05:30:00,CV003321,0.0,0.0,6.8084632e-06
51133,2025-07-30 05:30:00,CV003321,0.0,0.0,6.5492222e-06
51134,2025-07-30 06:00:00,CV003321,0.0,0.0,6.301823e-06
51135,2025-07-30 06:00:00,CV003321,0.0,0.0,6.0656494e-06
51136,2025-07-30 06:30:00,CV003321,0.0,0.0,5.840119e-06
51137,2025-07-30 06:30:00,CV003321,0.0,0.0,5.624691e-06
51138,2025-07-30 07:00:00,CV003321,0.0,0.0,5.4188736e-06
51139,2025-07-30 07:00:00,CV003321,0.0,0.0,5.2221408e-06
51140,2025-07-30 07:30:00,CV003321,0.0,0.0,5.034077e-06
51141,2025-07-30 07:30:00,CV003321,0.0,0.0,4.854225e-06
51142,2025-07-30 08:00:00,CV003321,0.0,0.0,4.682174e-06
51143,2025-07-30 08:00:00,CV003321,0.0,0.0,4.5175134e-06
51144,2025-07-30 08:30:00,CV003321,0.0,0.0,4.3599607e-06
51145,2025-07-30 08:30:00,CV003321,0.0,0.0,4.209076e-06
51146,2025-07-30 09:00:00,CV003321,0.0,0.0,4.0646137e-06
51147,2025-07-30 09:00:00,CV003321,0.0,0.0,3.9261727e-06
51148,2025-07-30 09:30:00,CV003321,0.0,0.0,3.793543e-06
51149,2025-07-30 09:30:00,CV003321,0.0,0.0,3.6664214e-06
51150,2025-07-30 10:00:00,CV003321,0.0,0.0,3.5445164e-06
51151,2025-07-30 10:00:00,CV003321,0.0,0.0,3.427632e-06
51152,2025-07-30 10:30:00,CV003321,0.0,0.0,3.3155002e-06
51153,2025-07-30 10:30:00,CV003321,0.0,0.0,3.207911e-06
51154,2025-07-30 11:00:00,CV003321,0.0,0.0,3.1046307e-06
51155,2025-07-30 11:00:00,CV003321,0.0,0.0,3.005486e-06
51156,2025-07-30 11:30:00,CV003321,0.0,0.0,2.9102819e-06
51157,2025-07-30 11:30:00,CV003321,0.0,0.0,2.8188006e-06
51158,2025-07-30 12:00:00,CV003321,0.0,0.0,2.7309397e-06
51159,2025-07-30 12:00:00,CV003321,0.0,0.0,2.6464807e-06
51160,2025-07-30 12:30:00,CV003321,0.0,0.0,2.5652996e-06
51161,2025-07-30 12:30:00,CV003321,0.0,0.0,2.4872297e-06
51162,2025-07-30 13:00:00,CV003321,0.0,0.0,2.4121523e-06
51163,2025-07-30 13:00:00,CV003321,0.0,0.0,2.3399034e-06
51164,2025-07-30 13:30:00,CV003321,0.0,0.0,2.270403e-06
51165,2025-07-30 13:30:00,CV003321,0.0,0.0,2.2034985e-06
51166,2025-07-30 14:00:00,CV003321,0.0,0.0,2.1390879e-06
51167,2025-07-30 14:00:00,CV003321,0.0,0.0,2.077063e-06
51168,2025-07-30 14:30:00,CV003321,0.0,0.0,2.017302e-06
51169,2025-07-30 14:30:00,CV003321,0.0,0.0,1.959741e-06
51170,2025-07-30 15:00:00,CV003321,0.0,0.0,1.9042706e-06
51171,2025-07-30 15:00:00,CV003321,0.0,0.0,1.8507993e-06
51172,2025-07-30 15:30:00,CV003321,0.0,0.0,1.7992429e-06
51173,2025-07-30 15:30:00,CV003321,0.0,0.0,1.7495215e-06
51174,2025-07-30 16:00:00,CV003321,0.0,0.0,1.7015666e-06
51175,2025-07-30 16:00:00,CV003321,0.0,0.0,1.6553051e-06
51176,2025-07-30 16:30:00,CV003321,0.0,0.0,1.6106546e-06
51177,2025-07-30 16:30:00,CV003321,0.0,0.0,1.5675538e-06
51178,2025-07-30 17:00:00,CV003321,0.0,0.0,1.5259469e-06
51179,2025-07-30 17:00:00,CV003321,0.0,0.0,1.4857629e-06
51180,2025-07-30 17:30:00,CV003321,0.0,0.0,1.4469437e-06
51181,2025-07-30 17:30:00,CV003321,0.0,0.0,1.4094235e-06
51182,2025-07-30 18:00:00,CV003321,0.0,0.0,1.3731566e-06
51183,2025-07-30 18:00:00,CV003321,0.0,0.0,1.3380995e-06
51184,2025-07-30 18:30:00,CV003321,0.0,0.0,1.3041976e-06
51185,2025-07-30 18:30:00,CV003321,0.0,0.0,1.2714163e-06
51186,2025-07-30 19:00:00,CV003321,0.0,0.0,1.2397014e-06
51187,2025-07-30 19:00:00,CV003321,0.0,0.0,1.2090198e-06
51188,2025-07-30 19:30:00,CV003321,0.0,0.0,1.1793202e-06
51189,2025-07-30 19:30:00,CV003321,0.0,0.0,1.150576e-06
51190,2025-07-30 20:00:00,CV003321,0.0,0.0,1.1227531e-06
51191,2025-07-30 20:00:00,CV003321,0.0,0.0,1.095808e-06
51192,2025-07-30 20:30:00,CV003321,0.0,0.0,1.0697154e-06
51193,2025-07-30 20:30:00,CV003321,0.0,0.0,1.0444393e-06
51194,2025-07-30 21:00:00,CV003321,0.0,0.0,1.0199471e-06
51195,2025-07-30 21:00:00,CV003321,0.0,0.0,9.962147e-07
51196,2025-07-30 21:30:00,CV003321,0.0,0.0,9.732107e-07
51197,2025-07-30 21:30:00,CV003321,0.0,0.0,9.509166e-07
51198,2025-07-30 22:00:00,CV003321,0.0,0.0,9.2929355e-07
51199,2025-07-30 22:00:00,CV003321,0.0,0.0,9.083268e-07
51200,2025-07-30 22:30:00,CV003321,0.0,0.0,8.879931e-07
51201,2025-07-30 22:30:00,CV003321,0.0,0.0,8.682653e-07
51202,2025-07-30 23:00:00,CV003321,0.0,0.0,8.4912e-07
51203,2025-07-30 23:00:00,CV003321,0.0,0.0,8.305472e-07
51204,2025-07-30 23:30:00,CV003321,0.0,0.0,8.125139e-07
51205,2025-07-30 23:30:00,CV003321,0.0,0.0,7.950087e-07
51206,2025-07-31 00:00:00,CV003321,0.0,0.0,7.7801195e-07
51207,2025-07-31 00:00:00,CV003321,0.0,0.0,7.615093e-07
51208,2025-07-31 00:30:00,CV003321,0.0,0.0,7.4547535e-07
51209,2025-07-31 00:30:00,CV003321,0.0,0.0,7.2989945e-07
51210,2025-07-31 01:00:00,CV003321,0.0,0.0,7.147656e-07
51211,2025-07-31 01:00:00,CV003321,0.0,0.0,7.000609e-07
51212,2025-07-31 01:30:00,CV003321,0.0,0.0,6.857654e-07
51213,2025-07-31 01:30:00,CV003321,0.0,0.0,6.718733e-07
51214,2025-07-31 02:00:00,CV003321,0.0,0.0,6.58358e-07
51215,2025-07-31 02:00:00,CV003321,0.0,0.0,6.452229e-07
51216,2025-07-31 02:30:00,CV003321,0.0,0.0,6.3244505e-07
51217,2025-07-31 02:30:00,CV003321,0.0,0.0,6.200162e-07
51218,2025-07-31 03:00:00,CV003321,0.0,0.0,6.079243e-07
51219,2025-07-31 03:00:00,CV003321,0.0,0.0,5.96158e-07
51220,2025-07-31 03:30:00,CV003321,0.0,0.0,5.8470533e-07
51221,2025-07-31 03:30:00,CV003321,0.0,0.0,5.73558e-07
51222,2025-07-31 04:00:00,CV003321,0.0,0.0,5.6271165e-07
51223,2025-07-31 04:00:00,CV003321,0.0,0.0,5.5214633e-07
51224,2025-07-31 04:30:00,CV003321,0.0,0.0,5.418584e-07
51225,2025-07-31 04:30:00,CV003321,0.0,0.0,5.318388e-07
51226,2025-07-31 05:00:00,CV003321,0.0,0.0,5.220811e-07
51227,2025-07-31 05:00:00,CV003321,0.0,0.0,5.1257035e-07
51228,2025-07-31 05:30:00,CV003321,0.0,0.0,5.033054e-07
51229,2025-07-31 05:30:00,CV003321,0.0,0.0,4.9427763e-07
51230,2025-07-31 06:00:00,CV003321,0.0,0.0,4.85477e-07
51231,2025-07-31 06:00:00,CV003321,0.0,0.0,4.768973e-07
51232,2025-07-31 06:30:00,CV003321,0.0,0.0,4.6852722e-07
51233,2025-07-31 06:30:00,CV003321,0.0,0.0,4.60359e-07
51234,2025-07-31 07:00:00,CV003321,0.0,0.0,4.523875e-07
51235,2025-07-31 07:00:00,CV003321,0.0,0.0,4.446045e-07
51236,2025-07-31 07:30:00,CV003321,0.0,0.0,4.3700788e-07
51237,2025-07-31 07:30:00,CV003321,0.0,0.0,4.295923e-07
51238,2025-07-31 08:00:00,CV003321,0.0,0.0,4.2234845e-07
51239,2025-07-31 08:00:00,CV003321,0.0,0.0,4.1527747e-07
51240,2025-07-31 08:30:00,CV003321,0.0,0.0,4.0836764e-07
51241,2025-07-31 08:30:00,CV003321,0.0,0.0,4.016211e-07
51242,2025-07-31 09:00:00,CV003321,0.0,0.0,3.9502896e-07
51243,2025-07-31 09:00:00,CV003321,0.0,0.0,3.885876e-07
51244,2025-07-31 09:30:00,CV003321,0.0,0.0,3.82294e-07
51245,2025-07-31 09:30:00,CV003321,0.0,0.0,3.7614208e-07
51246,2025-07-31 10:00:00,CV003321,0.0,0.0,3.701319e-07
51247,2025-07-31 10:00:00,CV003321,0.0,0.0,3.6425388e-07
51248,2025-07-31 10:30:00,CV003321,0.0,0.0,3.5850675e-07
51249,2025-07-31 10:30:00,CV003321,0.0,0.0,3.5289005e-07
51250,2025-07-31 11:00:00,CV003321,0.0,0.0,3.473965e-07
51251,2025-07-31 11:00:00,CV003321,0.0,0.0,3.4202301e-07
51252,2025-07-31 11:30:00,CV003321,0.0,0.0,3.367699e-07
51253,2025-07-31 11:30:00,CV003321,0.0,0.0,3.316303e-07
51254,2025-07-31 12:00:00,CV003321,0.0,0.0,3.266016e-07
51255,2025-07-31 12:00:00,CV003321,0.0,0.0,3.2168015e-07
51256,2025-07-31 12:30:00,CV003321,0.0,0.0,3.1686693e-07
51257,2025-07-31 12:30:00,CV003321,0.0,0.0,3.1215527e-07
51258,2025-07-31 13:00:00,CV003321,0.0,0.0,3.0754384e-07
51259,2025-07-31 13:00:00,CV003321,0.0,0.0,3.0303002e-07
51260,2025-07-31 13:30:00,CV003321,0.0,0.0,2.9861206e-07
51261,2025-07-31 13:30:00,CV003321,0.0,0.0,2.9428713e-07
51262,2025-07-31 14:00:00,CV003321,0.0,0.0,2.9005034e-07
51263,2025-07-31 14:00:00,CV003321,0.0,0.0,2.8590287e-07
51264,2025-07-31 14:30:00,CV003321,0.0,0.0,2.8184132e-07
51265,2025-07-31 14:30:00,CV003321,0.0,0.0,2.7786234e-07
51266,2025-07-31 15:00:00,CV003321,0.0,0.0,2.7396413e-07
51267,2025-07-31 15:00:00,CV003321,0.0,0.0,2.7014786e-07
51268,2025-07-31 15:30:00,CV003321,0.0,0.0,2.664064e-07
51269,2025-07-31 15:30:00,CV003321,0.0,0.0,2.6274208e-07
51270,2025-07-31 16:00:00,CV003321,0.0,0.0,2.5915085e-07
51271,2025-07-31 16:00:00,CV003321,0.0,0.0,2.5563017e-07
51272,2025-07-31 16:30:00,CV003321,0.0,0.0,2.521802e-07
51273,2025-07-31 16:30:00,CV003321,0.0,0.0,2.4879998e-07
51274,2025-07-31 17:00:00,CV003321,0.0,0.0,2.45485e-07
51275,2025-07-31 17:00:00,CV003321,0.0,0.0,2.4223337e-07
51276,2025-07-31 17:30:00,CV003321,0.0,0.0,2.3904715e-07
51277,2025-07-31 17:30:00,CV003321,0.0,0.0,2.3592263e-07
51278,2025-07-31 18:00:00,CV003321,0.0,0.0,2.3285804e-07
51279,2025-07-31 18:00:00,CV003321,0.0,0.0,2.2985213e-07
51280,2025-07-31 18:30:00,CV003321,0.0,0.0,2.2690274e-07
51281,2025-07-31 18:30:00,CV003321,0.0,0.0,2.2401302e-07
51282,2025-07-31 19:00:00,CV003321,0.0,0.0,2.2117526e-07
51283,2025-07-31 19:00:00,CV003321,0.0,0.0,2.1839136e-07
51284,2025-07-31 19:30:00,CV003321,0.0,0.0,2.156598e-07
51285,2025-07-31 19:30:00,CV003321,0.0,0.0,2.1297986e-07
51286,2025-07-31 20:00:00,CV003321,0.0,0.0,2.1034845e-07
51287,2025-07-31 20:00:00,CV003321,0.0,0.0,2.0776662e-07
51288,2025-07-31 20:30:00,CV003321,0.0,0.0,2.0523368e-07
51289,2025-07-31 20:30:00,CV003321,0.0,0.0,2.0274517e-07
51290,2025-07-31 21:00:00,CV003321,0.0,0.0,2.003021e-07
51291,2025-07-31 21:00:00,CV003321,0.0,0.0,1.9790471e-07
51292,2025-07-31 21:30:00,CV003321,0.0,0.0,1.9555019e-07
51293,2025-07-31 21:30:00,CV003321,0.0,0.0,1.9323879e-07
51294,2025-07-31 22:00:00,CV003321,0.0,0.0,1.9096782e-07
51295,2025-07-31 22:00:00,CV003321,0.0,0.0,1.8873722e-07
51296,2025-07-31 22:30:00,CV003321,0.0,0.0,1.8654617e-07
51297,2025-07-31 22:30:00,CV003321,0.0,0.0,1.8439535e-07
51298,2025-07-31 23:00:00,CV003321,0.0,0.0,1.8228047e-07
51299,2025-07-31 23:00:00,CV003321,0.0,0.0,1.8020425e-07
51300,2025-07-31 23:30:00,CV003321,0.0,0.0,1.7816359e-07
51301,2025-07-31 23:30:00,CV003321,0.0,0.0,1.7615814e-07
51302,2025-08-01 00:00:00,CV003321,0.0,0.0,1.7418787e-07
51303,2025-08-01 00:00:00,CV003321,0.0,0.0,1.7225213e-07
51304,2025-08-01 00:30:00,CV003321,0.0,0.0,1.7034894e-07
51305,2025-08-01 00:30:00,CV003321,0.0,0.0,1.6847837e-07
51306,2025-08-01 01:00:00,CV003321,0.0,0.0,1.6663975e-07
51307,2025-08-01 01:00:00,CV003321,0.0,0.0,1.6483159e-07
51308,2025-08-01 01:30:00,CV003321,0.0,0.0,1.6305455e-07
51309,2025-08-01 01:30:00,CV003321,0.0,0.0,1.6130714e-07
51310,2025-08-01 02:00:00,CV003321,0.0,0.0,1.595894e-07
51311,2025-08-01 02:00:00,CV003321,0.0,0.0,1.5789959e-07
51312,2025-08-01 02:30:00,CV003321,0.0,0.0,1.5623812e-07
51313,2025-08-01 02:30:00,CV003321,0.0,0.0,1.5460472e-07
51314,2025-08-01 03:00:00,CV003321,0.0,0.0,1.5299717e-07
51315,2025-08-01 03:00:00,CV003321,0.0,0.0,1.5141644e-07
51316,2025-08-01 03:30:00,CV003321,0.0,0.0,1.4986063e-07
51317,2025-08-01 03:30:00,CV003321,0.0,0.0,1.4833152e-07
51318,2025-08-01 04:00:00,CV003321,0.0,0.0,1.4682645e-07
51319,2025-08-01 04:00:00,CV003321,0.0,0.0,1.4534496e-07
51320,2025-08-01 04:30:00,CV003321,0.0,0.0,1.438891e-07
51321,2025-08-01 04:30:00,CV003321,0.0,0.0,1.4245435e-07
51322,2025-08-01 05:00:00,CV003321,0.0,0.0,1.4104387e-07
51323,2025-08-01 05:00:00,CV003321,0.0,0.0,1.3965507e-07
51324,2025-08-01 05:30:00,CV003321,0.0,0.0,1.3828867e-07
51325,2025-08-01 05:30:00,CV003321,0.0,0.0,1.3694294e-07
51326,2025-08-01 06:00:00,CV003321,0.0,0.0,1.3561883e-07
51327,2025-08-01 06:00:00,CV003321,0.0,0.0,1.3431574e-07
51328,2025-08-01 06:30:00,CV003321,0.0,0.0,1.3303251e-07
51329,2025-08-01 06:30:00,CV003321,0.0,0.0,1.3176934e-07
51330,2025-08-01 07:00:00,CV003321,0.0,0.0,1.3052465e-07
51331,2025-08-01 07:00:00,CV003321,0.0,0.0,1.2930009e-07
51332,2025-08-01 07:30:00,CV003321,0.0,0.0,1.2809386e-07
51333,2025-08-01 07:30:00,CV003321,0.0,0.0,1.2690639e-07
51334,2025-08-01 08:00:00,CV003321,0.0,0.0,1.2573663e-07
51335,2025-08-01 08:00:00,CV003321,0.0,0.0,1.2458456e-07
51336,2025-08-01 08:30:00,CV003321,0.0,0.0,1.2344938e-07
51337,2025-08-01 08:30:00,CV003321,0.0,0.0,1.223318e-07
51338,2025-08-01 09:00:00,CV003321,0.0,0.0,1.2123104e-07
51339,2025-08-01 09:00:00,CV003321,0.0,0.0,1.201466e-07
51340,2025-08-01 09:30:00,CV003321,0.0,0.0,1.19078216e-07
51341,2025-08-01 09:30:00,CV003321,0.0,0.0,1.1802496e-07
51342,2025-08-01 10:00:00,CV003321,0.0,0.0,1.1698771e-07
51343,2025-08-01 10:00:00,CV003321,0.0,0.0,1.1596555e-07
51344,2025-08-01 10:30:00,CV003321,0.0,0.0,1.1495847e-07
51345,2025-08-01 10:30:00,CV003321,0.0,0.0,1.13965555e-07
51346,2025-08-01 11:00:00,CV003321,0.0,0.0,1.1298726e-07
51347,2025-08-01 11:00:00,CV003321,0.0,0.0,1.1202334e-07
51348,2025-08-01 11:30:00,CV003321,0.0,0.0,1.1107315e-07
51349,2025-08-01 11:30:00,CV003321,0.0,0.0,1.1013669e-07
51350,2025-08-01 12:00:00,CV003321,0.0,0.0,1.0921376e-07
51351,2025-08-01 12:00:00,CV003321,0.0,0.0,1.08303105e-07
51352,2025-08-01 12:30:00,CV003321,0.0,0.0,1.07406386e-07
51353,2025-08-01 12:30:00,CV003321,0.0,0.0,1.06521576e-07
51354,2025-08-01 13:00:00,CV003321,0.0,0.0,1.0564928e-07
51355,2025-08-01 13:00:00,CV003321,0.0,0.0,1.0478953e-07
51356,2025-08-01 13:30:00,CV003321,0.0,0.0,1.0394174e-07
51357,2025-08-01 13:30:00,CV003321,0.0,0.0,1.03105904e-07
51358,2025-08-01 14:00:00,CV003321,0.0,0.0,1.0228148e-07
51359,2025-08-01 14:00:00,CV003321,0.0,0.0,1.0146867e-07
51360,2025-08-01 14:30:00,CV003321,0.0,0.0,1.0066618e-07
51361,2025-08-01 14:30:00,CV003321,0.0,0.0,9.987554e-08
51362,2025-08-01 15:00:00,CV003321,0.0,0.0,9.909547e-08
51363,2025-08-01 15:00:00,CV003321,0.0,0.0,9.832599e-08
51364,2025-08-01 15:30:00,CV003321,0.0,0.0,9.7566954e-08
51365,2025-08-01 15:30:00,CV003321,0.0,0.0,9.68184e-08
51366,2025-08-01 16:00:00,CV003321,0.0,0.0,9.607997e-08
51367,2025-08-01 16:00:00,CV003321,0.0,0.0,9.535064e-08
51368,2025-08-01 16:30:00,CV003321,0.0,0.0,9.463189e-08
51369,2025-08-01 16:30:00,CV003321,0.0,0.0,9.392269e-08
51370,2025-08-01 17:00:00,CV003321,0.0,0.0,9.322271e-08
51371,2025-08-01 17:00:00,CV003321,0.0,0.0,9.253218e-08
51372,2025-08-01 17:30:00,CV003321,0.0,0.0,9.1851156e-08
51373,2025-08-01 17:30:00,CV003321,0.0,0.0,9.1178435e-08
51374,2025-08-01 18:00:00,CV003321,0.0,0.0,9.0514796e-08
51375,2025-08-01 18:00:00,CV003321,0.0,0.0,8.9859235e-08
51376,2025-08-01 18:30:00,CV003321,0.0,0.0,8.9213366e-08
51377,2025-08-01 18:30:00,CV003321,0.0,0.0,8.857534e-08
51378,2025-08-01 19:00:00,CV003321,0.0,0.0,8.794523e-08
51379,2025-08-01 19:00:00,CV003321,0.0,0.0,8.732378e-08
51380,2025-08-01 19:30:00,CV003321,0.0,0.0,8.671001e-08
51381,2025-08-01 19:30:00,CV003321,0.0,0.0,8.610451e-08
51382,2025-08-01 20:00:00,CV003321,0.0,0.0,8.550633e-08
51383,2025-08-01 20:00:00,CV003321,0.0,0.0,8.491603e-08
51384,2025-08-01 20:30:00,CV003321,0.0,0.0,8.4333344e-08
51385,2025-08-01 20:30:00,CV003321,0.0,0.0,8.375754e-08
51386,2025-08-01 21:00:00,CV003321,0.0,0.0,8.318963e-08
51387,2025-08-01 21:00:00,CV003321,0.0,0.0,8.262841e-08
51388,2025-08-01 21:30:00,CV003321,0.0,0.0,8.207426e-08
51389,2025-08-01 21:30:00,CV003321,0.0,0.0,8.152725e-08
51390,2025-08-01 22:00:00,CV003321,0.0,0.0,8.098665e-08
51391,2025-08-01 22:00:00,CV003321,0.0,0.0,8.045349e-08
51392,2025-08-01 22:30:00,CV003321,0.0,0.0,7.992643e-08
51393,2025-08-01 22:30:00,CV003321,0.0,0.0,7.94063e-08
51394,2025-08-01 23:00:00,CV003321,0.0,0.0,7.8892114e-08
51395,2025-08-01 23:00:00,CV003321,0.0,0.0,7.838425e-08
51396,2025-08-01 23:30:00,CV003321,0.0,0.0,7.7882774e-08
51397,2025-08-01 23:30:00,CV003321,0.0,0.0,7.73876e-08
51398,2025-08-02 00:00:00,CV003321,0.0,0.0,7.6898665e-08
51399,2025-08-02 00:00:00,CV003321,0.0,0.0,7.6415e-08
51400,2025-08-02 00:30:00,CV003321,0.0,0.0,7.593756e-08
51401,2025-08-02 00:30:00,CV003321,0.0,0.0,7.546584e-08
51402,2025-08-02 01:00:00,CV003321,0.0,0.0,7.499991e-08
51403,2025-08-02 01:00:00,CV003321,0.0,0.0,7.453942e-08
51404,2025-08-02 01:30:00,CV003321,0.0,0.0,7.40843e-08
51405,2025-08-02 01:30:00,CV003321,0.0,0.0,7.363504e-08
51406,2025-08-02 02:00:00,CV003321,0.0,0.0,7.319089e-08
51407,2025-08-02 02:00:00,CV003321,0.0,0.0,7.2752336e-08
51408,2025-08-02 02:30:00,CV003321,0.0,0.0,7.231819e-08
51409,2025-08-02 02:30:00,CV003321,0.0,0.0,7.188938e-08
51410,2025-08-02 03:00:00,CV003321,0.0,0.0,7.1465976e-08
51411,2025-08-02 03:00:00,CV003321,0.0,0.0,7.104737e-08
51412,2025-08-02 03:30:00,CV003321,0.0,0.0,7.063378e-08
51413,2025-08-02 03:30:00,CV003321,0.0,0.0,7.0225006e-08
51414,2025-08-02 04:00:00,CV003321,0.0,0.0,6.982112e-08
51415,2025-08-02 04:00:00,CV003321,0.0,0.0,6.942168e-08
51416,2025-08-02 04:30:00,CV003321,0.0,0.0,6.90269e-08
51417,2025-08-02 04:30:00,CV003321,0.0,0.0,6.863685e-08
51418,2025-08-02 05:00:00,CV003321,0.0,0.0,6.82507e-08
51419,2025-08-02 05:00:00,CV003321,0.0,0.0,6.786982e-08
51420,2025-08-02 05:30:00,CV003321,0.0,0.0,6.7493005e-08
51421,2025-08-02 05:30:00,CV003321,0.0,0.0,6.712045e-08
51422,2025-08-02 06:00:00,CV003321,0.0,0.0,6.675212e-08
51423,2025-08-02 06:00:00,CV003321,0.0,0.0,6.638797e-08
51424,2025-08-02 06:30:00,CV003321,0.0,0.0,6.6028065e-08
51425,2025-08-02 06:30:00,CV003321,0.0,0.0,6.5672246e-08
51426,2025-08-02 07:00:00,CV003321,0.0,0.0,6.5320584e-08
51427,2025-08-02 07:00:00,CV003321,0.0,0.0,6.497266e-08
51428,2025-08-02 07:30:00,CV003321,0.0,0.0,6.4628445e-08
51429,2025-08-02 07:30:00,CV003321,0.0,0.0,6.428863e-08
51430,2025-08-02 08:00:00,CV003321,0.0,0.0,6.395194e-08
51431,2025-08-02 08:00:00,CV003321,0.0,0.0,6.361956e-08
51432,2025-08-02 08:30:00,CV003321,0.0,0.0,6.32906e-08
51433,2025-08-02 08:30:00,CV003321,0.0,0.0,6.2965256e-08
51434,2025-08-02 09:00:00,CV003321,0.0,0.0,6.2643736e-08
51435,2025-08-02 09:00:00,CV003321,0.0,0.0,6.232577e-08
51436,2025-08-02 09:30:00,CV003321,0.0,0.0,6.201142e-08
51437,2025-08-02 09:30:00,CV003321,0.0,0.0,6.1700426e-08
51438,2025-08-02 10:00:00,CV003321,0.0,0.0,6.139251e-08
51439,2025-08-02 10:00:00,CV003321,0.0,0.0,6.108811e-08
51440,2025-08-02 10:30:00,CV003321,0.0,0.0,6.078708e-08
51441,2025-08-02 10:30:00,CV003321,0.0,0.0,6.048972e-08
51442,2025-08-02 11:00:00,CV003321,0.0,0.0,6.0194736e-08
51443,2025-08-02 11:00:00,CV003321,0.0,0.0,5.990393e-08
51444,2025-08-02 11:30:00,CV003321,0.0,0.0,5.961601e-08
51445,2025-08-02 11:30:00,CV003321,0.0,0.0,5.9330947e-08
51446,2025-08-02 12:00:00,CV003321,0.0,0.0,5.9048933e-08
51447,2025-08-02 12:00:00,CV003321,0.0,0.0,5.8770166e-08
51448,2025-08-02 12:30:00,CV003321,0.0,0.0,5.849472e-08
51449,2025-08-02 12:30:00,CV003321,0.0,0.0,5.822146e-08
51450,2025-08-02 13:00:00,CV003321,0.0,0.0,5.7951684e-08
51451,2025-08-02 13:00:00,CV003321,0.0,0.0,5.7684474e-08
51452,2025-08-02 13:30:00,CV003321,0.0,0.0,5.7420145e-08
51453,2025-08-02 13:30:00,CV003321,0.0,0.0,5.715888e-08
51454,2025-08-02 14:00:00,CV003321,0.0,0.0,5.690043e-08
51455,2025-08-02 14:00:00,CV003321,0.0,0.0,5.6644332e-08
51456,2025-08-02 14:30:00,CV003321,0.0,0.0,5.639133e-08
51457,2025-08-02 14:30:00,CV003321,0.0,0.0,5.6140742e-08
51458,2025-08-02 15:00:00,CV003321,0.0,0.0,5.5892972e-08
51459,2025-08-02 15:00:00,CV003321,0.0,0.0,5.564778e-08
51460,2025-08-02 15:30:00,CV003321,0.0,0.0,5.5404932e-08
51461,2025-08-02 15:30:00,CV003321,0.0,0.0,5.5164833e-08
51462,2025-08-02 16:00:00,CV003321,0.0,0.0,5.4927234e-08
51463,2025-08-02 16:00:00,CV003321,0.0,0.0,5.469202e-08
51464,2025-08-02 16:30:00,CV003321,0.0,0.0,5.4459264e-08
51465,2025-08-02 16:30:00,CV003321,0.0,0.0,5.4229155e-08
51466,2025-08-02 17:00:00,CV003321,0.0,0.0,5.4001354e-08
51467,2025-08-02 17:00:00,CV003321,0.0,0.0,5.3775643e-08
51468,2025-08-02 17:30:00,CV003321,0.0,0.0,5.3552604e-08
51469,2025-08-02 17:30:00,CV003321,0.0,0.0,5.333182e-08
51470,2025-08-02 18:00:00,CV003321,0.0,0.0,5.3113364e-08
51471,2025-08-02 18:00:00,CV003321,0.0,0.0,5.2896908e-08
51472,2025-08-02 18:30:00,CV003321,0.0,0.0,5.2682847e-08
51473,2025-08-02 18:30:00,CV003321,0.0,0.0,5.2471147e-08
51474,2025-08-02 19:00:00,CV003321,0.0,0.0,5.2261203e-08
51475,2025-08-02 19:00:00,CV003321,0.0,0.0,5.205358e-08
51476,2025-08-02 19:30:00,CV003321,0.0,0.0,5.184827e-08
51477,2025-08-02 19:30:00,CV003321,0.0,0.0,5.1644854e-08
51478,2025-08-02 20:00:00,CV003321,0.0,0.0,5.1443802e-08
51479,2025-08-02 20:00:00,CV003321,0.0,0.0,5.1244612e-08
51480,2025-08-02 20:30:00,CV003321,0.0,0.0,5.1047458e-08
51481,2025-08-02 20:30:00,CV003321,0.0,0.0,5.0852417e-08
51482,2025-08-02 21:00:00,CV003321,0.0,0.0,5.0659185e-08
51483,2025-08-02 21:00:00,CV003321,0.0,0.0,5.0467843e-08
51484,2025-08-02 21:30:00,CV003321,0.0,0.0,5.027857e-08
51485,2025-08-02 21:30:00,CV003321,0.0,0.0,5.0091145e-08
51486,2025-08-02 22:00:00,CV003321,0.0,0.0,4.9906046e-08
51487,2025-08-02 22:00:00,CV003321,0.0,0.0,4.97221e-08
51488,2025-08-02 22:30:00,CV003321,0.0,0.0,4.9540347e-08
51489,2025-08-02 22:30:00,CV003321,0.0,0.0,4.936067e-08
51490,2025-08-02 23:00:00,CV003321,0.0,0.0,4.9182393e-08
51491,2025-08-02 23:00:00,CV003321,0.0,0.0,4.900607e-08
51492,2025-08-02 23:30:00,CV003321,0.0,0.0,4.8831495e-08
51493,2025-08-02 23:30:00,CV003321,0.0,0.0,4.865884e-08
51494,2025-08-03 00:00:00,CV003321,0.0,0.0,4.848782e-08
51495,2025-08-03 00:00:00,CV003321,0.0,0.0,4.831841e-08
51496,2025-08-03 00:30:00,CV003321,0.0,0.0,4.815051e-08
51497,2025-08-03 00:30:00,CV003321,0.0,0.0,4.7984656e-08
51498,2025-08-03 01:00:00,CV003321,0.0,0.0,4.7820382e-08
51499,2025-08-03 01:00:00,CV003321,0.0,0.0,4.7657753e-08
51500,2025-08-03 01:30:00,CV003321,0.0,0.0,4.74965e-08
51501,2025-08-03 01:30:00,CV003321,0.0,0.0,4.7336695e-08
51502,2025-08-03 02:00:00,CV003321,0.0,0.0,4.717913e-08
51503,2025-08-03 02:00:00,CV003321,0.0,0.0,4.7022727e-08
51504,2025-08-03 02:30:00,CV003321,0.0,0.0,4.6867996e-08
51505,2025-08-03 02:30:00,CV003321,0.0,0.0,4.6714668e-08
51506,2025-08-03 03:00:00,CV003321,0.0,0.0,4.6563088e-08
51507,2025-08-03 03:00:00,CV003321,0.0,0.0,4.6412527e-08
51508,2025-08-03 03:30:00,CV003321,0.0,0.0,4.626396e-08
51509,2025-08-03 03:30:00,CV003321,0.0,0.0,4.611674e-08
51510,2025-08-03 04:00:00,CV003321,0.0,0.0,4.5970868e-08
51511,2025-08-03 04:00:00,CV003321,0.0,0.0,4.582642e-08
51512,2025-08-03 04:30:00,CV003321,0.0,0.0,4.5683475e-08
51513,2025-08-03 04:30:00,CV003321,0.0,0.0,4.5541924e-08
51514,2025-08-03 05:00:00,CV003321,0.0,0.0,4.5401855e-08
51515,2025-08-03 05:00:00,CV003321,0.0,0.0,4.526308e-08
51516,2025-08-03 05:30:00,CV003321,0.0,0.0,4.5125585e-08
51517,2025-08-03 05:30:00,CV003321,0.0,0.0,4.4989886e-08
51518,2025-08-03 06:00:00,CV003321,0.0,0.0,4.4854936e-08
51519,2025-08-03 06:00:00,CV003321,0.0,0.0,4.47215e-08
51520,2025-08-03 06:30:00,CV003321,0.0,0.0,4.4589395e-08
51521,2025-08-03 06:30:00,CV003321,0.0,0.0,4.4458698e-08
51522,2025-08-03 07:00:00,CV003321,0.0,0.0,4.432923e-08
51523,2025-08-03 07:00:00,CV003321,0.0,0.0,4.42009e-08
51524,2025-08-03 07:30:00,CV003321,0.0,0.0,4.407386e-08
51525,2025-08-03 07:30:00,CV003321,0.0,0.0,4.394837e-08
51526,2025-08-03 08:00:00,CV003321,0.0,0.0,4.382373e-08
51527,2025-08-03 08:00:00,CV003321,0.0,0.0,4.370053e-08
51528,2025-08-03 08:30:00,CV003321,0.0,0.0,4.3578588e-08
51529,2025-08-03 08:30:00,CV003321,0.0,0.0,4.345765e-08
51530,2025-08-03 09:00:00,CV003321,0.0,0.0,4.333796e-08
51531,2025-08-03 09:00:00,CV003321,0.0,0.0,4.32195e-08
51532,2025-08-03 09:30:00,CV003321,0.0,0.0,4.3102112e-08
51533,2025-08-03 09:30:00,CV003321,0.0,0.0,4.298594e-08
51534,2025-08-03 10:00:00,CV003321,0.0,0.0,4.2870816e-08
51535,2025-08-03 10:00:00,CV003321,0.0,0.0,4.275698e-08
51536,2025-08-03 10:30:00,CV003321,0.0,0.0,4.264426e-08
51537,2025-08-03 10:30:00,CV003321,0.0,0.0,4.2532406e-08
51538,2025-08-03 11:00:00,CV003321,0.0,0.0,4.2422062e-08
51539,2025-08-03 11:00:00,CV003321,0.0,0.0,4.2312482e-08
51540,2025-08-03 11:30:00,CV003321,0.0,0.0,4.220407e-08
51541,2025-08-03 11:30:00,CV003321,0.0,0.0,4.2096584e-08
51542,2025-08-03 12:00:00,CV003321,0.0,0.0,4.1990333e-08
51543,2025-08-03 12:00:00,CV003321,0.0,0.0,4.1885063e-08
51544,2025-08-03 12:30:00,CV003321,0.0,0.0,4.1780698e-08
51545,2025-08-03 12:30:00,CV003321,0.0,0.0,4.1677705e-08
51546,2025-08-03 13:00:00,CV003321,0.0,0.0,4.1575284e-08
51547,2025-08-03 13:00:00,CV003321,0.0,0.0,4.147438e-08
51548,2025-08-03 13:30:00,CV003321,0.0,0.0,4.1374037e-08
51549,2025-08-03 13:30:00,CV003321,0.0,0.0,4.1274884e-08
51550,2025-08-03 14:00:00,CV003321,0.0,0.0,4.1176673e-08
51551,2025-08-03 14:00:00,CV003321,0.0,0.0,4.10794e-08
51552,2025-08-03 14:30:00,CV003321,0.0,0.0,4.0983373e-08
51553,2025-08-03 14:30:00,CV003321,0.0,0.0,4.0887958e-08
51554,2025-08-03 15:00:00,CV003321,0.0,0.0,4.0793548e-08
51555,2025-08-03 15:00:00,CV003321,0.0,0.0,4.0699977e-08
51556,2025-08-03 15:30:00,CV003321,0.0,0.0,4.0607468e-08
51557,2025-08-03 15:30:00,CV003321,0.0,0.0,4.0516024e-08
51558,2025-08-03 16:00:00,CV003321,0.0,0.0,4.042532e-08
51559,2025-08-03 16:00:00,CV003321,0.0,0.0,4.033544e-08
51560,2025-08-03 16:30:00,CV003321,0.0,0.0,4.024653e-08
51561,2025-08-03 16:30:00,CV003321,0.0,0.0,4.0158653e-08
51562,2025-08-03 17:00:00,CV003321,0.0,0.0,4.0071352e-08
51563,2025-08-03 17:00:00,CV003321,0.0,0.0,3.998508e-08
51564,2025-08-03 17:30:00,CV003321,0.0,0.0,3.9899827e-08
51565,2025-08-03 17:30:00,CV003321,0.0,0.0,3.9815443e-08
51566,2025-08-03 18:00:00,CV003321,0.0,0.0,3.9731464e-08
51567,2025-08-03 18:00:00,CV003321,0.0,0.0,3.9648796e-08
51568,2025-08-03 18:30:00,CV003321,0.0,0.0,3.9566753e-08
51569,2025-08-03 18:30:00,CV003321,0.0,0.0,3.948548e-08
51570,2025-08-03 19:00:00,CV003321,0.0,0.0,3.940498e-08
51571,2025-08-03 19:00:00,CV003321,0.0,0.0,3.9325542e-08
51572,2025-08-03 19:30:00,CV003321,0.0,0.0,3.9246714e-08
51573,2025-08-03 19:30:00,CV003321,0.0,0.0,3.916894e-08
51574,2025-08-03 20:00:00,CV003321,0.0,0.0,3.9091617e-08
51575,2025-08-03 20:00:00,CV003321,0.0,0.0,3.901519e-08
51576,2025-08-03 20:30:00,CV003321,0.0,0.0,3.893966e-08
51577,2025-08-03 20:30:00,CV003321,0.0,0.0,3.886472e-08
51578,2025-08-03 21:00:00,CV003321,0.0,0.0,3.8790656e-08
51579,2025-08-03 21:00:00,CV003321,0.0,0.0,3.871733e-08
51580,2025-08-03 21:30:00,CV003321,0.0,0.0,3.8644956e-08
51581,2025-08-03 21:30:00,CV003321,0.0,0.0,3.8573155e-08
51582,2025-08-03 22:00:00,CV003321,0.0,0.0,3.850193e-08
51583,2025-08-03 22:00:00,CV003321,0.0,0.0,3.843157e-08
51584,2025-08-03 22:30:00,CV003321,0.0,0.0,3.836185e-08
51585,2025-08-03 22:30:00,CV003321,0.0,0.0,3.829313e-08
51586,2025-08-03 23:00:00,CV003321,0.0,0.0,3.8224755e-08
51587,2025-08-03 23:00:00,CV003321,0.0,0.0,3.8157303e-08
51588,2025-08-03 23:30:00,CV003321,0.0,0.0,3.809055e-08
51589,2025-08-03 23:30:00,CV003321,0.0,0.0,3.8024638e-08
51590,2025-08-04 00:00:00,CV003321,0.0,0.0,3.7959204e-08
51591,2025-08-04 00:00:00,CV003321,0.0,0.0,3.7894388e-08
51592,2025-08-04 00:30:00,CV003321,0.0,0.0,3.7830404e-08
51593,2025-08-04 00:30:00,CV003321,0.0,0.0,3.7767105e-08
51594,2025-08-04 01:00:00,CV003321,0.0,0.0,3.7704485e-08
51595,2025-08-04 01:00:00,CV003321,0.0,0.0,3.76424e-08
51596,2025-08-04 01:30:00,CV003321,0.0,0.0,3.7580993e-08
51597,2025-08-04 01:30:00,CV003321,0.0,0.0,3.75204e-08
51598,2025-08-04 02:00:00,CV003321,0.0,0.0,3.7460264e-08
51599,2025-08-04 02:00:00,CV003321,0.0,0.0,3.7400863e-08
51600,2025-08-04 02:30:00,CV003321,0.0,0.0,3.734213e-08
51601,2025-08-04 02:30:00,CV003321,0.0,0.0,3.7284053e-08
51602,2025-08-04 03:00:00,CV003321,0.0,0.0,3.7226638e-08
51603,2025-08-04 03:00:00,CV003321,0.0,0.0,3.7169876e-08
51604,2025-08-04 03:30:00,CV003321,0.0,0.0,3.7113345e-08
51605,2025-08-04 03:30:00,CV003321,0.0,0.0,3.705782e-08
51606,2025-08-04 04:00:00,CV003321,0.0,0.0,3.700294e-08
51607,2025-08-04 04:00:00,CV003321,0.0,0.0,3.6948496e-08
51608,2025-08-04 04:30:00,CV003321,0.0,0.0,3.6894765e-08
51609,2025-08-04 04:30:00,CV003321,0.0,0.0,3.68416e-08
51610,2025-08-04 05:00:00,CV003321,0.0,0.0,3.6788794e-08
51611,2025-08-04 05:00:00,CV003321,0.0,0.0,3.6736907e-08
51612,2025-08-04 05:30:00,CV003321,0.0,0.0,3.6685652e-08
51613,2025-08-04 05:30:00,CV003321,0.0,0.0,3.663475e-08
51614,2025-08-04 06:00:00,CV003321,0.0,0.0,3.6584332e-08
51615,2025-08-04 06:00:00,CV003321,0.0,0.0,3.653475e-08
51616,2025-08-04 06:30:00,CV003321,0.0,0.0,3.648559e-08
51617,2025-08-04 06:30:00,CV003321,0.0,0.0,3.6437118e-08
51618,2025-08-04 07:00:00,CV003321,0.0,0.0,3.6389125e-08
51619,2025-08-04 07:00:00,CV003321,0.0,0.0,3.634168e-08
51620,2025-08-04 07:30:00,CV003321,0.0,0.0,3.6294782e-08
51621,2025-08-04 07:30:00,CV003321,0.0,0.0,3.62485e-08
51622,2025-08-04 08:00:00,CV003321,0.0,0.0,3.620262e-08
51623,2025-08-04 08:00:00,CV003321,0.0,0.0,3.615749e-08
51624,2025-08-04 08:30:00,CV003321,0.0,0.0,3.611276e-08
51625,2025-08-04 08:30:00,CV003321,0.0,0.0,3.60685e-08
51626,2025-08-04 09:00:00,CV003321,0.0,0.0,3.6024908e-08
51627,2025-08-04 09:00:00,CV003321,0.0,0.0,3.5981852e-08
51628,2025-08-04 09:30:00,CV003321,0.0,0.0,3.593912e-08
51629,2025-08-04 09:30:00,CV003321,0.0,0.0,3.5897056e-08
51630,2025-08-04 10:00:00,CV003321,0.0,0.0,3.585559e-08
51631,2025-08-04 10:00:00,CV003321,0.0,0.0,3.5814512e-08
51632,2025-08-04 10:30:00,CV003321,0.0,0.0,3.5773954e-08
51633,2025-08-04 10:30:00,CV003321,0.0,0.0,3.5733855e-08
51634,2025-08-04 11:00:00,CV003321,0.0,0.0,3.5694416e-08
51635,2025-08-04 11:00:00,CV003321,0.0,0.0,3.565536e-08
51636,2025-08-04 11:30:00,CV003321,0.0,0.0,3.561675e-08
51637,2025-08-04 11:30:00,CV003321,0.0,0.0,3.5578864e-08
51638,2025-08-04 12:00:00,CV003321,0.0,0.0,3.554129e-08
51639,2025-08-04 12:00:00,CV003321,0.0,0.0,3.550409e-08
51640,2025-08-04 12:30:00,CV003321,0.0,0.0,3.546741e-08
51641,2025-08-04 12:30:00,CV003321,0.0,0.0,3.543137e-08
51642,2025-08-04 13:00:00,CV003321,0.0,0.0,3.5395907e-08
51643,2025-08-04 13:00:00,CV003321,0.0,0.0,3.5360618e-08
51644,2025-08-04 13:30:00,CV003321,0.0,0.0,3.53259e-08
51645,2025-08-04 13:30:00,CV003321,0.0,0.0,3.5291823e-08
51646,2025-08-04 14:00:00,CV003321,0.0,0.0,3.5257845e-08
51647,2025-08-04 14:00:00,CV003321,0.0,0.0,3.522464e-08
51648,2025-08-04 14:30:00,CV003321,0.0,0.0,3.519167e-08
51649,2025-08-04 14:30:00,CV003321,0.0,0.0,3.5159328e-08
51650,2025-08-04 15:00:00,CV003321,0.0,0.0,3.5127556e-08
51651,2025-08-04 15:00:00,CV003321,0.0,0.0,3.509588e-08
51652,2025-08-04 15:30:00,CV003321,0.0,0.0,3.506477e-08
51653,2025-08-04 15:30:00,CV003321,0.0,0.0,3.5034414e-08
51654,2025-08-04 16:00:00,CV003321,0.0,0.0,3.5004287e-08
51655,2025-08-04 16:00:00,CV003321,0.0,0.0,3.497446e-08
51656,2025-08-04 16:30:00,CV003321,0.0,0.0,3.4945188e-08
51657,2025-08-04 16:30:00,CV003321,0.0,0.0,3.4916336e-08
51658,2025-08-04 17:00:00,CV003321,0.0,0.0,3.488798e-08
51659,2025-08-04 17:00:00,CV003321,0.0,0.0,3.485984e-08
51660,2025-08-04 17:30:00,CV003321,0.0,0.0,3.483226e-08
51661,2025-08-04 17:30:00,CV003321,0.0,0.0,3.4805165e-08
51662,2025-08-04 18:00:00,CV003321,0.0,0.0,3.4778353e-08
51663,2025-08-04 18:00:00,CV003321,0.0,0.0,3.4752095e-08
51664,2025-08-04 18:30:00,CV003321,0.0,0.0,3.4726124e-08
51665,2025-08-04 18:30:00,CV003321,0.0,0.0,3.4700633e-08
51666,2025-08-04 19:00:00,CV003321,0.0,0.0,3.4675487e-08
51667,2025-08-04 19:00:00,CV003321,0.0,0.0,3.4651027e-08
51668,2025-08-04 19:30:00,CV003321,0.0,0.0,3.4626648e-08
51669,2025-08-04 19:30:00,CV003321,0.0,0.0,3.4602817e-08
51670,2025-08-04 20:00:00,CV003321,0.0,0.0,3.4579326e-08
51671,2025-08-04 20:00:00,CV003321,0.0,0.0,3.4556383e-08
51672,2025-08-04 20:30:00,CV003321,0.0,0.0,3.4533716e-08
51673,2025-08-04 20:30:00,CV003321,0.0,0.0,3.4511526e-08
51674,2025-08-04 21:00:00,CV003321,0.0,0.0,3.4489418e-08
51675,2025-08-04 21:00:00,CV003321,0.0,0.0,3.4468044e-08
51676,2025-08-04 21:30:00,CV003321,0.0,0.0,3.444688e-08
51677,2025-08-04 21:30:00,CV003321,0.0,0.0,3.442632e-08
51678,2025-08-04 22:00:00,CV003321,0.0,0.0,3.4405776e-08
51679,2025-08-04 22:00:00,CV003321,0.0,0.0,3.4385963e-08
51680,2025-08-04 22:30:00,CV003321,0.0,0.0,3.436636e-08
51681,2025-08-04 22:30:00,CV003321,0.0,0.0,3.4347025e-08
51682,2025-08-04 23:00:00,CV003321,0.0,0.0,3.4328163e-08
51683,2025-08-04 23:00:00,CV003321,0.0,0.0,3.430977e-08
51684,2025-08-04 23:30:00,CV003321,0.0,0.0,3.4291844e-08
51685,2025-08-04 23:30:00,CV003321,0.0,0.0,3.4273995e-08
51686,2025-08-05 00:00:00,CV003321,0.0,0.0,3.4256804e-08
51687,2025-08-05 00:00:00,CV003321,0.0,0.0,3.423982e-08
51688,2025-08-05 00:30:00,CV003321,0.0,0.0,3.422317e-08
51689,2025-08-05 00:30:00,CV003321,0.0,0.0,3.4206856e-08
51690,2025-08-05 01:00:00,CV003321,0.0,0.0,3.419094e-08
51691,2025-08-05 01:00:00,CV003321,0.0,0.0,3.417542e-08
51692,2025-08-05 01:30:00,CV003321,0.0,0.0,3.4160173e-08
51693,2025-08-05 01:30:00,CV003321,0.0,0.0,3.414545e-08
51694,2025-08-05 02:00:00,CV003321,0.0,0.0,3.4130863e-08
51695,2025-08-05 02:00:00,CV003321,0.0,0.0,3.411674e-08
51696,2025-08-05 02:30:00,CV003321,0.0,0.0,3.4102886e-08
51697,2025-08-05 02:30:00,CV003321,0.0,0.0,3.4089485e-08
51698,2025-08-05 03:00:00,CV003321,0.0,0.0,3.407642e-08
51699,2025-08-05 03:00:00,CV003321,0.0,0.0,3.4063554e-08
51700,2025-08-05 03:30:00,CV003321,0.0,0.0,3.4051208e-08
51701,2025-08-05 03:30:00,CV003321,0.0,0.0,3.4039132e-08
51702,2025-08-05 04:00:00,CV003321,0.0,0.0,3.4027448e-08
51703,2025-08-05 04:00:00,CV003321,0.0,0.0,3.401609e-08
51704,2025-08-05 04:30:00,CV003321,0.0,0.0,3.4004934e-08
51705,2025-08-05 04:30:00,CV003321,0.0,0.0,3.399417e-08
51706,2025-08-05 05:00:00,CV003321,0.0,0.0,3.3983795e-08
51707,2025-08-05 05:00:00,CV003321,0.0,0.0,3.3973752e-08
51708,2025-08-05 05:30:00,CV003321,0.0,0.0,3.39641e-08
51709,2025-08-05 05:30:00,CV003321,0.0,0.0,3.3954706e-08
51710,2025-08-05 06:00:00,CV003321,0.0,0.0,3.3945575e-08
51711,2025-08-05 06:00:00,CV003321,0.0,0.0,3.3936836e-08
51712,2025-08-05 06:30:00,CV003321,0.0,0.0,3.3928423e-08
51713,2025-08-05 06:30:00,CV003321,0.0,0.0,3.3920205e-08
51714,2025-08-05 07:00:00,CV003321,0.0,0.0,3.3912375e-08
51715,2025-08-05 07:00:00,CV003321,0.0,0.0,3.3905003e-08
51716,2025-08-05 07:30:00,CV003321,0.0,0.0,3.3897827e-08
51717,2025-08-05 07:30:00,CV003321,0.0,0.0,3.389091e-08
51718,2025-08-05 08:00:00,CV003321,0.0,0.0,3.3884447e-08
51719,2025-08-05 08:00:00,CV003321,0.0,0.0,3.3878177e-08
51720,2025-08-05 08:30:00,CV003321,0.0,0.0,3.387236e-08
51721,2025-08-05 08:30:00,CV003321,0.0,0.0,3.3866744e-08
51722,2025-08-05 09:00:00,CV003321,0.0,0.0,3.386125e-08
51723,2025-08-05 09:00:00,CV003321,0.0,0.0,3.3856278e-08
51724,2025-08-05 09:30:00,CV003321,0.0,0.0,3.3851695e-08
51725,2025-08-05 09:30:00,CV003321,0.0,0.0,3.3847176e-08
51726,2025-08-05 10:00:00,CV003321,0.0,0.0,3.3843303e-08
51727,2025-08-05 10:00:00,CV003321,0.0,0.0,3.3839495e-08
51728,2025-08-05 10:30:00,CV003321,0.0,0.0,3.3836073e-08
51729,2025-08-05 10:30:00,CV003321,0.0,0.0,3.3832844e-08
51730,2025-08-05 11:00:00,CV003321,0.0,0.0,3.3829878e-08
51731,2025-08-05 11:00:00,CV003321,0.0,0.0,3.38273e-08
51732,2025-08-05 11:30:00,CV003321,0.0,0.0,3.382504e-08
51733,2025-08-05 11:30:00,CV003321,0.0,0.0,3.382317e-08
51734,2025-08-05 12:00:00,CV003321,0.0,0.0,3.3821426e-08
51735,2025-08-05 12:00:00,CV003321,0.0,0.0,3.3820008e-08
51736,2025-08-05 12:30:00,CV003321,0.0,0.0,3.3818846e-08
51737,2025-08-05 12:30:00,CV003321,0.0,0.0,3.3818072e-08
51738,2025-08-05 13:00:00,CV003321,0.0,0.0,3.381749e-08
51739,2025-08-05 13:00:00,CV003321,0.0,0.0,3.381736e-08
51740,2025-08-05 13:30:00,CV003321,0.0,0.0,3.381736e-08
51741,2025-08-05 13:30:00,CV003321,0.0,0.0,3.3817617e-08
51742,2025-08-05 14:00:00,CV003321,0.0,0.0,3.38182e-08
51743,2025-08-05 14:00:00,CV003321,0.0,0.0,3.3819166e-08
51744,2025-08-05 14:30:00,CV003321,0.0,0.0,3.382046e-08
51745,2025-08-05 14:30:00,CV003321,0.0,0.0,3.3821813e-08
51746,2025-08-05 15:00:00,CV003321,0.0,0.0,3.3823426e-08
51747,2025-08-05 15:00:00,CV003321,0.0,0.0,3.382562e-08
51748,2025-08-05 15:30:00,CV003321,0.0,0.0,3.3827877e-08
51749,2025-08-05 15:30:00,CV003321,0.0,0.0,3.3830393e-08
51750,2025-08-05 16:00:00,CV003321,0.0,0.0,3.38333e-08
51751,2025-08-05 16:00:00,CV003321,0.0,0.0,3.383646e-08
51752,2025-08-05 16:30:00,CV003321,0.0,0.0,3.383975e-08
51753,2025-08-05 16:30:00,CV003321,0.0,0.0,3.3843367e-08
51754,2025-08-05 17:00:00,CV003321,0.0,0.0,3.3847368e-08
51755,2025-08-05 17:00:00,CV003321,0.0,0.0,3.3851563e-08
51756,2025-08-05 17:30:00,CV003321,0.0,0.0,3.3855958e-08
51757,2025-08-05 17:30:00,CV003321,0.0,0.0,3.3860736e-08
51758,2025-08-05 18:00:00,CV003321,0.0,0.0,3.3865838e-08
51759,2025-08-05 18:00:00,CV003321,0.0,0.0,3.387094e-08
51760,2025-08-05 18:30:00,CV003321,0.0,0.0,3.3876756e-08
51761,2025-08-05 18:30:00,CV003321,0.0,0.0,3.3882184e-08
51762,2025-08-05 19:00:00,CV003321,0.0,0.0,3.388852e-08
51763,2025-08-05 19:00:00,CV003321,0.0,0.0,3.3895045e-08
51764,2025-08-05 19:30:00,CV003321,0.0,0.0,3.3901383e-08
51765,2025-08-05 19:30:00,CV003321,0.0,0.0,3.390811e-08
51766,2025-08-05 20:00:00,CV003321,0.0,0.0,3.391548e-08
51767,2025-08-05 20:00:00,CV003321,0.0,0.0,3.3922728e-08
51768,2025-08-05 20:30:00,CV003321,0.0,0.0,3.3930366e-08
51769,2025-08-05 20:30:00,CV003321,0.0,0.0,3.393839e-08
51770,2025-08-05 21:00:00,CV003321,0.0,0.0,3.3946677e-08
51771,2025-08-05 21:00:00,CV003321,0.0,0.0,3.395503e-08
51772,2025-08-05 21:30:00,CV003321,0.0,0.0,3.3963644e-08
51773,2025-08-05 21:30:00,CV003321,0.0,0.0,3.3972523e-08
51774,2025-08-05 22:00:00,CV003321,0.0,0.0,3.398172e-08
51775,2025-08-05 22:00:00,CV003321,0.0,0.0,3.3991252e-08
51776,2025-08-05 22:30:00,CV003321,0.0,0.0,3.400098e-08
51777,2025-08-05 22:30:00,CV003321,0.0,0.0,3.401084e-08
51778,2025-08-05 23:00:00,CV003321,0.0,0.0,3.4021088e-08
51779,2025-08-05 23:00:00,CV003321,0.0,0.0,3.40316e-08
51780,2025-08-05 23:30:00,CV003321,0.0,0.0,3.4042056e-08
51781,2025-08-05 23:30:00,CV003321,0.0,0.0,3.4053095e-08
51782,2025-08-06 00:00:00,CV003321,0.0,0.0,3.4064463e-08
51783,2025-08-06 00:00:00,CV003321,0.0,0.0,3.407577e-08
51784,2025-08-06 00:30:00,CV003321,0.0,0.0,3.4087535e-08
51785,2025-08-06 00:30:00,CV003321,0.0,0.0,3.4099305e-08
51786,2025-08-06 01:00:00,CV003321,0.0,0.0,3.4111668e-08
51787,2025-08-06 01:00:00,CV003321,0.0,0.0,3.4124163e-08
51788,2025-08-06 01:30:00,CV003321,0.0,0.0,3.413679e-08
51789,2025-08-06 01:30:00,CV003321,0.0,0.0,3.414962e-08
51790,2025-08-06 02:00:00,CV003321,0.0,0.0,3.416291e-08
51791,2025-08-06 02:00:00,CV003321,0.0,0.0,3.417614e-08
51792,2025-08-06 02:30:00,CV003321,0.0,0.0,3.4189764e-08
51793,2025-08-06 02:30:00,CV003321,0.0,0.0,3.420379e-08
51794,2025-08-06 03:00:00,CV003321,0.0,0.0,3.4217884e-08
51795,2025-08-06 03:00:00,CV003321,0.0,0.0,3.4232443e-08
51796,2025-08-06 03:30:00,CV003321,0.0,0.0,3.4246874e-08
51797,2025-08-06 03:30:00,CV003321,0.0,0.0,3.4261706e-08
51798,2025-08-06 04:00:00,CV003321,0.0,0.0,3.427687e-08
51799,2025-08-06 04:00:00,CV003321,0.0,0.0,3.4292107e-08
51800,2025-08-06 04:30:00,CV003321,0.0,0.0,3.430761e-08
51801,2025-08-06 04:30:00,CV003321,0.0,0.0,3.4323516e-08
51802,2025-08-06 05:00:00,CV003321,0.0,0.0,3.4339624e-08
51803,2025-08-06 05:00:00,CV003321,0.0,0.0,3.435594e-08
51804,2025-08-06 05:30:00,CV003321,0.0,0.0,3.437239e-08
51805,2025-08-06 05:30:00,CV003321,0.0,0.0,3.4389178e-08
51806,2025-08-06 06:00:00,CV003321,0.0,0.0,3.4405907e-08
51807,2025-08-06 06:00:00,CV003321,0.0,0.0,3.4423234e-08
51808,2025-08-06 06:30:00,CV003321,0.0,0.0,3.4440575e-08
51809,2025-08-06 06:30:00,CV003321,0.0,0.0,3.4458118e-08
51810,2025-08-06 07:00:00,CV003321,0.0,0.0,3.4476262e-08
51811,2025-08-06 07:00:00,CV003321,0.0,0.0,3.449448e-08
51812,2025-08-06 07:30:00,CV003321,0.0,0.0,3.4512777e-08
51813,2025-08-06 07:30:00,CV003321,0.0,0.0,3.4531542e-08
51814,2025-08-06 08:00:00,CV003321,0.0,0.0,3.4550254e-08
51815,2025-08-06 08:00:00,CV003321,0.0,0.0,3.4569304e-08
51816,2025-08-06 08:30:00,CV003321,0.0,0.0,3.4588563e-08
51817,2025-08-06 08:30:00,CV003321,0.0,0.0,3.460796e-08
51818,2025-08-06 09:00:00,CV003321,0.0,0.0,3.4627703e-08
51819,2025-08-06 09:00:00,CV003321,0.0,0.0,3.4647787e-08
51820,2025-08-06 09:30:00,CV003321,0.0,0.0,3.4668016e-08
51821,2025-08-06 09:30:00,CV003321,0.0,0.0,3.468839e-08
51822,2025-08-06 10:00:00,CV003321,0.0,0.0,3.470904e-08
51823,2025-08-06 10:00:00,CV003321,0.0,0.0,3.4729965e-08
51824,2025-08-06 10:30:00,CV003321,0.0,0.0,3.4750904e-08
51825,2025-08-06 10:30:00,CV003321,0.0,0.0,3.477219e-08
51826,2025-08-06 11:00:00,CV003321,0.0,0.0,3.4793615e-08
51827,2025-08-06 11:00:00,CV003321,0.0,0.0,3.481559e-08
51828,2025-08-06 11:30:00,CV003321,0.0,0.0,3.4837708e-08
51829,2025-08-06 11:30:00,CV003321,0.0,0.0,3.485984e-08
51830,2025-08-06 12:00:00,CV003321,0.0,0.0,3.4882124e-08
51831,2025-08-06 12:00:00,CV003321,0.0,0.0,3.4905018e-08
51832,2025-08-06 12:30:00,CV003321,0.0,0.0,3.4927726e-08
51833,2025-08-06 12:30:00,CV003321,0.0,0.0,3.495092e-08
51834,2025-08-06 13:00:00,CV003321,0.0,0.0,3.497426e-08
51835,2025-08-06 13:00:00,CV003321,0.0,0.0,3.4997814e-08
51836,2025-08-06 13:30:00,CV003321,0.0,0.0,3.502152e-08
51837,2025-08-06 13:30:00,CV003321,0.0,0.0,3.504551e-08
51838,2025-08-06 14:00:00,CV003321,0.0,0.0,3.5069785e-08
51839,2025-08-06 14:00:00,CV003321,0.0,0.0,3.509414e-08
51840,2025-08-06 14:30:00,CV003321,0.0,0.0,3.511878e-08
51841,2025-08-06 14:30:00,CV003321,0.0,0.0,3.5143643e-08
51842,2025-08-06 15:00:00,CV003321,0.0,0.0,3.5168718e-08
51843,2025-08-06 15:00:00,CV003321,0.0,0.0,3.519395e-08
51844,2025-08-06 15:30:00,CV003321,0.0,0.0,3.5219536e-08
51845,2025-08-06 15:30:00,CV003321,0.0,0.0,3.524527e-08
51846,2025-08-06 16:00:00,CV003321,0.0,0.0,3.5271366e-08
51847,2025-08-06 16:00:00,CV003321,0.0,0.0,3.529748e-08
51848,2025-08-06 16:30:00,CV003321,0.0,0.0,3.5323744e-08
51849,2025-08-06 16:30:00,CV003321,0.0,0.0,3.5350368e-08
51850,2025-08-06 17:00:00,CV003321,0.0,0.0,3.5377347e-08
51851,2025-08-06 17:00:00,CV003321,0.0,0.0,3.5404348e-08
51852,2025-08-06 17:30:00,CV003321,0.0,0.0,3.5431572e-08
51853,2025-08-06 17:30:00,CV003321,0.0,0.0,3.545902e-08
51854,2025-08-06 18:00:00,CV003321,0.0,0.0,3.548676e-08
51855,2025-08-06 18:00:00,CV003321,0.0,0.0,3.5514656e-08
51856,2025-08-06 18:30:00,CV003321,0.0,0.0,3.554285e-08
51857,2025-08-06 18:30:00,CV003321,0.0,0.0,3.5571333e-08
51858,2025-08-06 19:00:00,CV003321,0.0,0.0,3.559984e-08
51859,2025-08-06 19:00:00,CV003321,0.0,0.0,3.5628506e-08
51860,2025-08-06 19:30:00,CV003321,0.0,0.0,3.5657397e-08
51861,2025-08-06 19:30:00,CV003321,0.0,0.0,3.568686e-08
51862,2025-08-06 20:00:00,CV003321,0.0,0.0,3.5716344e-08
51863,2025-08-06 20:00:00,CV003321,0.0,0.0,3.5745924e-08
51864,2025-08-06 20:30:00,CV003321,0.0,0.0,3.57758e-08
51865,2025-08-06 20:30:00,CV003321,0.0,0.0,3.5805765e-08
51866,2025-08-06 21:00:00,CV003321,0.0,0.0,3.5836173e-08
51867,2025-08-06 21:00:00,CV003321,0.0,0.0,3.586667e-08
51868,2025-08-06 21:30:00,CV003321,0.0,0.0,3.589719e-08
51869,2025-08-06 21:30:00,CV003321,0.0,0.0,3.592836e-08
51870,2025-08-06 22:00:00,CV003321,0.0,0.0,3.5959552e-08
51871,2025-08-06 22:00:00,CV003321,0.0,0.0,3.5990773e-08
51872,2025-08-06 22:30:00,CV003321,0.0,0.0,3.6022435e-08
51873,2025-08-06 22:30:00,CV003321,0.0,0.0,3.605412e-08
51874,2025-08-06 23:00:00,CV003321,0.0,0.0,3.608632e-08
51875,2025-08-06 23:00:00,CV003321,0.0,0.0,3.6118408e-08
51876,2025-08-06 23:30:00,CV003321,0.0,0.0,3.615094e-08
51877,2025-08-06 23:30:00,CV003321,0.0,0.0,3.6183362e-08
51878,2025-08-07 00:00:00,CV003321,0.0,0.0,3.621623e-08
51879,2025-08-07 00:00:00,CV003321,0.0,0.0,3.624926e-08
51880,2025-08-07 00:30:00,CV003321,0.0,0.0,3.6282533e-08
51881,2025-08-07 00:30:00,CV003321,0.0,0.0,3.631618e-08
51882,2025-08-07 01:00:00,CV003321,0.0,0.0,3.6349654e-08
51883,2025-08-07 01:00:00,CV003321,0.0,0.0,3.6383643e-08
51884,2025-08-07 01:30:00,CV003321,0.0,0.0,3.641787e-08
51885,2025-08-07 01:30:00,CV003321,0.0,0.0,3.645227e-08
51886,2025-08-07 02:00:00,CV003321,0.0,0.0,3.648677e-08
51887,2025-08-07 02:00:00,CV003321,0.0,0.0,3.6521307e-08
51888,2025-08-07 02:30:00,CV003321,0.0,0.0,3.6556223e-08
51889,2025-08-07 02:30:00,CV003321,0.0,0.0,3.659159e-08
51890,2025-08-07 03:00:00,CV003321,0.0,0.0,3.6626783e-08
51891,2025-08-07 03:00:00,CV003321,0.0,0.0,3.6662428e-08
51892,2025-08-07 03:30:00,CV003321,0.0,0.0,3.669818e-08
51893,2025-08-07 03:30:00,CV003321,0.0,0.0,3.6734104e-08
51894,2025-08-07 04:00:00,CV003321,0.0,0.0,3.6770416e-08
51895,2025-08-07 04:00:00,CV003321,0.0,0.0,3.6806693e-08
51896,2025-08-07 04:30:00,CV003321,0.0,0.0,3.6843357e-08
51897,2025-08-07 04:30:00,CV003321,0.0,0.0,3.687999e-08
51898,2025-08-07 05:00:00,CV003321,0.0,0.0,3.6917218e-08
51899,2025-08-07 05:00:00,CV003321,0.0,0.0,3.6954347e-08
51900,2025-08-07 05:30:00,CV003321,0.0,0.0,3.699172e-08
51901,2025-08-07 05:30:00,CV003321,0.0,0.0,3.7029487e-08
51902,2025-08-07 06:00:00,CV003321,0.0,0.0,3.7067082e-08
51903,2025-08-07 06:00:00,CV003321,0.0,0.0,3.710521e-08
51904,2025-08-07 06:30:00,CV003321,0.0,0.0,3.7143515e-08
51905,2025-08-07 06:30:00,CV003321,0.0,0.0,3.7182076e-08
51906,2025-08-07 07:00:00,CV003321,0.0,0.0,3.7220747e-08
51907,2025-08-07 07:00:00,CV003321,0.0,0.0,3.725953e-08
51908,2025-08-07 07:30:00,CV003321,0.0,0.0,3.729878e-08
51909,2025-08-07 07:30:00,CV003321,0.0,0.0,3.7337784e-08
51910,2025-08-07 08:00:00,CV003321,0.0,0.0,3.737726e-08
51911,2025-08-07 08:00:00,CV003321,0.0,0.0,3.7417276e-08
51912,2025-08-07 08:30:00,CV003321,0.0,0.0,3.7456765e-08
51913,2025-08-07 08:30:00,CV003321,0.0,0.0,3.7497006e-08
51914,2025-08-07 09:00:00,CV003321,0.0,0.0,3.7537365e-08
51915,2025-08-07 09:00:00,CV003321,0.0,0.0,3.757798e-08
51916,2025-08-07 09:30:00,CV003321,0.0,0.0,3.761857e-08
51917,2025-08-07 09:30:00,CV003321,0.0,0.0,3.7659493e-08
51918,2025-08-07 10:00:00,CV003321,0.0,0.0,3.770053e-08
51919,2025-08-07 10:00:00,CV003321,0.0,0.0,3.7741973e-08
51920,2025-08-07 10:30:00,CV003321,0.0,0.0,3.7783533e-08
51921,2025-08-07 10:30:00,CV003321,0.0,0.0,3.7825206e-08
51922,2025-08-07 11:00:00,CV003321,0.0,0.0,3.7867075e-08
51923,2025-08-07 11:00:00,CV003321,0.0,0.0,3.7909494e-08
51924,2025-08-07 11:30:00,CV003321,0.0,0.0,3.7951676e-08
51925,2025-08-07 11:30:00,CV003321,0.0,0.0,3.7994187e-08
51926,2025-08-07 12:00:00,CV003321,0.0,0.0,3.803697e-08
51927,2025-08-07 12:00:00,CV003321,0.0,0.0,3.807987e-08
51928,2025-08-07 12:30:00,CV003321,0.0,0.0,3.812304e-08
51929,2025-08-07 12:30:00,CV003321,0.0,0.0,3.8166476e-08
51930,2025-08-07 13:00:00,CV003321,0.0,0.0,3.8210032e-08
51931,2025-08-07 13:00:00,CV003321,0.0,0.0,3.8253784e-08
51932,2025-08-07 13:30:00,CV003321,0.0,0.0,3.829773e-08
51933,2025-08-07 13:30:00,CV003321,0.0,0.0,3.834166e-08
51934,2025-08-07 14:00:00,CV003321,0.0,0.0,3.8386368e-08
51935,2025-08-07 14:00:00,CV003321,0.0,0.0,3.8430837e-08
51936,2025-08-07 14:30:00,CV003321,0.0,0.0,3.847565e-08
51937,2025-08-07 14:30:00,CV003321,0.0,0.0,3.8520664e-08
51938,2025-08-07 15:00:00,CV003321,0.0,0.0,3.8565727e-08
51939,2025-08-07 15:00:00,CV003321,0.0,0.0,3.8611066e-08
51940,2025-08-07 15:30:00,CV003321,0.0,0.0,3.8656605e-08
51941,2025-08-07 15:30:00,CV003321,0.0,0.0,3.8702563e-08
51942,2025-08-07 16:00:00,CV003321,0.0,0.0,3.874851e-08
51943,2025-08-07 16:00:00,CV003321,0.0,0.0,3.8794802e-08
51944,2025-08-07 16:30:00,CV003321,0.0,0.0,3.8841076e-08
51945,2025-08-07 16:30:00,CV003321,0.0,0.0,3.8887627e-08
51946,2025-08-07 17:00:00,CV003321,0.0,0.0,3.8934463e-08
51947,2025-08-07 17:00:00,CV003321,0.0,0.0,3.898172e-08
51948,2025-08-07 17:30:00,CV003321,0.0,0.0,3.9028738e-08
51949,2025-08-07 17:30:00,CV003321,0.0,0.0,3.9076333e-08
51950,2025-08-07 18:00:00,CV003321,0.0,0.0,3.912384e-08
51951,2025-08-07 18:00:00,CV003321,0.0,0.0,3.9171628e-08
51952,2025-08-07 18:30:00,CV003321,0.0,0.0,3.9219923e-08
51953,2025-08-07 18:30:00,CV003321,0.0,0.0,3.9268055e-08
51954,2025-08-07 19:00:00,CV003321,0.0,0.0,3.931617e-08
51955,2025-08-07 19:00:00,CV003321,0.0,0.0,3.9365165e-08
51956,2025-08-07 19:30:00,CV003321,0.0,0.0,3.9414e-08
51957,2025-08-07 19:30:00,CV003321,0.0,0.0,3.9462968e-08
51958,2025-08-07 20:00:00,CV003321,0.0,0.0,3.9512226e-08
51959,2025-08-07 20:00:00,CV003321,0.0,0.0,3.9562e-08
51960,2025-08-07 20:30:00,CV003321,0.0,0.0,3.9611454e-08
51961,2025-08-07 20:30:00,CV003321,0.0,0.0,3.9661202e-08
51962,2025-08-07 21:00:00,CV003321,0.0,0.0,3.9711463e-08
51963,2025-08-07 21:00:00,CV003321,0.0,0.0,3.9761787e-08
51964,2025-08-07 21:30:00,CV003321,0.0,0.0,3.9812175e-08
51965,2025-08-07 21:30:00,CV003321,0.0,0.0,3.9863085e-08
51966,2025-08-07 22:00:00,CV003321,0.0,0.0,3.9913832e-08
51967,2025-08-07 22:00:00,CV003321,0.0,0.0,3.9965176e-08
51968,2025-08-07 22:30:00,CV003321,0.0,0.0,4.0016435e-08
51969,2025-08-07 22:30:00,CV003321,0.0,0.0,4.0067988e-08
51970,2025-08-07 23:00:00,CV003321,0.0,0.0,4.011953e-08
51971,2025-08-07 23:00:00,CV003321,0.0,0.0,4.0171678e-08
51972,2025-08-07 23:30:00,CV003321,0.0,0.0,4.0223735e-08
51973,2025-08-07 23:30:00,CV003321,0.0,0.0,4.0276323e-08
51974,2025-08-08 00:00:00,CV003321,0.0,0.0,4.0328825e-08
51975,2025-08-08 00:00:00,CV003321,0.0,0.0,4.0381398e-08
51976,2025-08-08 00:30:00,CV003321,0.0,0.0,4.0434344e-08
51977,2025-08-08 00:30:00,CV003321,0.0,0.0,4.0487592e-08
51978,2025-08-08 01:00:00,CV003321,0.0,0.0,4.0540762e-08
51979,2025-08-08 01:00:00,CV003321,0.0,0.0,4.0594227e-08
51980,2025-08-08 01:30:00,CV003321,0.0,0.0,4.0648075e-08
51981,2025-08-08 01:30:00,CV003321,0.0,0.0,4.070215e-08
51982,2025-08-08 02:00:00,CV003321,0.0,0.0,4.0756298e-08
51983,2025-08-08 02:00:00,CV003321,0.0,0.0,4.0810903e-08
51984,2025-08-08 02:30:00,CV003321,0.0,0.0,4.0865192e-08
51985,2025-08-08 02:30:00,CV003321,0.0,0.0,4.091979e-08
51986,2025-08-08 03:00:00,CV003321,0.0,0.0,4.0974854e-08
51987,2025-08-08 03:00:00,CV003321,0.0,0.0,4.102991e-08
51988,2025-08-08 03:30:00,CV003321,0.0,0.0,4.1085197e-08
51989,2025-08-08 03:30:00,CV003321,0.0,0.0,4.1140716e-08
51990,2025-08-08 04:00:00,CV003321,0.0,0.0,4.119639e-08
51991,2025-08-08 04:00:00,CV003321,0.0,0.0,4.1252218e-08
51992,2025-08-08 04:30:00,CV003321,0.0,0.0,4.1308354e-08
51993,2025-08-08 04:30:00,CV003321,0.0,0.0,4.1364725e-08
51994,2025-08-08 05:00:00,CV003321,0.0,0.0,4.1421178e-08
51995,2025-08-08 05:00:00,CV003321,0.0,0.0,4.147794e-08
51996,2025-08-08 05:30:00,CV003321,0.0,0.0,4.153486e-08
51997,2025-08-08 05:30:00,CV003321,0.0,0.0,4.1591782e-08
51998,2025-08-08 06:00:00,CV003321,0.0,0.0,4.164894e-08
51999,2025-08-08 06:00:00,CV003321,0.0,0.0,4.1706652e-08
52000,2025-08-08 06:30:00,CV003321,0.0,0.0,4.1764284e-08
52001,2025-08-08 06:30:00,CV003321,0.0,0.0,4.182208e-08
52002,2025-08-08 07:00:00,CV003321,0.0,0.0,4.188011e-08
52003,2025-08-08 07:00:00,CV003321,0.0,0.0,4.1938385e-08
52004,2025-08-08 07:30:00,CV003321,0.0,0.0,4.1996817e-08
52005,2025-08-08 07:30:00,CV003321,0.0,0.0,4.2055415e-08
52006,2025-08-08 08:00:00,CV003321,0.0,0.0,4.2114493e-08
52007,2025-08-08 08:00:00,CV003321,0.0,0.0,4.2173497e-08
52008,2025-08-08 08:30:00,CV003321,0.0,0.0,4.223274e-08
52009,2025-08-08 08:30:00,CV003321,0.0,0.0,4.2291987e-08
52010,2025-08-08 09:00:00,CV003321,0.0,0.0,4.235156e-08
52011,2025-08-08 09:00:00,CV003321,0.0,0.0,4.2411543e-08
52012,2025-08-08 09:30:00,CV003321,0.0,0.0,4.2471445e-08
52013,2025-08-08 09:30:00,CV003321,0.0,0.0,4.2531678e-08
52014,2025-08-08 10:00:00,CV003321,0.0,0.0,4.2591996e-08
52015,2025-08-08 10:00:00,CV003321,0.0,0.0,4.2652886e-08
52016,2025-08-08 10:30:00,CV003321,0.0,0.0,4.2713456e-08
52017,2025-08-08 10:30:00,CV003321,0.0,0.0,4.27746e-08
52018,2025-08-08 11:00:00,CV003321,0.0,0.0,4.2835506e-08
52019,2025-08-08 11:00:00,CV003321,0.0,0.0,4.2897156e-08
52020,2025-08-08 11:30:00,CV003321,0.0,0.0,4.295873e-08
52021,2025-08-08 11:30:00,CV003321,0.0,0.0,4.3020552e-08
52022,2025-08-08 12:00:00,CV003321,0.0,0.0,4.308255e-08
52023,2025-08-08 12:00:00,CV003321,0.0,0.0,4.3144635e-08
52024,2025-08-08 12:30:00,CV003321,0.0,0.0,4.320714e-08
52025,2025-08-08 12:30:00,CV003321,0.0,0.0,4.3269736e-08
52026,2025-08-08 13:00:00,CV003321,0.0,0.0,4.3332665e-08
52027,2025-08-08 13:00:00,CV003321,0.0,0.0,4.3395527e-08
52028,2025-08-08 13:30:00,CV003321,0.0,0.0,4.345848e-08
52029,2025-08-08 13:30:00,CV003321,0.0,0.0,4.3521936e-08
52030,2025-08-08 14:00:00,CV003321,0.0,0.0,4.3585818e-08
52031,2025-08-08 14:00:00,CV003321,0.0,0.0,4.3649464e-08
52032,2025-08-08 14:30:00,CV003321,0.0,0.0,4.3713452e-08
52033,2025-08-08 14:30:00,CV003321,0.0,0.0,4.377753e-08
52034,2025-08-08 15:00:00,CV003321,0.0,0.0,4.3842043e-08
52035,2025-08-08 15:00:00,CV003321,0.0,0.0,4.390648e-08
52036,2025-08-08 15:30:00,CV003321,0.0,0.0,4.397126e-08
52037,2025-08-08 15:30:00,CV003321,0.0,0.0,4.4036387e-08
52038,2025-08-08 16:00:00,CV003321,0.0,0.0,4.410153e-08
52039,2025-08-08 16:00:00,CV003321,0.0,0.0,4.4166683e-08
52040,2025-08-08 16:30:00,CV003321,0.0,0.0,4.4232358e-08
52041,2025-08-08 16:30:00,CV003321,0.0,0.0,4.429813e-08
52042,2025-08-08 17:00:00,CV003321,0.0,0.0,4.436408e-08
52043,2025-08-08 17:00:00,CV003321,0.0,0.0,4.443013e-08
52044,2025-08-08 17:30:00,CV003321,0.0,0.0,4.449645e-08
52045,2025-08-08 17:30:00,CV003321,0.0,0.0,4.4563123e-08
52046,2025-08-08 18:00:00,CV003321,0.0,0.0,4.4629726e-08
52047,2025-08-08 18:00:00,CV003321,0.0,0.0,4.469677e-08
52048,2025-08-08 18:30:00,CV003321,0.0,0.0,4.4763997e-08
52049,2025-08-08 18:30:00,CV003321,0.0,0.0,4.4831243e-08
52050,2025-08-08 19:00:00,CV003321,0.0,0.0,4.489876e-08
52051,2025-08-08 19:00:00,CV003321,0.0,0.0,4.4966807e-08
52052,2025-08-08 19:30:00,CV003321,0.0,0.0,4.503453e-08
52053,2025-08-08 19:30:00,CV003321,0.0,0.0,4.5102613e-08
52054,2025-08-08 20:00:00,CV003321,0.0,0.0,4.5170967e-08
52055,2025-08-08 20:00:00,CV003321,0.0,0.0,4.5239513e-08
52056,2025-08-08 20:30:00,CV003321,0.0,0.0,4.5308422e-08
52057,2025-08-08 20:30:00,CV003321,0.0,0.0,4.5377355e-08
52058,2025-08-08 21:00:00,CV003321,0.0,0.0,4.5446388e-08
52059,2025-08-08 21:00:00,CV003321,0.0,0.0,4.5515957e-08
52060,2025-08-08 21:30:00,CV003321,0.0,0.0,4.5585377e-08
52061,2025-08-08 21:30:00,CV003321,0.0,0.0,4.565516e-08
52062,2025-08-08 22:00:00,CV003321,0.0,0.0,4.5724967e-08
52063,2025-08-08 22:00:00,CV003321,0.0,0.0,4.5795055e-08
52064,2025-08-08 22:30:00,CV003321,0.0,0.0,4.5865335e-08
52065,2025-08-08 22:30:00,CV003321,0.0,0.0,4.5936247e-08
52066,2025-08-08 23:00:00,CV003321,0.0,0.0,4.6007006e-08
52067,2025-08-08 23:00:00,CV003321,0.0,0.0,4.6077965e-08
52068,2025-08-08 23:30:00,CV003321,0.0,0.0,4.6148944e-08
52069,2025-08-08 23:30:00,CV003321,0.0,0.0,4.622039e-08
52070,2025-08-09 00:00:00,CV003321,0.0,0.0,4.6291674e-08
52071,2025-08-09 00:00:00,CV003321,0.0,0.0,4.636369e-08
52072,2025-08-09 00:30:00,CV003321,0.0,0.0,4.6435904e-08
52073,2025-08-09 00:30:00,CV003321,0.0,0.0,4.6507704e-08
52074,2025-08-09 01:00:00,CV003321,0.0,0.0,4.6579963e-08
52075,2025-08-09 01:00:00,CV003321,0.0,0.0,4.6652694e-08
52076,2025-08-09 01:30:00,CV003321,0.0,0.0,4.6725273e-08
52077,2025-08-09 01:30:00,CV003321,0.0,0.0,4.6798498e-08
52078,2025-08-09 02:00:00,CV003321,0.0,0.0,4.687157e-08
52079,2025-08-09 02:00:00,CV003321,0.0,0.0,4.694494e-08
52080,2025-08-09 02:30:00,CV003321,0.0,0.0,4.701842e-08
52081,2025-08-09 02:30:00,CV003321,0.0,0.0,4.7092016e-08
52082,2025-08-09 03:00:00,CV003321,0.0,0.0,4.7166175e-08
52083,2025-08-09 03:00:00,CV003321,0.0,0.0,4.7240274e-08
52084,2025-08-09 03:30:00,CV003321,0.0,0.0,4.731485e-08
52085,2025-08-09 03:30:00,CV003321,0.0,0.0,4.738918e-08
52086,2025-08-09 04:00:00,CV003321,0.0,0.0,4.746417e-08
52087,2025-08-09 04:00:00,CV003321,0.0,0.0,4.7539007e-08
52088,2025-08-09 04:30:00,CV003321,0.0,0.0,4.7614417e-08
52089,2025-08-09 04:30:00,CV003321,0.0,0.0,4.7689763e-08
52090,2025-08-09 05:00:00,CV003321,0.0,0.0,4.7765322e-08
52091,2025-08-09 05:00:00,CV003321,0.0,0.0,4.7840814e-08
52092,2025-08-09 05:30:00,CV003321,0.0,0.0,4.7916977e-08
52093,2025-08-09 05:30:00,CV003321,0.0,0.0,4.799326e-08
52094,2025-08-09 06:00:00,CV003321,0.0,0.0,4.80693e-08
52095,2025-08-09 06:00:00,CV003321,0.0,0.0,4.8146195e-08
52096,2025-08-09 06:30:00,CV003321,0.0,0.0,4.82233e-08
52097,2025-08-09 06:30:00,CV003321,0.0,0.0,4.8300073e-08
52098,2025-08-09 07:00:00,CV003321,0.0,0.0,4.8377057e-08
52099,2025-08-09 07:00:00,CV003321,0.0,0.0,4.845481e-08
52100,2025-08-09 07:30:00,CV003321,0.0,0.0,4.853214e-08
52101,2025-08-09 07:30:00,CV003321,0.0,0.0,4.8610143e-08
52102,2025-08-09 08:00:00,CV003321,0.0,0.0,4.8688175e-08
52103,2025-08-09 08:00:00,CV003321,0.0,0.0,4.8766154e-08
52104,2025-08-09 08:30:00,CV003321,0.0,0.0,4.884463e-08
52105,2025-08-09 08:30:00,CV003321,0.0,0.0,4.892351e-08
52106,2025-08-09 09:00:00,CV003321,0.0,0.0,4.900224e-08
52107,2025-08-09 09:00:00,CV003321,0.0,0.0,4.908109e-08
52108,2025-08-09 09:30:00,CV003321,0.0,0.0,4.9160633e-08
52109,2025-08-09 09:30:00,CV003321,0.0,0.0,4.9239933e-08
52110,2025-08-09 10:00:00,CV003321,0.0,0.0,4.9319826e-08
52111,2025-08-09 10:00:00,CV003321,0.0,0.0,4.939919e-08
52112,2025-08-09 10:30:00,CV003321,0.0,0.0,4.9479628e-08
52113,2025-08-09 10:30:00,CV003321,0.0,0.0,4.9559723e-08
52114,2025-08-09 11:00:00,CV003321,0.0,0.0,4.9640228e-08
52115,2025-08-09 11:00:00,CV003321,0.0,0.0,4.9721056e-08
52116,2025-08-09 11:30:00,CV003321,0.0,0.0,4.9801546e-08
52117,2025-08-09 11:30:00,CV003321,0.0,0.0,4.9882637e-08
52118,2025-08-09 12:00:00,CV003321,0.0,0.0,4.9964335e-08
52119,2025-08-09 12:00:00,CV003321,0.0,0.0,5.0045596e-08
52120,2025-08-09 12:30:00,CV003321,0.0,0.0,5.0127372e-08
52121,2025-08-09 12:30:00,CV003321,0.0,0.0,5.0209568e-08
52122,2025-08-09 13:00:00,CV003321,0.0,0.0,5.0291515e-08
52123,2025-08-09 13:00:00,CV003321,0.0,0.0,5.0373792e-08
52124,2025-08-09 13:30:00,CV003321,0.0,0.0,5.0456293e-08
52125,2025-08-09 13:30:00,CV003321,0.0,0.0,5.0538933e-08
52126,2025-08-09 14:00:00,CV003321,0.0,0.0,5.0621903e-08
52127,2025-08-09 14:00:00,CV003321,0.0,0.0,5.0705196e-08
52128,2025-08-09 14:30:00,CV003321,0.0,0.0,5.0788632e-08
52129,2025-08-09 14:30:00,CV003321,0.0,0.0,5.0872014e-08
52130,2025-08-09 15:00:00,CV003321,0.0,0.0,5.0955915e-08
52131,2025-08-09 15:00:00,CV003321,0.0,0.0,5.1039763e-08
52132,2025-08-09 15:30:00,CV003321,0.0,0.0,5.112414e-08
52133,2025-08-09 15:30:00,CV003321,0.0,0.0,5.120836e-08
52134,2025-08-09 16:00:00,CV003321,0.0,0.0,5.129272e-08
52135,2025-08-09 16:00:00,CV003321,0.0,0.0,5.137771e-08
52136,2025-08-09 16:30:00,CV003321,0.0,0.0,5.146294e-08
52137,2025-08-09 16:30:00,CV003321,0.0,0.0,5.1547918e-08
52138,2025-08-09 17:00:00,CV003321,0.0,0.0,5.1633524e-08
52139,2025-08-09 17:00:00,CV003321,0.0,0.0,5.171888e-08
52140,2025-08-09 17:30:00,CV003321,0.0,0.0,5.1804776e-08
52141,2025-08-09 17:30:00,CV003321,0.0,0.0,5.189101e-08
52142,2025-08-09 18:00:00,CV003321,0.0,0.0,5.197719e-08
52143,2025-08-09 18:00:00,CV003321,0.0,0.0,5.2063612e-08
52144,2025-08-09 18:30:00,CV003321,0.0,0.0,5.2150178e-08
52145,2025-08-09 18:30:00,CV003321,0.0,0.0,5.223688e-08
52146,2025-08-09 19:00:00,CV003321,0.0,0.0,5.2323937e-08
52147,2025-08-09 19:00:00,CV003321,0.0,0.0,5.2411234e-08
52148,2025-08-09 19:30:00,CV003321,0.0,0.0,5.2498777e-08
52149,2025-08-09 19:30:00,CV003321,0.0,0.0,5.258707e-08
52150,2025-08-09 20:00:00,CV003321,0.0,0.0,5.2674807e-08
52151,2025-08-09 20:00:00,CV003321,0.0,0.0,5.2762992e-08
52152,2025-08-09 20:30:00,CV003321,0.0,0.0,5.285102e-08
52153,2025-08-09 20:30:00,CV003321,0.0,0.0,5.2939505e-08
52154,2025-08-09 21:00:00,CV003321,0.0,0.0,5.3028334e-08
52155,2025-08-09 21:00:00,CV003321,0.0,0.0,5.3117414e-08
52156,2025-08-09 21:30:00,CV003321,0.0,0.0,5.3206243e-08
52157,2025-08-09 21:30:00,CV003321,0.0,0.0,5.3295825e-08
52158,2025-08-09 22:00:00,CV003321,0.0,0.0,5.338515e-08
52159,2025-08-09 22:00:00,CV003321,0.0,0.0,5.347503e-08
52160,2025-08-09 22:30:00,CV003321,0.0,0.0,5.3565273e-08
52161,2025-08-09 22:30:00,CV003321,0.0,0.0,5.365536e-08
52162,2025-08-09 23:00:00,CV003321,0.0,0.0,5.37458e-08
52163,2025-08-09 23:00:00,CV003321,0.0,0.0,5.38364e-08
52164,2025-08-09 23:30:00,CV003321,0.0,0.0,5.3927142e-08
52165,2025-08-09 23:30:00,CV003321,0.0,0.0,5.4018248e-08
52166,2025-08-10 00:00:00,CV003321,0.0,0.0,5.410961e-08
52167,2025-08-10 00:00:00,CV003321,0.0,0.0,5.4201028e-08
52168,2025-08-10 00:30:00,CV003321,0.0,0.0,5.4292908e-08
52169,2025-08-10 00:30:00,CV003321,0.0,0.0,5.4384525e-08
52170,2025-08-10 01:00:00,CV003321,0.0,0.0,5.447651e-08
52171,2025-08-10 01:00:00,CV003321,0.0,0.0,5.4569167e-08
52172,2025-08-10 01:30:00,CV003321,0.0,0.0,5.4661466e-08
52173,2025-08-10 01:30:00,CV003321,0.0,0.0,5.4754015e-08
52174,2025-08-10 02:00:00,CV003321,0.0,0.0,5.4847145e-08
52175,2025-08-10 02:00:00,CV003321,0.0,0.0,5.4940227e-08
52176,2025-08-10 02:30:00,CV003321,0.0,0.0,5.5033464e-08
52177,2025-08-10 02:30:00,CV003321,0.0,0.0,5.5127494e-08
52178,2025-08-10 03:00:00,CV003321,0.0,0.0,5.522094e-08
52179,2025-08-10 03:00:00,CV003321,0.0,0.0,5.531508e-08
52180,2025-08-10 03:30:00,CV003321,0.0,0.0,5.540927e-08
52181,2025-08-10 03:30:00,CV003321,0.0,0.0,5.550383e-08
52182,2025-08-10 04:00:00,CV003321,0.0,0.0,5.559845e-08
52183,2025-08-10 04:00:00,CV003321,0.0,0.0,5.5693228e-08
52184,2025-08-10 04:30:00,CV003321,0.0,0.0,5.5788384e-08
52185,2025-08-10 04:30:00,CV003321,0.0,0.0,5.5883593e-08
52186,2025-08-10 05:00:00,CV003321,0.0,0.0,5.5978962e-08
52187,2025-08-10 05:00:00,CV003321,0.0,0.0,5.6074715e-08
52188,2025-08-10 05:30:00,CV003321,0.0,0.0,5.6170624e-08
52189,2025-08-10 05:30:00,CV003321,0.0,0.0,5.6266916e-08
52190,2025-08-10 06:00:00,CV003321,0.0,0.0,5.636327e-08
52191,2025-08-10 06:00:00,CV003321,0.0,0.0,5.6459562e-08
52192,2025-08-10 06:30:00,CV003321,0.0,0.0,5.655657e-08
52193,2025-08-10 06:30:00,CV003321,0.0,0.0,5.665341e-08
52194,2025-08-10 07:00:00,CV003321,0.0,0.0,5.6750853e-08
52195,2025-08-10 07:00:00,CV003321,0.0,0.0,5.6848144e-08
52196,2025-08-10 07:30:00,CV003321,0.0,0.0,5.6945705e-08
52197,2025-08-10 07:30:00,CV003321,0.0,0.0,5.7043323e-08
52198,2025-08-10 08:00:00,CV003321,0.0,0.0,5.7141655e-08
52199,2025-08-10 08:00:00,CV003321,0.0,0.0,5.723972e-08
52200,2025-08-10 08:30:00,CV003321,0.0,0.0,5.7338394e-08
52201,2025-08-10 08:30:00,CV003321,0.0,0.0,5.7437234e-08
52202,2025-08-10 09:00:00,CV003321,0.0,0.0,5.753669e-08
52203,2025-08-10 09:00:00,CV003321,0.0,0.0,5.76351e-08
52204,2025-08-10 09:30:00,CV003321,0.0,0.0,5.773456e-08
52205,2025-08-10 09:30:00,CV003321,0.0,0.0,5.7833972e-08
52206,2025-08-10 10:00:00,CV003321,0.0,0.0,5.7934e-08
52207,2025-08-10 10:00:00,CV003321,0.0,0.0,5.8033756e-08
52208,2025-08-10 10:30:00,CV003321,0.0,0.0,5.813391e-08
52209,2025-08-10 10:30:00,CV003321,0.0,0.0,5.8234566e-08
52210,2025-08-10 11:00:00,CV003321,0.0,0.0,5.833506e-08
52211,2025-08-10 11:00:00,CV003321,0.0,0.0,5.843584e-08
52212,2025-08-10 11:30:00,CV003321,0.0,0.0,5.8537026e-08
52213,2025-08-10 11:30:00,CV003321,0.0,0.0,5.8638378e-08
52214,2025-08-10 12:00:00,CV003321,0.0,0.0,5.8739793e-08
52215,2025-08-10 12:00:00,CV003321,0.0,0.0,5.884139e-08
52216,2025-08-10 12:30:00,CV003321,0.0,0.0,5.894338e-08
52217,2025-08-10 12:30:00,CV003321,0.0,0.0,5.9045558e-08
52218,2025-08-10 13:00:00,CV003321,0.0,0.0,5.91479e-08
52219,2025-08-10 13:00:00,CV003321,0.0,0.0,5.925088e-08
52220,2025-08-10 13:30:00,CV003321,0.0,0.0,5.935313e-08
52221,2025-08-10 13:30:00,CV003321,0.0,0.0,5.9456127e-08
52222,2025-08-10 14:00:00,CV003321,0.0,0.0,5.9559074e-08
52223,2025-08-10 14:00:00,CV003321,0.0,0.0,5.966288e-08
52224,2025-08-10 14:30:00,CV003321,0.0,0.0,5.97663e-08
52225,2025-08-10 14:30:00,CV003321,0.0,0.0,5.9870125e-08
52226,2025-08-10 15:00:00,CV003321,0.0,0.0,5.9974475e-08
52227,2025-08-10 15:00:00,CV003321,0.0,0.0,6.007889e-08
52228,2025-08-10 15:30:00,CV003321,0.0,0.0,6.018326e-08
52229,2025-08-10 15:30:00,CV003321,0.0,0.0,6.028804e-08
52230,2025-08-10 16:00:00,CV003321,0.0,0.0,6.039265e-08
52231,2025-08-10 16:00:00,CV003321,0.0,0.0,6.0498024e-08
52232,2025-08-10 16:30:00,CV003321,0.0,0.0,6.0603355e-08
52233,2025-08-10 16:30:00,CV003321,0.0,0.0,6.070887e-08
52234,2025-08-10 17:00:00,CV003321,0.0,0.0,6.08148e-08
52235,2025-08-10 17:00:00,CV003321,0.0,0.0,6.092079e-08
52236,2025-08-10 17:30:00,CV003321,0.0,0.0,6.102732e-08
52237,2025-08-10 17:30:00,CV003321,0.0,0.0,6.1133456e-08
52238,2025-08-10 18:00:00,CV003321,0.0,0.0,6.124059e-08
52239,2025-08-10 18:00:00,CV003321,0.0,0.0,6.134744e-08
52240,2025-08-10 18:30:00,CV003321,0.0,0.0,6.145425e-08
52241,2025-08-10 18:30:00,CV003321,0.0,0.0,6.156183e-08
52242,2025-08-10 19:00:00,CV003321,0.0,0.0,6.1669596e-08
52243,2025-08-10 19:00:00,CV003321,0.0,0.0,6.177673e-08
52244,2025-08-10 19:30:00,CV003321,0.0,0.0,6.1884876e-08
52245,2025-08-10 19:30:00,CV003321,0.0,0.0,6.199309e-08
52246,2025-08-10 20:00:00,CV003321,0.0,0.0,6.210149e-08
52247,2025-08-10 20:00:00,CV003321,0.0,0.0,6.221068e-08
52248,2025-08-10 20:30:00,CV003321,0.0,0.0,6.231935e-08
52249,2025-08-10 20:30:00,CV003321,0.0,0.0,6.242844e-08
52250,2025-08-10 21:00:00,CV003321,0.0,0.0,6.253773e-08
52251,2025-08-10 21:00:00,CV003321,0.0,0.0,6.264721e-08
52252,2025-08-10 21:30:00,CV003321,0.0,0.0,6.2756875e-08
52253,2025-08-10 21:30:00,CV003321,0.0,0.0,6.2866974e-08
52254,2025-08-10 22:00:00,CV003321,0.0,0.0,6.297739e-08
52255,2025-08-10 22:00:00,CV003321,0.0,0.0,6.308763e-08
52256,2025-08-10 22:30:00,CV003321,0.0,0.0,6.3198314e-08
52257,2025-08-10 22:30:00,CV003321,0.0,0.0,6.330907e-08
52258,2025-08-10 23:00:00,CV003321,0.0,0.0,6.3419776e-08
52259,2025-08-10 23:00:00,CV003321,0.0,0.0,6.353128e-08
52260,2025-08-10 23:30:00,CV003321,0.0,0.0,6.364237e-08
52261,2025-08-10 23:30:00,CV003321,0.0,0.0,6.375427e-08
52262,2025-08-11 00:00:00,CV003321,0.0,0.0,6.386649e-08
52263,2025-08-11 00:00:00,CV003321,0.0,0.0,6.397865e-08
52264,2025-08-11 00:30:00,CV003321,0.0,0.0,6.409078e-08
52265,2025-08-11 00:30:00,CV003321,0.0,0.0,6.420346e-08
52266,2025-08-11 01:00:00,CV003321,0.0,0.0,6.431622e-08
52267,2025-08-11 01:00:00,CV003321,0.0,0.0,6.442918e-08
52268,2025-08-11 01:30:00,CV003321,0.0,0.0,6.454246e-08
52269,2025-08-11 01:30:00,CV003321,0.0,0.0,6.465594e-08
52270,2025-08-11 02:00:00,CV003321,0.0,0.0,6.476974e-08
52271,2025-08-11 02:00:00,CV003321,0.0,0.0,6.488374e-08
52272,2025-08-11 02:30:00,CV003321,0.0,0.0,6.499745e-08
52273,2025-08-11 02:30:00,CV003321,0.0,0.0,6.5111855e-08
52274,2025-08-11 03:00:00,CV003321,0.0,0.0,6.522634e-08
52275,2025-08-11 03:00:00,CV003321,0.0,0.0,6.534164e-08
52276,2025-08-11 03:30:00,CV003321,0.0,0.0,6.545615e-08
52277,2025-08-11 03:30:00,CV003321,0.0,0.0,6.5571484e-08
52278,2025-08-11 04:00:00,CV003321,0.0,0.0,6.5687026e-08
52279,2025-08-11 04:00:00,CV003321,0.0,0.0,6.580252e-08
52280,2025-08-11 04:30:00,CV003321,0.0,0.0,6.5918336e-08
52281,2025-08-11 04:30:00,CV003321,0.0,0.0,6.6034616e-08
52282,2025-08-11 05:00:00,CV003321,0.0,0.0,6.615097e-08
52283,2025-08-11 05:00:00,CV003321,0.0,0.0,6.6267276e-08
52284,2025-08-11 05:30:00,CV003321,0.0,0.0,6.638405e-08
52285,2025-08-11 05:30:00,CV003321,0.0,0.0,6.6501265e-08
52286,2025-08-11 06:00:00,CV003321,0.0,0.0,6.6618064e-08
52287,2025-08-11 06:00:00,CV003321,0.0,0.0,6.673532e-08
52288,2025-08-11 06:30:00,CV003321,0.0,0.0,6.6852905e-08
52289,2025-08-11 06:30:00,CV003321,0.0,0.0,6.6970834e-08
52290,2025-08-11 07:00:00,CV003321,0.0,0.0,6.708935e-08
52291,2025-08-11 07:00:00,CV003321,0.0,0.0,6.720782e-08
52292,2025-08-11 07:30:00,CV003321,0.0,0.0,6.732586e-08
52293,2025-08-11 07:30:00,CV003321,0.0,0.0,6.744461e-08
52294,2025-08-11 08:00:00,CV003321,0.0,0.0,6.756358e-08
52295,2025-08-11 08:00:00,CV003321,0.0,0.0,6.768302e-08
52296,2025-08-11 08:30:00,CV003321,0.0,0.0,6.780254e-08
52297,2025-08-11 08:30:00,CV003321,0.0,0.0,6.792227e-08
52298,2025-08-11 09:00:00,CV003321,0.0,0.0,6.804156e-08
52299,2025-08-11 09:00:00,CV003321,0.0,0.0,6.816171e-08
52300,2025-08-11 09:30:00,CV003321,0.0,0.0,6.828208e-08
52301,2025-08-11 09:30:00,CV003321,0.0,0.0,6.8402656e-08
52302,2025-08-11 10:00:00,CV003321,0.0,0.0,6.8523576e-08
52303,2025-08-11 10:00:00,CV003321,0.0,0.0,6.864405e-08
52304,2025-08-11 10:30:00,CV003321,0.0,0.0,6.8765395e-08
52305,2025-08-11 10:30:00,CV003321,0.0,0.0,6.888683e-08
52306,2025-08-11 11:00:00,CV003321,0.0,0.0,6.9008344e-08
52307,2025-08-11 11:00:00,CV003321,0.0,0.0,6.9130856e-08
52308,2025-08-11 11:30:00,CV003321,0.0,0.0,6.925241e-08
52309,2025-08-11 11:30:00,CV003321,0.0,0.0,6.937483e-08
52310,2025-08-11 12:00:00,CV003321,0.0,0.0,6.9497204e-08
52311,2025-08-11 12:00:00,CV003321,0.0,0.0,6.961992e-08
52312,2025-08-11 12:30:00,CV003321,0.0,0.0,6.9742995e-08
52313,2025-08-11 12:30:00,CV003321,0.0,0.0,6.9865614e-08
52314,2025-08-11 13:00:00,CV003321,0.0,0.0,6.9989255e-08
52315,2025-08-11 13:00:00,CV003321,0.0,0.0,7.011311e-08
52316,2025-08-11 13:30:00,CV003321,0.0,0.0,7.023666e-08
52317,2025-08-11 13:30:00,CV003321,0.0,0.0,7.036082e-08
52318,2025-08-11 14:00:00,CV003321,0.0,0.0,7.0485335e-08
52319,2025-08-11 14:00:00,CV003321,0.0,0.0,7.060953e-08
52320,2025-08-11 14:30:00,CV003321,0.0,0.0,7.073462e-08
52321,2025-08-11 14:30:00,CV003321,0.0,0.0,7.085913e-08
52322,2025-08-11 15:00:00,CV003321,0.0,0.0,7.098452e-08
52323,2025-08-11 15:00:00,CV003321,0.0,0.0,7.110946e-08
52324,2025-08-11 15:30:00,CV003321,0.0,0.0,7.1235576e-08
52325,2025-08-11 15:30:00,CV003321,0.0,0.0,7.136109e-08
52326,2025-08-11 16:00:00,CV003321,0.0,0.0,7.148684e-08
52327,2025-08-11 16:00:00,CV003321,0.0,0.0,7.161334e-08
52328,2025-08-11 16:30:00,CV003321,0.0,0.0,7.1739535e-08
52329,2025-08-11 16:30:00,CV003321,0.0,0.0,7.186649e-08
52330,2025-08-11 17:00:00,CV003321,0.0,0.0,7.1993526e-08
52331,2025-08-11 17:00:00,CV003321,0.0,0.0,7.2120656e-08
52332,2025-08-11 17:30:00,CV003321,0.0,0.0,7.22476e-08
52333,2025-08-11 17:30:00,CV003321,0.0,0.0,7.237573e-08
52334,2025-08-11 18:00:00,CV003321,0.0,0.0,7.2503255e-08
52335,2025-08-11 18:00:00,CV003321,0.0,0.0,7.263129e-08
52336,2025-08-11 18:30:00,CV003321,0.0,0.0,7.275955e-08
52337,2025-08-11 18:30:00,CV003321,0.0,0.0,7.288803e-08
52338,2025-08-11 19:00:00,CV003321,0.0,0.0,7.301674e-08
52339,2025-08-11 19:00:00,CV003321,0.0,0.0,7.314582e-08
52340,2025-08-11 19:30:00,CV003321,0.0,0.0,7.3275125e-08
52341,2025-08-11 19:30:00,CV003321,0.0,0.0,7.340437e-08
52342,2025-08-11 20:00:00,CV003321,0.0,0.0,7.3533435e-08
52343,2025-08-11 20:00:00,CV003321,0.0,0.0,7.3663145e-08
52344,2025-08-11 20:30:00,CV003321,0.0,0.0,7.3793075e-08
52345,2025-08-11 20:30:00,CV003321,0.0,0.0,7.392339e-08
52346,2025-08-11 21:00:00,CV003321,0.0,0.0,7.405336e-08
52347,2025-08-11 21:00:00,CV003321,0.0,0.0,7.418413e-08
52348,2025-08-11 21:30:00,CV003321,0.0,0.0,7.4314556e-08
52349,2025-08-11 21:30:00,CV003321,0.0,0.0,7.4445644e-08
52350,2025-08-11 22:00:00,CV003321,0.0,0.0,7.4577386e-08
52351,2025-08-11 22:00:00,CV003321,0.0,0.0,7.470852e-08
52352,2025-08-11 22:30:00,CV003321,0.0,0.0,7.483987e-08
52353,2025-08-11 22:30:00,CV003321,0.0,0.0,7.497174e-08
52354,2025-08-11 23:00:00,CV003321,0.0,0.0,7.5103266e-08
52355,2025-08-11 23:00:00,CV003321,0.0,0.0,7.523589e-08
52356,2025-08-11 23:30:00,CV003321,0.0,0.0,7.536817e-08
52357,2025-08-11 23:30:00,CV003321,0.0,0.0,7.550068e-08
52358,2025-08-12 00:00:00,CV003321,0.0,0.0,7.563329e-08
52359,2025-08-12 00:00:00,CV003321,0.0,0.0,7.576641e-08
52360,2025-08-12 00:30:00,CV003321,0.0,0.0,7.589976e-08
52361,2025-08-12 00:30:00,CV003321,0.0,0.0,7.603278e-08
52362,2025-08-12 01:00:00,CV003321,0.0,0.0,7.616661e-08
52363,2025-08-12 01:00:00,CV003321,0.0,0.0,7.630067e-08
52364,2025-08-12 01:30:00,CV003321,0.0,0.0,7.6434965e-08
52365,2025-08-12 01:30:00,CV003321,0.0,0.0,7.656892e-08
52366,2025-08-12 02:00:00,CV003321,0.0,0.0,7.6703394e-08
52367,2025-08-12 02:00:00,CV003321,0.0,0.0,7.683826e-08
52368,2025-08-12 02:30:00,CV003321,0.0,0.0,7.697306e-08
52369,2025-08-12 02:30:00,CV003321,0.0,0.0,7.7108105e-08
52370,2025-08-12 03:00:00,CV003321,0.0,0.0,7.7243236e-08
52371,2025-08-12 03:00:00,CV003321,0.0,0.0,7.7378594e-08
52372,2025-08-12 03:30:00,CV003321,0.0,0.0,7.751435e-08
52373,2025-08-12 03:30:00,CV003321,0.0,0.0,7.765005e-08
52374,2025-08-12 04:00:00,CV003321,0.0,0.0,7.7786275e-08
52375,2025-08-12 04:00:00,CV003321,0.0,0.0,7.7922444e-08
52376,2025-08-12 04:30:00,CV003321,0.0,0.0,7.8058854e-08
52377,2025-08-12 04:30:00,CV003321,0.0,0.0,7.819521e-08
52378,2025-08-12 05:00:00,CV003321,0.0,0.0,7.8332086e-08
52379,2025-08-12 05:00:00,CV003321,0.0,0.0,7.846936e-08
52380,2025-08-12 05:30:00,CV003321,0.0,0.0,7.860658e-08
52381,2025-08-12 05:30:00,CV003321,0.0,0.0,7.874374e-08
52382,2025-08-12 06:00:00,CV003321,0.0,0.0,7.888158e-08
52383,2025-08-12 06:00:00,CV003321,0.0,0.0,7.901967e-08
52384,2025-08-12 06:30:00,CV003321,0.0,0.0,7.9158e-08
52385,2025-08-12 06:30:00,CV003321,0.0,0.0,7.9295965e-08
52386,2025-08-12 07:00:00,CV003321,0.0,0.0,7.943417e-08
52387,2025-08-12 07:00:00,CV003321,0.0,0.0,7.957338e-08
52388,2025-08-12 07:30:00,CV003321,0.0,0.0,7.971177e-08
52389,2025-08-12 07:30:00,CV003321,0.0,0.0,7.985055e-08
52390,2025-08-12 08:00:00,CV003321,0.0,0.0,7.999018e-08
52391,2025-08-12 08:00:00,CV003321,0.0,0.0,8.012975e-08
52392,2025-08-12 08:30:00,CV003321,0.0,0.0,8.026925e-08
52393,2025-08-12 08:30:00,CV003321,0.0,0.0,8.0409e-08
52394,2025-08-12 09:00:00,CV003321,0.0,0.0,8.0549e-08
52395,2025-08-12 09:00:00,CV003321,0.0,0.0,8.0689695e-08
52396,2025-08-12 09:30:00,CV003321,0.0,0.0,8.083033e-08
52397,2025-08-12 09:30:00,CV003321,0.0,0.0,8.097075e-08
52398,2025-08-12 10:00:00,CV003321,0.0,0.0,8.111141e-08
52399,2025-08-12 10:00:00,CV003321,0.0,0.0,8.125309e-08
52400,2025-08-12 10:30:00,CV003321,0.0,0.0,8.139425e-08
52401,2025-08-12 10:30:00,CV003321,0.0,0.0,8.153611e-08
52402,2025-08-12 11:00:00,CV003321,0.0,0.0,8.167759e-08
52403,2025-08-12 11:00:00,CV003321,0.0,0.0,8.1819486e-08
52404,2025-08-12 11:30:00,CV003321,0.0,0.0,8.196147e-08
52405,2025-08-12 11:30:00,CV003321,0.0,0.0,8.2103384e-08
52406,2025-08-12 12:00:00,CV003321,0.0,0.0,8.224617e-08
52407,2025-08-12 12:00:00,CV003321,0.0,0.0,8.238889e-08
52408,2025-08-12 12:30:00,CV003321,0.0,0.0,8.25317e-08
52409,2025-08-12 12:30:00,CV003321,0.0,0.0,8.267444e-08
52410,2025-08-12 13:00:00,CV003321,0.0,0.0,8.281742e-08
52411,2025-08-12 13:00:00,CV003321,0.0,0.0,8.2961456e-08
52412,2025-08-12 13:30:00,CV003321,0.0,0.0,8.3104624e-08
52413,2025-08-12 13:30:00,CV003321,0.0,0.0,8.3248835e-08
52414,2025-08-12 14:00:00,CV003321,0.0,0.0,8.339266e-08
52415,2025-08-12 14:00:00,CV003321,0.0,0.0,8.353737e-08
52416,2025-08-12 14:30:00,CV003321,0.0,0.0,8.368138e-08
52417,2025-08-12 14:30:00,CV003321,0.0,0.0,8.382643e-08
52418,2025-08-12 15:00:00,CV003321,0.0,0.0,8.3971244e-08
52419,2025-08-12 15:00:00,CV003321,0.0,0.0,8.411584e-08
52420,2025-08-12 15:30:00,CV003321,0.0,0.0,8.426164e-08
52421,2025-08-12 15:30:00,CV003321,0.0,0.0,8.440673e-08
52422,2025-08-12 16:00:00,CV003321,0.0,0.0,0.0036720196
52423,2025-08-12 16:00:00,CV003321,0.0,0.0,0.004967245
52424,2025-08-12 16:30:00,CV003321,0.0,0.0,0.005867172
52425,2025-08-12 16:30:00,CV003321,0.0,0.0,0.0067239227
52426,2025-08-12 17:00:00,CV003321,0.0,0.0,0.007647155
52427,2025-08-12 17:00:00,CV003321,0.0,0.0,0.008649155
52428,2025-08-12 17:30:00,CV003321,0.0,0.0,0.009709952
52429,2025-08-12 17:30:00,CV003321,0.0,0.0,0.010801701
52430,2025-08-12 18:00:00,CV003321,0.0,0.0,0.011898088
52431,2025-08-12 18:00:00,CV003321,0.0,0.0,0.012976027
52432,2025-08-12 18:30:00,CV003321,0.0,0.0,0.014016644
52433,2025-08-12 18:30:00,CV003321,0.0,0.0,0.015004342
52434,2025-08-12 19:00:00,CV003321,0.0,0.0,0.01592667
52435,2025-08-12 19:00:00,CV003321,0.0,0.0,0.016773326
52436,2025-08-12 19:30:00,CV003321,0.0,0.0,0.017536696
52437,2025-08-12 19:30:00,CV003321,0.0,0.0,0.018211022
52438,2025-08-12 20:00:00,CV003321,0.0,0.0,0.01879183
52439,2025-08-12 20:00:00,CV003321,0.0,0.0,0.019276837
52440,2025-08-12 20:30:00,CV003321,0.0,0.0,0.01966541
52441,2025-08-12 20:30:00,CV003321,0.0,0.0,0.01995829
52442,2025-08-12 21:00:00,CV003321,0.0,0.0,0.02015757
52443,2025-08-12 21:00:00,CV003321,0.0,0.0,0.02026642
52444,2025-08-12 21:30:00,CV003321,0.0,0.0,0.020288961
52445,2025-08-12 21:30:00,CV003321,0.0,0.0,0.020230269
52446,2025-08-12 22:00:00,CV003321,0.0,0.0,0.020095387
52447,2025-08-12 22:00:00,CV003321,0.0,0.0,0.019890698
52448,2025-08-12 22:30:00,CV003321,0.0,0.0,0.019622274
52449,2025-08-12 22:30:00,CV003321,0.0,0.0,0.019296348
52450,2025-08-12 23:00:00,CV003321,0.0,0.0,0.018919524
52451,2025-08-12 23:00:00,CV003321,0.0,0.0,0.01849806
52452,2025-08-12 23:30:00,CV003321,0.0,0.0,0.018038312
52453,2025-08-12 23:30:00,CV003321,0.0,0.0,0.017546182
52454,2025-08-13 00:00:00,CV003321,0.0,0.0,0.017027244
52455,2025-08-13 00:00:00,CV003321,0.0,0.0,0.01648709
52456,2025-08-13 00:30:00,CV003321,0.0,0.0,0.015930558
52457,2025-08-13 00:30:00,CV003321,0.0,0.0,0.015362545
52458,2025-08-13 01:00:00,CV003321,0.0,0.0,0.014787298
52459,2025-08-13 01:00:00,CV003321,0.0,0.0,0.014208444
52460,2025-08-13 01:30:00,CV003321,0.0,0.0,0.01362981
52461,2025-08-13 01:30:00,CV003321,0.0,0.0,0.013054334
52462,2025-08-13 02:00:00,CV003321,0.0,0.0,0.012484699
52463,2025-08-13 02:00:00,CV003321,0.0,0.0,0.0119235115
52464,2025-08-13 02:30:00,CV003321,0.0,0.0,0.011372745
52465,2025-08-13 02:30:00,CV003321,0.0,0.0,0.010834105
52466,2025-08-13 03:00:00,CV003321,0.0,0.0,0.010309072
52467,2025-08-13 03:00:00,CV003321,0.0,0.0,0.009798901
52468,2025-08-13 03:30:00,CV003321,0.0,0.0,0.009304567
52469,2025-08-13 03:30:00,CV003321,0.0,0.0,0.008826721
52470,2025-08-13 04:00:00,CV003321,0.0,0.0,0.008365998
52471,2025-08-13 04:00:00,CV003321,0.0,0.0,0.007922703
52472,2025-08-13 04:30:00,CV003321,0.0,0.0,0.0074970634
52473,2025-08-13 04:30:00,CV003321,0.0,0.0,0.0070891045
52474,2025-08-13 05:00:00,CV003321,0.0,0.0,0.006698805
52475,2025-08-13 05:00:00,CV003321,0.0,0.0,0.006326002
52476,2025-08-13 05:30:00,CV003321,0.0,0.0,0.0059704566
52477,2025-08-13 05:30:00,CV003321,0.0,0.0,0.0056318482
52478,2025-08-13 06:00:00,CV003321,0.0,0.0,0.0053097717
52479,2025-08-13 06:00:00,CV003321,0.0,0.0,0.0050038295
52480,2025-08-13 06:30:00,CV003321,0.0,0.0,0.0047134543
52481,2025-08-13 06:30:00,CV003321,0.0,0.0,0.0044382545
52482,2025-08-13 07:00:00,CV003321,0.0,0.0,0.004177618
52483,2025-08-13 07:00:00,CV003321,0.0,0.0,0.0039310395
52484,2025-08-13 07:30:00,CV003321,0.0,0.0,0.0036978927
52485,2025-08-13 07:30:00,CV003321,0.0,0.0,0.0034776924
52486,2025-08-13 08:00:00,CV003321,0.0,0.0,0.0032698247
52487,2025-08-13 08:00:00,CV003321,0.0,0.0,0.0030737729
52488,2025-08-13 08:30:00,CV003321,0.0,0.0,0.0028889303
52489,2025-08-13 08:30:00,CV003321,0.0,0.0,0.0027147706
52490,2025-08-13 09:00:00,CV003321,0.0,0.0,0.002550785
52491,2025-08-13 09:00:00,CV003321,0.0,0.0,0.0023964255
52492,2025-08-13 09:30:00,CV003321,0.0,0.0,0.0022512295
52493,2025-08-13 09:30:00,CV003321,0.0,0.0,0.0021146645
52494,2025-08-13 10:00:00,CV003321,0.0,0.0,0.001986291
52495,2025-08-13 10:00:00,CV003321,0.0,0.0,0.0018656636
52496,2025-08-13 10:30:00,CV003321,0.0,0.0,0.0017523479
52497,2025-08-13 10:30:00,CV003321,0.0,0.0,0.0016459051
52498,2025-08-13 11:00:00,CV003321,0.0,0.0,0.0015459686
52499,2025-08-13 11:00:00,CV003321,0.0,0.0,0.001452149
52500,2025-08-13 11:30:00,CV003321,0.0,0.0,0.0013641027
52501,2025-08-13 11:30:00,CV003321,0.0,0.0,0.0012814772
52502,2025-08-13 12:00:00,CV003321,0.0,0.0,0.0012039457
52503,2025-08-13 12:00:00,CV003321,0.0,0.0,0.0011312161
52504,2025-08-13 12:30:00,CV003321,0.0,0.0,0.001062992
52505,2025-08-13 12:30:00,CV003321,0.0,0.0,0.0009989954
52506,2025-08-13 13:00:00,CV003321,0.0,0.0,0.00093897694
52507,2025-08-13 13:00:00,CV003321,0.0,0.0,0.00088268676
52508,2025-08-13 13:30:00,CV003321,0.0,0.0,0.0008298943
52509,2025-08-13 13:30:00,CV003321,0.0,0.0,0.00078038534
52510,2025-08-13 14:00:00,CV003321,0.0,0.0,0.0007339512
52511,2025-08-13 14:00:00,CV003321,0.0,0.0,0.00069040776
52512,2025-08-13 14:30:00,CV003321,0.0,0.0,0.0006495603
52513,2025-08-13 14:30:00,CV003321,0.0,0.0,0.0006112542
52514,2025-08-13 15:00:00,CV003321,0.0,0.0,0.00057532295
52515,2025-08-13 15:00:00,CV003321,0.0,0.0,0.00054161664
52516,2025-08-13 15:30:00,CV003321,0.0,0.0,0.0005099951
52517,2025-08-13 15:30:00,CV003321,0.0,0.0,0.00048032973
52518,2025-08-13 16:00:00,CV003321,0.0,0.0,0.00045249134
52519,2025-08-13 16:00:00,CV003321,0.0,0.0,0.00042636637
52520,2025-08-13 16:30:00,CV003321,0.0,0.0,0.0004018489
52521,2025-08-13 16:30:00,CV003321,0.0,0.0,0.00037883365
52522,2025-08-13 17:00:00,CV003321,0.0,0.0,0.00035722778
52523,2025-08-13 17:00:00,CV003321,0.0,0.0,0.00033693874
52524,2025-08-13 17:30:00,CV003321,0.0,0.0,0.000317887
52525,2025-08-13 17:30:00,CV003321,0.0,0.0,0.00029999288
52526,2025-08-13 18:00:00,CV003321,0.0,0.0,0.00028318094
52527,2025-08-13 18:00:00,CV003321,0.0,0.0,0.00026738446
52528,2025-08-13 18:30:00,CV003321,0.0,0.0,0.0002525405
52529,2025-08-13 18:30:00,CV003321,0.0,0.0,0.00023858632
52530,2025-08-13 19:00:00,CV003321,0.0,0.0,0.00022546819
52531,2025-08-13 19:00:00,CV003321,0.0,0.0,0.00021313346
52532,2025-08-13 19:30:00,CV003321,0.0,0.0,0.00020153145
52533,2025-08-13 19:30:00,CV003321,0.0,0.0,0.00019061603
52534,2025-08-13 20:00:00,CV003321,0.0,0.0,0.00018034628
52535,2025-08-13 20:00:00,CV003321,0.0,0.0,0.00017068071
52536,2025-08-13 20:30:00,CV003321,0.0,0.0,0.00016158166
52537,2025-08-13 20:30:00,CV003321,0.0,0.0,0.00015301358
52538,2025-08-13 21:00:00,CV003321,0.0,0.0,0.00014494432
52539,2025-08-13 21:00:00,CV003321,0.0,0.0,0.00013734194
52540,2025-08-13 21:30:00,CV003321,0.0,0.0,0.00013017975
52541,2025-08-13 21:30:00,CV003321,0.0,0.0,0.00012342821
52542,2025-08-13 22:00:00,CV003321,0.0,0.0,0.00011706319
52543,2025-08-13 22:00:00,CV003321,0.0,0.0,0.0001110608
52544,2025-08-13 22:30:00,CV003321,0.0,0.0,0.00010540015
52545,2025-08-13 22:30:00,CV003321,0.0,0.0,0.00010005842
52546,2025-08-13 23:00:00,CV003321,0.0,0.0,9.501785e-05
52547,2025-08-13 23:00:00,CV003321,0.0,0.0,9.025933e-05
52548,2025-08-13 23:30:00,CV003321,0.0,0.0,8.576625e-05
52549,2025-08-13 23:30:00,CV003321,0.0,0.0,8.152311e-05
52550,2025-08-14 00:00:00,CV003321,0.0,0.0,7.7514196e-05
52551,2025-08-14 00:00:00,CV003321,0.0,0.0,7.3725685e-05
52552,2025-08-14 00:30:00,CV003321,0.0,0.0,7.014474e-05
52553,2025-08-14 00:30:00,CV003321,0.0,0.0,6.6759225e-05
52554,2025-08-14 01:00:00,CV003321,0.0,0.0,6.355657e-05
52555,2025-08-14 01:00:00,CV003321,0.0,0.0,6.052768e-05
52556,2025-08-14 01:30:00,CV003321,0.0,0.0,5.766118e-05
52557,2025-08-14 01:30:00,CV003321,0.0,0.0,5.494792e-05
52558,2025-08-14 02:00:00,CV003321,0.0,0.0,5.2378862e-05
52559,2025-08-14 02:00:00,CV003321,0.0,0.0,4.9946062e-05
52560,2025-08-14 02:30:00,CV003321,0.0,0.0,4.7641195e-05
52561,2025-08-14 02:30:00,CV003321,0.0,0.0,4.5458946e-05
52562,2025-08-14 03:00:00,CV003321,0.0,0.0,4.3392916e-05
52563,2025-08-14 03:00:00,CV003321,0.0,0.0,4.1436186e-05
52564,2025-08-14 03:30:00,CV003321,0.0,0.0,3.9582337e-05
52565,2025-08-14 03:30:00,CV003321,0.0,0.0,3.7825634e-05
52566,2025-08-14 04:00:00,CV003321,0.0,0.0,3.615972e-05
52567,2025-08-14 04:00:00,CV003321,0.0,0.0,3.45801e-05
52568,2025-08-14 04:30:00,CV003321,0.0,0.0,3.3081284e-05
52569,2025-08-14 04:30:00,CV003321,0.0,0.0,3.1658958e-05
52570,2025-08-14 05:00:00,CV003321,0.0,0.0,3.0308649e-05
52571,2025-08-14 05:00:00,CV003321,0.0,0.0,2.9026256e-05
52572,2025-08-14 05:30:00,CV003321,0.0,0.0,2.7807935e-05
52573,2025-08-14 05:30:00,CV003321,0.0,0.0,2.6650303e-05
52574,2025-08-14 06:00:00,CV003321,0.0,0.0,2.5549682e-05
52575,2025-08-14 06:00:00,CV003321,0.0,0.0,2.4503064e-05
52576,2025-08-14 06:30:00,CV003321,0.0,0.0,2.3507477e-05
52577,2025-08-14 06:30:00,CV003321,0.0,0.0,2.2560043e-05
52578,2025-08-14 07:00:00,CV003321,0.0,0.0,2.165825e-05
52579,2025-08-14 07:00:00,CV003321,0.0,0.0,2.0799564e-05
52580,2025-08-14 07:30:00,CV003321,0.0,0.0,1.998138e-05
52581,2025-08-14 07:30:00,CV003321,0.0,0.0,1.920148e-05
52582,2025-08-14 08:00:00,CV003321,0.0,0.0,1.8457771e-05
52583,2025-08-14 08:00:00,CV003321,0.0,0.0,1.77483e-05
52584,2025-08-14 08:30:00,CV003321,0.0,0.0,1.707157e-05
52585,2025-08-14 08:30:00,CV003321,0.0,0.0,1.6425547e-05
52586,2025-08-14 09:00:00,CV003321,0.0,0.0,1.5808911e-05
52587,2025-08-14 09:00:00,CV003321,0.0,0.0,1.5219884e-05
52588,2025-08-14 09:30:00,CV003321,0.0,0.0,1.4657287e-05
52589,2025-08-14 09:30:00,CV003321,0.0,0.0,1.4119781e-05
52590,2025-08-14 10:00:00,CV003321,0.0,0.0,1.3605878e-05
52591,2025-08-14 10:00:00,CV003321,0.0,0.0,1.3114681e-05
52592,2025-08-14 10:30:00,CV003321,0.0,0.0,1.2644883e-05
52593,2025-08-14 10:30:00,CV003321,0.0,0.0,1.2195425e-05
52594,2025-08-14 11:00:00,CV003321,0.0,0.0,1.1765331e-05
52595,2025-08-14 11:00:00,CV003321,0.0,0.0,1.1353674e-05
52596,2025-08-14 11:30:00,CV003321,0.0,0.0,1.0959568e-05
52597,2025-08-14 11:30:00,CV003321,0.0,0.0,1.05820345e-05
52598,2025-08-14 12:00:00,CV003321,0.0,0.0,1.0220443e-05
52599,2025-08-14 12:00:00,CV003321,0.0,0.0,9.873945e-06
52600,2025-08-14 12:30:00,CV003321,0.0,0.0,9.541878e-06
52601,2025-08-14 12:30:00,CV003321,0.0,0.0,9.2233895e-06
52602,2025-08-14 13:00:00,CV003321,0.0,0.0,8.918073e-06
52603,2025-08-14 13:00:00,CV003321,0.0,0.0,8.625117e-06
52604,2025-08-14 13:30:00,CV003321,0.0,0.0,8.344053e-06
52605,2025-08-14 13:30:00,CV003321,0.0,0.0,8.07431e-06
52606,2025-08-14 14:00:00,CV003321,0.0,0.0,7.81533e-06
52607,2025-08-14 14:00:00,CV003321,0.0,0.0,7.5666408e-06
52608,2025-08-14 14:30:00,CV003321,0.0,0.0,7.3277442e-06
52609,2025-08-14 14:30:00,CV003321,0.0,0.0,7.0982446e-06
52610,2025-08-14 15:00:00,CV003321,0.0,0.0,6.8776903e-06
52611,2025-08-14 15:00:00,CV003321,0.0,0.0,6.6657185e-06
52612,2025-08-14 15:30:00,CV003321,0.0,0.0,6.461881e-06
52613,2025-08-14 15:30:00,CV003321,0.0,0.0,6.2658187e-06
52614,2025-08-14 16:00:00,CV003321,0.0,0.0,6.077223e-06
52615,2025-08-14 16:00:00,CV003321,0.0,0.0,5.8958167e-06
52616,2025-08-14 16:30:00,CV003321,0.0,0.0,5.7211782e-06
52617,2025-08-14 16:30:00,CV003321,0.0,0.0,5.5530577e-06
52618,2025-08-14 17:00:00,CV003321,0.0,0.0,5.3911726e-06
52619,2025-08-14 17:00:00,CV003321,0.0,0.0,5.2352502e-06
52620,2025-08-14 17:30:00,CV003321,0.0,0.0,5.0850836e-06
52621,2025-08-14 17:30:00,CV003321,0.0,0.0,4.940364e-06
52622,2025-08-14 18:00:00,CV003321,0.0,0.0,4.8008715e-06
52623,2025-08-14 18:00:00,CV003321,0.0,0.0,4.6664113e-06
52624,2025-08-14 18:30:00,CV003321,0.0,0.0,4.536743e-06
52625,2025-08-14 18:30:00,CV003321,0.0,0.0,4.411696e-06
52626,2025-08-14 19:00:00,CV003321,0.0,0.0,4.291053e-06
52627,2025-08-14 19:00:00,CV003321,0.0,0.0,4.174668e-06
52628,2025-08-14 19:30:00,CV003321,0.0,0.0,4.062327e-06
52629,2025-08-14 19:30:00,CV003321,0.0,0.0,3.953865e-06
52630,2025-08-14 20:00:00,CV003321,0.0,0.0,3.849184e-06
52631,2025-08-14 20:00:00,CV003321,0.0,0.0,3.748042e-06
52632,2025-08-14 20:30:00,CV003321,0.0,0.0,3.6503798e-06
52633,2025-08-14 20:30:00,CV003321,0.0,0.0,3.556018e-06
52634,2025-08-14 21:00:00,CV003321,0.0,0.0,3.4648294e-06
52635,2025-08-14 21:00:00,CV003321,0.0,0.0,3.376681e-06
52636,2025-08-14 21:30:00,CV003321,0.0,0.0,3.2914593e-06
52637,2025-08-14 21:30:00,CV003321,0.0,0.0,3.2090554e-06
52638,2025-08-14 22:00:00,CV003321,0.0,0.0,3.1293534e-06
52639,2025-08-14 22:00:00,CV003321,0.0,0.0,3.0522654e-06
52640,2025-08-14 22:30:00,CV003321,0.0,0.0,2.9776754e-06
52641,2025-08-14 22:30:00,CV003321,0.0,0.0,2.9055009e-06
52642,2025-08-14 23:00:00,CV003321,0.0,0.0,2.8356033e-06
52643,2025-08-14 23:00:00,CV003321,0.0,0.0,2.767976e-06
52644,2025-08-14 23:30:00,CV003321,0.0,0.0,2.702469e-06
52645,2025-08-14 23:30:00,CV003321,0.0,0.0,2.639036e-06
52646,2025-08-15 00:00:00,CV003321,0.0,0.0,2.5775855e-06
52647,2025-08-15 00:00:00,CV003321,0.0,0.0,2.5180536e-06
52648,2025-08-15 00:30:00,CV003321,0.0,0.0,2.4603612e-06
52649,2025-08-15 00:30:00,CV003321,0.0,0.0,2.4044468e-06
52650,2025-08-15 01:00:00,CV003321,0.0,0.0,2.350247e-06
52651,2025-08-15 01:00:00,CV003321,0.0,0.0,2.297709e-06
52652,2025-08-15 01:30:00,CV003321,0.0,0.0,2.2467486e-06
52653,2025-08-15 01:30:00,CV003321,0.0,0.0,2.1973415e-06
52654,2025-08-15 02:00:00,CV003321,0.0,0.0,2.149394e-06
52655,2025-08-15 02:00:00,CV003321,0.0,0.0,2.1029e-06
52656,2025-08-15 02:30:00,CV003321,0.0,0.0,2.0577688e-06
52657,2025-08-15 02:30:00,CV003321,0.0,0.0,2.0139687e-06
52658,2025-08-15 03:00:00,CV003321,0.0,0.0,1.9714432e-06
52659,2025-08-15 03:00:00,CV003321,0.0,0.0,1.9301585e-06
52660,2025-08-15 03:30:00,CV003321,0.0,0.0,1.8900732e-06
52661,2025-08-15 03:30:00,CV003321,0.0,0.0,1.8511347e-06
52662,2025-08-15 04:00:00,CV003321,0.0,0.0,1.8133287e-06
52663,2025-08-15 04:00:00,CV003321,0.0,0.0,1.7765741e-06
52664,2025-08-15 04:30:00,CV003321,0.0,0.0,1.7408703e-06
52665,2025-08-15 04:30:00,CV003321,0.0,0.0,1.7061652e-06
52666,2025-08-15 05:00:00,CV003321,0.0,0.0,1.6724312e-06
52667,2025-08-15 05:00:00,CV003321,0.0,0.0,1.6396236e-06
52668,2025-08-15 05:30:00,CV003321,0.0,0.0,1.6077312e-06
52669,2025-08-15 05:30:00,CV003321,0.0,0.0,1.5767175e-06
52670,2025-08-15 06:00:00,CV003321,0.0,0.0,1.5465425e-06
52671,2025-08-15 06:00:00,CV003321,0.0,0.0,1.5171881e-06
52672,2025-08-15 06:30:00,CV003321,0.0,0.0,1.488635e-06
52673,2025-08-15 06:30:00,CV003321,0.0,0.0,1.4608408e-06
52674,2025-08-15 07:00:00,CV003321,0.0,0.0,1.4337911e-06
52675,2025-08-15 07:00:00,CV003321,0.0,0.0,1.407461e-06
52676,2025-08-15 07:30:00,CV003321,0.0,0.0,1.3818241e-06
52677,2025-08-15 07:30:00,CV003321,0.0,0.0,1.3568585e-06
52678,2025-08-15 08:00:00,CV003321,0.0,0.0,1.3325408e-06
52679,2025-08-15 08:00:00,CV003321,0.0,0.0,1.308865e-06
52680,2025-08-15 08:30:00,CV003321,0.0,0.0,1.2857927e-06
52681,2025-08-15 08:30:00,CV003321,0.0,0.0,1.26331e-06
52682,2025-08-15 09:00:00,CV003321,0.0,0.0,1.2414098e-06
52683,2025-08-15 09:00:00,CV003321,0.0,0.0,1.2200604e-06
52684,2025-08-15 09:30:00,CV003321,0.0,0.0,1.1992474e-06
52685,2025-08-15 09:30:00,CV003321,0.0,0.0,1.178957e-06
52686,2025-08-15 10:00:00,CV003321,0.0,0.0,1.1591844e-06
52687,2025-08-15 10:00:00,CV003321,0.0,0.0,1.1398914e-06
52688,2025-08-15 10:30:00,CV003321,0.0,0.0,1.1210776e-06
52689,2025-08-15 10:30:00,CV003321,0.0,0.0,1.1027281e-06
52690,2025-08-15 11:00:00,CV003321,0.0,0.0,1.0848235e-06
52691,2025-08-15 11:00:00,CV003321,0.0,0.0,1.0673532e-06
52692,2025-08-15 11:30:00,CV003321,0.0,0.0,1.0503105e-06
52693,2025-08-15 11:30:00,CV003321,0.0,0.0,1.0336789e-06
52694,2025-08-15 12:00:00,CV003321,0.0,0.0,1.0174407e-06
52695,2025-08-15 12:00:00,CV003321,0.0,0.0,1.0015875e-06
52696,2025-08-15 12:30:00,CV003321,0.0,0.0,9.861149e-07
52697,2025-08-15 12:30:00,CV003321,0.0,0.0,9.710034e-07
52698,2025-08-15 13:00:00,CV003321,0.0,0.0,9.562439e-07
52699,2025-08-15 13:00:00,CV003321,0.0,0.0,9.418237e-07
52700,2025-08-15 13:30:00,CV003321,0.0,0.0,9.2775014e-07
52701,2025-08-15 13:30:00,CV003321,0.0,0.0,9.1399676e-07
52702,2025-08-15 14:00:00,CV003321,0.0,0.0,9.005537e-07
52703,2025-08-15 14:00:00,CV003321,0.0,0.0,8.874225e-07
52704,2025-08-15 14:30:00,CV003321,0.0,0.0,8.7458716e-07
52705,2025-08-15 14:30:00,CV003321,0.0,0.0,8.620434e-07
52706,2025-08-15 15:00:00,CV003321,0.0,0.0,8.4977614e-07
52707,2025-08-15 15:00:00,CV003321,0.0,0.0,8.377896e-07
52708,2025-08-15 15:30:00,CV003321,0.0,0.0,8.260667e-07
52709,2025-08-15 15:30:00,CV003321,0.0,0.0,8.146041e-07
52710,2025-08-15 16:00:00,CV003321,0.0,0.0,8.0339714e-07
52711,2025-08-15 16:00:00,CV003321,0.0,0.0,7.924305e-07
52712,2025-08-15 16:30:00,CV003321,0.0,0.0,7.817031e-07
52713,2025-08-15 16:30:00,CV003321,0.0,0.0,7.7121354e-07
52714,2025-08-15 17:00:00,CV003321,0.0,0.0,7.6094597e-07
52715,2025-08-15 17:00:00,CV003321,0.0,0.0,7.5089383e-07
52716,2025-08-15 17:30:00,CV003321,0.0,0.0,7.410664e-07
52717,2025-08-15 17:30:00,CV003321,0.0,0.0,7.3144423e-07
52718,2025-08-15 18:00:00,CV003321,0.0,0.0,7.220249e-07
52719,2025-08-15 18:00:00,CV003321,0.0,0.0,7.1280164e-07
52720,2025-08-15 18:30:00,CV003321,0.0,0.0,7.037761e-07
52721,2025-08-15 18:30:00,CV003321,0.0,0.0,6.9494166e-07
52722,2025-08-15 19:00:00,CV003321,0.0,0.0,6.8628293e-07
52723,2025-08-15 19:00:00,CV003321,0.0,0.0,6.7780763e-07
52724,2025-08-15 19:30:00,CV003321,0.0,0.0,6.695022e-07
52725,2025-08-15 19:30:00,CV003321,0.0,0.0,6.61371e-07
52726,2025-08-15 20:00:00,CV003321,0.0,0.0,6.5340214e-07
52727,2025-08-15 20:00:00,CV003321,0.0,0.0,6.455983e-07
52728,2025-08-15 20:30:00,CV003321,0.0,0.0,6.379527e-07
52729,2025-08-15 20:30:00,CV003321,0.0,0.0,6.304579e-07
52730,2025-08-15 21:00:00,CV003321,0.0,0.0,6.231128e-07
52731,2025-08-15 21:00:00,CV003321,0.0,0.0,6.159133e-07
52732,2025-08-15 21:30:00,CV003321,0.0,0.0,6.0885844e-07
52733,2025-08-15 21:30:00,CV003321,0.0,0.0,6.019418e-07
52734,2025-08-15 22:00:00,CV003321,0.0,0.0,5.9516105e-07
52735,2025-08-15 22:00:00,CV003321,0.0,0.0,5.885116e-07
52736,2025-08-15 22:30:00,CV003321,0.0,0.0,5.8199265e-07
52737,2025-08-15 22:30:00,CV003321,0.0,0.0,5.7560186e-07
52738,2025-08-15 23:00:00,CV003321,0.0,0.0,5.6932845e-07
52739,2025-08-15 23:00:00,CV003321,0.0,0.0,5.631814e-07
52740,2025-08-15 23:30:00,CV003321,0.0,0.0,5.571491e-07
52741,2025-08-15 23:30:00,CV003321,0.0,0.0,5.5123087e-07
52742,2025-08-16 00:00:00,CV003321,0.0,0.0,5.4542744e-07
52743,2025-08-16 00:00:00,CV003321,0.0,0.0,5.397315e-07
52744,2025-08-16 00:30:00,CV003321,0.0,0.0,5.3414186e-07
52745,2025-08-16 00:30:00,CV003321,0.0,0.0,5.2865954e-07
52746,2025-08-16 01:00:00,CV003321,0.0,0.0,5.2327795e-07
52747,2025-08-16 01:00:00,CV003321,0.0,0.0,5.179945e-07
52748,2025-08-16 01:30:00,CV003321,0.0,0.0,5.1280944e-07
52749,2025-08-16 01:30:00,CV003321,0.0,0.0,5.077199e-07
52750,2025-08-16 02:00:00,CV003321,0.0,0.0,5.0272445e-07
52751,2025-08-16 02:00:00,CV003321,0.0,0.0,4.9781755e-07
52752,2025-08-16 02:30:00,CV003321,0.0,0.0,4.930018e-07
52753,2025-08-16 02:30:00,CV003321,0.0,0.0,4.882727e-07
52754,2025-08-16 03:00:00,CV003321,0.0,0.0,4.8362904e-07
52755,2025-08-16 03:30:00,CV003321,0.0,0.0,4.790694e-07
52756,2025-08-16 04:00:00,CV003321,0.0,0.0,4.7458838e-07
52757,2025-08-16 04:30:00,CV003321,0.0,0.0,4.7019282e-07
52758,2025-08-16 05:00:00,CV003321,0.0,0.0,4.6586905e-07
52759,2025-08-16 05:30:00,CV003321,0.0,0.0,4.6162074e-07
52760,2025-08-16 06:00:00,CV003321,0.0,0.0,4.57453e-07
52761,2025-08-16 06:30:00,CV003321,0.0,0.0,4.5335315e-07
52762,2025-08-16 07:00:00,CV003321,0.0,0.0,4.493287e-07
52763,2025-08-16 07:30:00,CV003321,0.0,0.0,4.4537305e-07
52764,2025-08-16 08:00:00,CV003321,0.0,0.0,4.414859e-07
52765,2025-08-16 08:30:00,CV003321,0.0,0.0,4.376644e-07
52766,2025-08-16 09:00:00,CV003321,0.0,0.0,4.3390907e-07
52767,2025-08-16 09:30:00,CV003321,0.0,0.0,4.3021834e-07
52768,2025-08-16 10:00:00,CV003321,0.0,0.0,4.2659e-07
52769,2025-08-16 10:30:00,CV003321,0.0,0.0,4.2302565e-07
52770,2025-08-16 11:00:00,CV003321,0.0,0.0,4.1951915e-07
52771,2025-08-16 11:30:00,CV003321,0.0,0.0,4.1607348e-07
52772,2025-08-16 12:00:00,CV003321,0.0,0.0,4.1268322e-07
52773,2025-08-16 12:30:00,CV003321,0.0,0.0,4.093526e-07
52774,2025-08-16 13:00:00,CV003321,0.0,0.0,4.0607634e-07
52775,2025-08-16 13:30:00,CV003321,0.0,0.0,4.02854e-07
52776,2025-08-16 14:00:00,CV003321,0.0,0.0,3.9968543e-07
52777,2025-08-16 14:30:00,CV003321,0.0,0.0,3.9657013e-07
52778,2025-08-16 15:00:00,CV003321,0.0,0.0,3.9350616e-07
52779,2025-08-16 15:30:00,CV003321,0.0,0.0,3.9049263e-07
52780,2025-08-16 16:00:00,CV003321,0.0,0.0,3.8752697e-07
52781,2025-08-16 16:30:00,CV003321,0.0,0.0,3.846091e-07
52782,2025-08-16 17:00:00,CV003321,0.0,0.0,3.8173945e-07
52783,2025-08-16 17:30:00,CV003321,0.0,0.0,3.7891616e-07
52784,2025-08-16 18:00:00,CV003321,0.0,0.0,3.7613924e-07
52785,2025-08-16 18:30:00,CV003321,0.0,0.0,3.734061e-07
52786,2025-08-16 19:00:00,CV003321,0.0,0.0,3.7071692e-07
52787,2025-08-16 19:30:00,CV003321,0.0,0.0,3.6807128e-07
52788,2025-08-16 20:00:00,CV003321,0.0,0.0,3.6546612e-07
52789,2025-08-16 20:30:00,CV003321,0.0,0.0,3.6290538e-07
52790,2025-08-16 21:00:00,CV003321,0.0,0.0,3.603839e-07
52791,2025-08-16 21:30:00,CV003321,0.0,0.0,3.579004e-07
52792,2025-06-18 04:30:00,CV003321,1.0,0.0,3.5545912e-07
52793,2025-06-18 04:30:00,CV003321,1.0,0.0,3.5305365e-07
52794,2025-06-18 05:00:00,CV003321,1.0,0.0,3.5068723e-07
52795,2025-06-18 05:00:00,CV003321,1.0,0.0,3.4835728e-07
52796,2025-06-18 05:30:00,CV003321,1.0,0.0,3.460626e-07
52797,2025-06-18 05:30:00,CV003321,1.0,0.0,3.4380597e-07
52798,2025-06-18 06:00:00,CV003321,1.0,0.0,3.4158265e-07
52799,2025-06-18 06:00:00,CV003321,1.0,0.0,3.3939372e-07
52800,2025-06-18 06:30:00,CV003321,1.0,0.0,3.3723654e-07
52801,2025-06-18 06:30:00,CV003321,1.0,0.0,3.351148e-07
52802,2025-06-18 07:00:00,CV003321,1.0,0.0,3.3302544e-07
52803,2025-06-18 07:00:00,CV003321,1.0,0.0,3.309678e-07
52804,2025-06-18 07:30:00,CV003321,1.0,0.0,3.2894164e-07
52805,2025-06-18 07:30:00,CV003321,1.0,0.0,3.2694626e-07
52806,2025-06-18 08:00:00,CV003321,1.0,0.0,3.2498193e-07
52807,2025-06-18 08:00:00,CV003321,1.0,0.0,3.230442e-07
52808,2025-06-18 08:30:00,CV003321,1.0,0.0,3.2113883e-07
52809,2025-06-18 08:30:00,CV003321,1.0,0.0,3.1926052e-07
52810,2025-06-18 09:00:00,CV003321,1.0,0.0,3.1741226e-07
52811,2025-06-18 09:00:00,CV003321,1.0,0.0,3.1559156e-07
52812,2025-06-18 10:00:00,CV003321,1.0,0.0,3.1379778e-07
52813,2025-06-18 10:00:00,CV003321,1.0,0.0,3.1202848e-07
52814,2025-06-18 12:30:00,CV003321,1.0,0.0,3.1028898e-07
52815,2025-06-18 12:30:00,CV003321,1.0,0.0,3.0857123e-07
52816,2025-06-18 15:30:00,CV003321,1.0,0.0,3.068823e-07
52817,2025-06-18 15:30:00,CV003321,1.0,0.0,3.0521775e-07
52818,2025-06-18 16:00:00,CV003321,1.0,0.0,3.0357555e-07
52819,2025-06-18 16:00:00,CV003321,1.0,0.0,3.0196034e-07
52820,2025-06-18 16:30:00,CV003321,1.0,0.0,3.0036946e-07
52821,2025-06-18 16:30:00,CV003321,1.0,0.0,2.9880124e-07
52822,2025-06-18 20:00:00,CV003321,1.0,0.0,2.972525e-07
52823,2025-06-18 20:00:00,CV003321,1.0,0.0,2.957293e-07
52824,2025-06-18 21:00:00,CV003321,1.0,0.0,2.9422992e-07
52825,2025-06-18 21:00:00,CV003321,1.0,0.0,2.9274926e-07
52826,2025-06-19 02:30:00,CV003321,1.0,0.0,2.912928e-07
52827,2025-06-19 02:30:00,CV003321,1.0,0.0,2.8985568e-07
52828,2025-06-19 09:00:00,CV003321,1.0,0.0,2.8844053e-07
52829,2025-06-19 09:00:00,CV003321,1.0,0.0,2.8704568e-07
52830,2025-06-19 09:30:00,CV003321,1.0,0.0,2.856701e-07
52831,2025-06-19 09:30:00,CV003321,1.0,0.0,2.8431606e-07
52832,2025-06-19 10:30:00,CV003321,1.0,0.0,2.8298055e-07
52833,2025-06-19 10:30:00,CV003321,1.0,0.0,2.8166502e-07
52834,2025-06-20 09:00:00,CV003321,1.0,0.0,2.8036845e-07
52835,2025-06-20 09:00:00,CV003321,1.0,0.0,2.790877e-07
52836,2025-06-20 09:30:00,CV003321,1.0,0.0,2.7782923e-07
52837,2025-06-20 09:30:00,CV003321,1.0,0.0,2.7658697e-07
52838,2025-06-20 10:00:00,CV003321,1.0,0.0,2.7536444e-07
52839,2025-06-20 10:00:00,CV003321,1.0,0.0,2.7415624e-07
52840,2025-06-20 10:30:00,CV003321,1.0,0.0,2.7296812e-07
52841,2025-06-20 10:30:00,CV003321,1.0,0.0,2.7179556e-07
52842,2025-06-20 11:00:00,CV003321,1.0,0.0,2.706399e-07
52843,2025-06-20 11:00:00,CV003321,1.0,0.0,2.6950198e-07
52844,2025-06-20 14:00:00,CV003321,1.0,0.0,2.6837964e-07
52845,2025-06-20 14:00:00,CV003321,1.0,0.0,2.6727292e-07
52846,2025-06-20 15:00:00,CV003321,1.0,0.0,2.661824e-07
52847,2025-06-20 15:00:00,CV003321,1.0,0.0,2.651075e-07
52848,2025-06-20 16:00:00,CV003321,1.0,0.0,2.64047e-07
52849,2025-06-20 16:00:00,CV003321,1.0,0.0,2.6300128e-07
52850,2025-06-20 16:30:00,CV003321,1.0,0.0,2.619712e-07
52851,2025-06-20 16:30:00,CV003321,1.0,0.0,2.6095682e-07
52852,2025-06-20 17:00:00,CV003321,1.0,0.0,2.599553e-07
52853,2025-06-20 17:00:00,CV003321,1.0,0.0,2.5896975e-07
52854,2025-06-20 23:00:00,CV003321,1.0,0.0,2.5799778e-07
52855,2025-06-20 23:00:00,CV003321,1.0,0.0,2.570385e-07
52856,2025-06-20 23:30:00,CV003321,1.0,0.0,2.560943e-07
52857,2025-06-20 23:30:00,CV003321,1.0,0.0,2.5516277e-07
52858,2025-06-21 00:00:00,CV003321,1.0,0.0,2.542434e-07
52859,2025-06-21 00:00:00,CV003321,1.0,0.0,2.533394e-07
52860,2025-06-21 00:30:00,CV003321,1.0,0.0,2.524475e-07
52861,2025-06-21 00:30:00,CV003321,1.0,0.0,2.5156788e-07
52862,2025-06-21 01:30:00,CV003321,1.0,0.0,2.507014e-07
52863,2025-06-21 01:30:00,CV003321,1.0,0.0,2.4984644e-07
52864,2025-06-21 02:00:00,CV003321,1.0,0.0,2.490044e-07
52865,2025-06-21 02:00:00,CV003321,1.0,0.0,2.4817626e-07
52866,2025-06-21 02:30:00,CV003321,1.0,0.0,2.4735823e-07
52867,2025-06-21 02:30:00,CV003321,1.0,0.0,2.4655088e-07
52868,2025-06-21 03:00:00,CV003321,1.0,0.0,2.4575579e-07
52869,2025-06-21 03:00:00,CV003321,1.0,0.0,2.4497282e-07
52870,2025-06-21 03:30:00,CV003321,1.0,0.0,2.4419984e-07
52871,2025-06-21 03:30:00,CV003321,1.0,0.0,2.434404e-07
52872,2025-06-21 05:30:00,CV003321,1.0,0.0,2.4268982e-07
52873,2025-06-21 05:30:00,CV003321,1.0,0.0,2.419503e-07
52874,2025-06-21 15:30:00,CV003321,1.0,0.0,2.4122227e-07
52875,2025-06-21 15:30:00,CV003321,1.0,0.0,2.4050468e-07
52876,2025-06-21 20:30:00,CV003321,1.0,0.0,2.397979e-07
52877,2025-06-21 20:30:00,CV003321,1.0,0.0,2.391014e-07
52878,2025-06-21 21:00:00,CV003321,1.0,0.0,2.3841332e-07
52879,2025-06-21 21:00:00,CV003321,1.0,0.0,2.3773444e-07
52880,2025-06-22 04:30:00,CV003321,1.0,0.0,2.3706926e-07
52881,2025-06-22 04:30:00,CV003321,1.0,0.0,2.3641317e-07
52882,2025-06-22 05:00:00,CV003321,1.0,0.0,2.357634e-07
52883,2025-06-22 05:00:00,CV003321,1.0,0.0,2.3512615e-07
52884,2025-06-22 17:30:00,CV003321,1.0,0.0,2.3449891e-07
52885,2025-06-22 17:30:00,CV003321,1.0,0.0,2.3387825e-07
52886,2025-06-23 00:00:00,CV003321,1.0,0.0,2.3326923e-07
52887,2025-06-23 00:00:00,CV003321,1.0,0.0,2.3266759e-07
52888,2025-06-23 00:30:00,CV003321,1.0,0.0,2.3207679e-07
52889,2025-06-23 00:30:00,CV003321,1.0,0.0,2.3149211e-07
52890,2025-06-23 02:00:00,CV003321,1.0,0.0,2.3092016e-07
52891,2025-06-23 02:00:00,CV003321,1.0,0.0,2.303529e-07
52892,2025-06-23 03:30:00,CV003321,1.0,0.0,2.2979602e-07
52893,2025-06-23 03:30:00,CV003321,1.0,0.0,2.2924836e-07
52894,2025-06-23 11:30:00,CV003321,1.0,0.0,2.2870768e-07
52895,2025-06-23 11:30:00,CV003321,1.0,0.0,2.2817632e-07
52896,2025-06-23 17:00:00,CV003321,1.0,0.0,2.2765227e-07
52897,2025-06-23 17:00:00,CV003321,1.0,0.0,2.27137e-07
52898,2025-06-24 03:30:00,CV003321,1.0,0.0,2.2662874e-07
52899,2025-06-24 03:30:00,CV003321,1.0,0.0,2.261296e-07
52900,2025-06-24 04:00:00,CV003321,1.0,0.0,2.2563692e-07
52901,2025-06-24 04:00:00,CV003321,1.0,0.0,2.2515245e-07
52902,2025-06-24 04:30:00,CV003321,1.0,0.0,2.2467627e-07
52903,2025-06-24 04:30:00,CV003321,1.0,0.0,2.2420664e-07
52904,2025-06-24 05:00:00,CV003321,1.0,0.0,2.2374464e-07
52905,2025-06-24 05:00:00,CV003321,1.0,0.0,2.2329122e-07
52906,2025-06-24 06:00:00,CV003321,1.0,0.0,2.2284323e-07
52907,2025-06-24 06:00:00,CV003321,1.0,0.0,2.2240287e-07
52908,2025-06-24 06:30:00,CV003321,1.0,0.0,2.2197189e-07
52909,2025-06-24 06:30:00,CV003321,1.0,0.0,2.215468e-07
52910,2025-06-24 09:00:00,CV003321,1.0,0.0,2.2112886e-07
52911,2025-06-24 09:00:00,CV003321,1.0,0.0,2.2071548e-07
52912,2025-06-24 09:30:00,CV003321,1.0,0.0,2.203115e-07
52913,2025-06-24 09:30:00,CV003321,1.0,0.0,2.1991455e-07
52914,2025-06-24 10:00:00,CV003321,1.0,0.0,2.1952187e-07
52915,2025-06-24 10:00:00,CV003321,1.0,0.0,2.1913785e-07
52916,2025-06-24 10:30:00,CV003321,1.0,0.0,2.1875991e-07
52917,2025-06-24 10:30:00,CV003321,1.0,0.0,2.1838802e-07
52918,2025-06-24 13:00:00,CV003321,1.0,0.0,2.1802323e-07
52919,2025-06-24 13:00:00,CV003321,1.0,0.0,2.1766488e-07
52920,2025-06-24 18:30:00,CV003321,1.0,0.0,2.1731206e-07
52921,2025-06-24 18:30:00,CV003321,1.0,0.0,2.1696748e-07
52922,2025-06-24 19:00:00,CV003321,1.0,0.0,2.1662696e-07
52923,2025-06-24 19:00:00,CV003321,1.0,0.0,2.1629212e-07
52924,2025-06-24 19:30:00,CV003321,1.0,0.0,2.1596439e-07
52925,2025-06-24 19:30:00,CV003321,1.0,0.0,2.1564293e-07
52926,2025-06-24 22:00:00,CV003321,1.0,0.0,2.1532767e-07
52927,2025-06-24 22:00:00,CV003321,1.0,0.0,2.1501658e-07
52928,2025-06-25 19:30:00,CV003321,1.0,0.0,2.1471291e-07
52929,2025-06-25 19:30:00,CV003321,1.0,0.0,2.1441538e-07
52930,2025-06-25 20:30:00,CV003321,1.0,0.0,2.1412278e-07
52931,2025-06-25 20:30:00,CV003321,1.0,0.0,2.1383585e-07
52932,2025-06-25 21:00:00,CV003321,1.0,0.0,2.1355461e-07
52933,2025-06-25 21:00:00,CV003321,1.0,0.0,2.1327864e-07
52934,2025-06-26 01:00:00,CV003321,1.0,0.0,2.1300951e-07
52935,2025-06-26 01:00:00,CV003321,1.0,0.0,2.1274354e-07
52936,2025-06-26 21:00:00,CV003321,1.0,0.0,2.1248401e-07
52937,2025-06-26 21:00:00,CV003321,1.0,0.0,2.1223167e-07
52938,2025-06-27 09:00:00,CV003321,1.0,0.0,2.1198206e-07
52939,2025-06-27 09:00:00,CV003321,1.0,0.0,2.117392e-07
52940,2025-06-27 09:30:00,CV003321,1.0,0.0,2.1150065e-07
52941,2025-06-27 09:30:00,CV003321,1.0,0.0,2.1126681e-07
52942,2025-06-27 10:30:00,CV003321,1.0,0.0,2.1104046e-07
52943,2025-06-27 10:30:00,CV003321,1.0,0.0,2.1081718e-07
52944,2025-06-27 11:00:00,CV003321,1.0,0.0,2.1060015e-07
52945,2025-06-27 11:00:00,CV003321,1.0,0.0,2.1038737e-07
52946,2025-06-27 11:30:00,CV003321,1.0,0.0,2.1017841e-07
52947,2025-06-27 11:30:00,CV003321,1.0,0.0,2.0997325e-07
52948,2025-06-27 12:00:00,CV003321,1.0,0.0,2.097739e-07
52949,2025-06-27 12:00:00,CV003321,1.0,0.0,2.0957874e-07
52950,2025-06-27 12:30:00,CV003321,1.0,0.0,2.0938815e-07
52951,2025-06-27 12:30:00,CV003321,1.0,0.0,2.0920052e-07
52952,2025-06-27 16:00:00,CV003321,1.0,0.0,2.0901825e-07
52953,2025-06-27 16:00:00,CV003321,1.0,0.0,2.0883972e-07
52954,2025-06-27 16:30:00,CV003321,1.0,0.0,2.0866574e-07
52955,2025-06-27 16:30:00,CV003321,1.0,0.0,2.0849625e-07
52956,2025-06-27 17:00:00,CV003321,1.0,0.0,2.0833049e-07
52957,2025-06-27 17:00:00,CV003321,1.0,0.0,2.0816962e-07
52958,2025-06-27 17:30:00,CV003321,1.0,0.0,2.0801205e-07
52959,2025-06-27 17:30:00,CV003321,1.0,0.0,2.0785816e-07
52960,2025-06-27 18:00:00,CV003321,1.0,0.0,2.0770955e-07
52961,2025-06-27 18:00:00,CV003321,1.0,0.0,2.075638e-07
52962,2025-06-27 18:30:00,CV003321,1.0,0.0,2.0742212e-07
52963,2025-06-27 18:30:00,CV003321,1.0,0.0,2.0728409e-07
52964,2025-06-27 19:00:00,CV003321,1.0,0.0,2.0715129e-07
52965,2025-06-27 19:00:00,CV003321,1.0,0.0,2.0702174e-07
52966,2025-06-27 19:30:00,CV003321,1.0,0.0,2.0689544e-07
52967,2025-06-27 19:30:00,CV003321,1.0,0.0,2.0677432e-07
52968,2025-06-27 20:00:00,CV003321,1.0,0.0,2.0665681e-07
52969,2025-06-27 20:00:00,CV003321,1.0,0.0,2.0654254e-07
52970,2025-06-27 21:30:00,CV003321,1.0,0.0,2.0643228e-07
52971,2025-06-27 21:30:00,CV003321,1.0,0.0,2.0632442e-07
52972,2025-06-28 00:30:00,CV003321,1.0,0.0,2.0622095e-07
52973,2025-06-28 00:30:00,CV003321,1.0,0.0,2.0612184e-07
52974,2025-06-28 09:00:00,CV003321,1.0,0.0,2.0602594e-07
52975,2025-06-28 09:00:00,CV003321,1.0,0.0,2.0593441e-07
52976,2025-06-28 09:30:00,CV003321,1.0,0.0,2.0584721e-07
52977,2025-06-28 09:30:00,CV003321,1.0,0.0,2.0576009e-07
52978,2025-06-28 10:30:00,CV003321,1.0,0.0,2.0568004e-07
52979,2025-06-28 10:30:00,CV003321,1.0,0.0,2.0560236e-07
52980,2025-06-28 18:00:00,CV003321,1.0,0.0,2.0552828e-07
52981,2025-06-28 18:00:00,CV003321,1.0,0.0,2.0545694e-07
52982,2025-06-28 19:30:00,CV003321,1.0,0.0,2.0539032e-07
52983,2025-06-28 19:30:00,CV003321,1.0,0.0,2.0532649e-07
52984,2025-06-28 21:30:00,CV003321,1.0,0.0,2.0526618e-07
52985,2025-06-28 21:30:00,CV003321,1.0,0.0,2.0520942e-07
52986,2025-06-28 22:00:00,CV003321,1.0,0.0,2.05155e-07
52987,2025-06-28 22:00:00,CV003321,1.0,0.0,2.051061e-07
52988,2025-06-29 02:30:00,CV003321,1.0,0.0,2.0505838e-07
52989,2025-06-29 02:30:00,CV003321,1.0,0.0,2.0501655e-07
52990,2025-06-29 04:30:00,CV003321,1.0,0.0,2.0497588e-07
52991,2025-06-29 04:30:00,CV003321,1.0,0.0,2.0493952e-07
52992,2025-06-29 05:00:00,CV003321,1.0,0.0,2.0490708e-07
52993,2025-06-29 05:00:00,CV003321,1.0,0.0,2.0487738e-07
52994,2025-06-29 05:30:00,CV003321,1.0,0.0,2.0484966e-07
52995,2025-06-29 05:30:00,CV003321,1.0,0.0,2.048258e-07
52996,2025-06-29 06:00:00,CV003321,1.0,0.0,2.0480589e-07
52997,2025-06-29 06:00:00,CV003321,1.0,0.0,2.0478987e-07
52998,2025-06-29 09:00:00,CV003321,1.0,0.0,2.047762e-07
52999,2025-06-29 09:00:00,CV003321,1.0,0.0,2.0476527e-07
53000,2025-06-29 09:30:00,CV003321,1.0,0.0,2.0475784e-07
53001,2025-06-29 09:30:00,CV003321,1.0,0.0,2.0475393e-07
53002,2025-06-29 10:00:00,CV003321,1.0,0.0,2.0475198e-07
53003,2025-06-29 10:00:00,CV003321,1.0,0.0,2.0475355e-07
53004,2025-06-30 11:00:00,CV003321,1.0,0.0,2.0476058e-07
53005,2025-06-30 11:00:00,CV003321,1.0,0.0,2.0476917e-07
53006,2025-06-30 11:30:00,CV003321,1.0,0.0,2.0477776e-07
53007,2025-06-30 11:30:00,CV003321,1.0,0.0,2.0479378e-07
53008,2025-06-30 12:00:00,CV003321,1.0,0.0,2.0481174e-07
53009,2025-06-30 12:00:00,CV003321,1.0,0.0,2.0483128e-07
53010,2025-06-30 12:30:00,CV003321,1.0,0.0,2.0485433e-07
53011,2025-06-30 12:30:00,CV003321,1.0,0.0,2.0488129e-07
53012,2025-06-30 13:00:00,CV003321,1.0,0.0,2.0491059e-07
53013,2025-06-30 13:00:00,CV003321,1.0,0.0,2.0494421e-07
53014,2025-06-30 13:30:00,CV003321,1.0,0.0,2.0497978e-07
53015,2025-06-30 13:30:00,CV003321,1.0,0.0,2.0501732e-07
53016,2025-06-30 16:30:00,CV003321,1.0,0.0,2.0505917e-07
53017,2025-06-30 16:30:00,CV003321,1.0,0.0,2.0510298e-07
53018,2025-06-30 17:00:00,CV003321,1.0,0.0,2.0515031e-07
53019,2025-06-30 17:00:00,CV003321,1.0,0.0,2.0520041e-07
53020,2025-06-30 17:30:00,CV003321,1.0,0.0,2.0525444e-07
53021,2025-06-30 17:30:00,CV003321,1.0,0.0,2.0531041e-07
53022,2025-06-30 18:00:00,CV003321,1.0,0.0,2.0536956e-07
53023,2025-06-30 18:00:00,CV003321,1.0,0.0,2.0543108e-07
53024,2025-06-30 18:30:00,CV003321,1.0,0.0,2.0549574e-07
53025,2025-06-30 18:30:00,CV003321,1.0,0.0,2.0556394e-07
53026,2025-06-30 19:00:00,CV003321,1.0,0.0,2.0563297e-07
53027,2025-06-30 19:00:00,CV003321,1.0,0.0,2.0570631e-07
53028,2025-06-30 19:30:00,CV003321,1.0,0.0,2.0578246e-07
53029,2025-06-30 19:30:00,CV003321,1.0,0.0,2.0586214e-07
53030,2025-06-30 20:00:00,CV003321,1.0,0.0,2.0594383e-07
53031,2025-06-30 20:00:00,CV003321,1.0,0.0,2.0602712e-07
53032,2025-06-30 20:30:00,CV003321,1.0,0.0,2.0611478e-07
53033,2025-06-30 20:30:00,CV003321,1.0,0.0,2.06206e-07
53034,2025-07-01 04:30:00,CV003321,1.0,0.0,2.0629807e-07
53035,2025-07-01 04:30:00,CV003321,1.0,0.0,2.0639331e-07
53036,2025-07-01 05:00:00,CV003321,1.0,0.0,2.0649213e-07
53037,2025-07-01 05:00:00,CV003321,1.0,0.0,2.0659377e-07
53038,2025-07-01 05:30:00,CV003321,1.0,0.0,2.0669624e-07
53039,2025-07-01 05:30:00,CV003321,1.0,0.0,2.0680389e-07
53040,2025-07-01 06:00:00,CV003321,1.0,0.0,2.0691279e-07
53041,2025-07-01 06:00:00,CV003321,1.0,0.0,2.070253e-07
53042,2025-07-01 08:30:00,CV003321,1.0,0.0,2.0714023e-07
53043,2025-07-01 08:30:00,CV003321,1.0,0.0,2.072584e-07
53044,2025-07-01 18:00:00,CV003321,1.0,0.0,2.0737703e-07
53045,2025-07-01 18:00:00,CV003321,1.0,0.0,2.0750048e-07
53046,2025-07-02 00:00:00,CV003321,1.0,0.0,2.0762675e-07
53047,2025-07-02 00:00:00,CV003321,1.0,0.0,2.0775433e-07
53048,2025-07-02 00:30:00,CV003321,1.0,0.0,2.0788553e-07
53049,2025-07-02 00:30:00,CV003321,1.0,0.0,2.0802e-07
53050,2025-07-02 01:00:00,CV003321,1.0,0.0,2.0815453e-07
53051,2025-07-02 01:00:00,CV003321,1.0,0.0,2.0829432e-07
53052,2025-07-02 02:00:00,CV003321,1.0,0.0,2.0843582e-07
53053,2025-07-02 02:00:00,CV003321,1.0,0.0,2.0858057e-07
53054,2025-07-02 03:00:00,CV003321,1.0,0.0,2.0872704e-07
53055,2025-07-02 03:00:00,CV003321,1.0,0.0,2.0887639e-07
53056,2025-07-02 05:00:00,CV003321,1.0,0.0,2.0902903e-07
53057,2025-07-02 05:00:00,CV003321,1.0,0.0,2.0918337e-07
53058,2025-07-02 05:30:00,CV003321,1.0,0.0,2.0934102e-07
53059,2025-07-02 05:30:00,CV003321,1.0,0.0,2.0950002e-07
53060,2025-07-02 06:00:00,CV003321,1.0,0.0,2.096631e-07
53061,2025-07-02 06:00:00,CV003321,1.0,0.0,2.0982833e-07
53062,2025-07-02 07:00:00,CV003321,1.0,0.0,2.0999568e-07
53063,2025-07-02 07:00:00,CV003321,1.0,0.0,2.1016677e-07
53064,2025-07-02 07:30:00,CV003321,1.0,0.0,2.1034002e-07
53065,2025-07-02 07:30:00,CV003321,1.0,0.0,2.1051501e-07
53066,2025-07-02 08:00:00,CV003321,1.0,0.0,2.1069336e-07
53067,2025-07-02 08:00:00,CV003321,1.0,0.0,2.1087389e-07
53068,2025-07-02 08:30:00,CV003321,1.0,0.0,2.1105656e-07
53069,2025-07-02 08:30:00,CV003321,1.0,0.0,2.1124222e-07
53070,2025-07-02 09:00:00,CV003321,1.0,0.0,2.1143087e-07
53071,2025-07-02 09:00:00,CV003321,1.0,0.0,2.116213e-07
53072,2025-07-02 09:30:00,CV003321,1.0,0.0,2.1181594e-07
53073,2025-07-02 09:30:00,CV003321,1.0,0.0,2.1201078e-07
53074,2025-07-02 10:00:00,CV003321,1.0,0.0,2.1220941e-07
53075,2025-07-02 10:00:00,CV003321,1.0,0.0,2.1241188e-07
53076,2025-07-02 14:00:00,CV003321,1.0,0.0,2.1261457e-07
53077,2025-07-02 14:00:00,CV003321,1.0,0.0,2.1282148e-07
53078,2025-07-02 15:00:00,CV003321,1.0,0.0,2.1303023e-07
53079,2025-07-02 15:00:00,CV003321,1.0,0.0,2.1324e-07
53080,2025-07-02 16:00:00,CV003321,1.0,0.0,2.1345363e-07
53081,2025-07-02 16:00:00,CV003321,1.0,0.0,2.1367075e-07
53082,2025-07-02 16:30:00,CV003321,1.0,0.0,2.1389012e-07
53083,2025-07-02 16:30:00,CV003321,1.0,0.0,2.1411094e-07
53084,2025-07-02 17:30:00,CV003321,1.0,0.0,2.1433443e-07
53085,2025-07-02 17:30:00,CV003321,1.0,0.0,2.1456185e-07
53086,2025-07-02 21:00:00,CV003321,1.0,0.0,2.1479033e-07
53087,2025-07-02 21:00:00,CV003321,1.0,0.0,2.150215e-07
53088,2025-07-03 01:00:00,CV003321,1.0,0.0,2.15255e-07
53089,2025-07-03 01:00:00,CV003321,1.0,0.0,2.1549182e-07
53090,2025-07-03 14:00:00,CV003321,1.0,0.0,2.1573096e-07
53091,2025-07-03 14:00:00,CV003321,1.0,0.0,2.159714e-07
53092,2025-07-03 15:00:00,CV003321,1.0,0.0,2.1621415e-07
53093,2025-07-03 15:00:00,CV003321,1.0,0.0,2.164638e-07
53094,2025-07-04 00:30:00,CV003321,1.0,0.0,2.1671251e-07
53095,2025-07-04 00:30:00,CV003321,1.0,0.0,2.1696354e-07
53096,2025-07-04 01:00:00,CV003321,1.0,0.0,2.1721736e-07
53097,2025-07-04 01:00:00,CV003321,1.0,0.0,2.1747418e-07
53098,2025-07-04 01:30:00,CV003321,1.0,0.0,2.1773462e-07
53099,2025-07-04 01:30:00,CV003321,1.0,0.0,2.1799434e-07
53100,2025-07-04 02:00:00,CV003321,1.0,0.0,2.1825812e-07
53101,2025-07-04 02:00:00,CV003321,1.0,0.0,2.185247e-07
53102,2025-07-04 03:30:00,CV003321,1.0,0.0,2.187937e-07
53103,2025-07-04 03:30:00,CV003321,1.0,0.0,2.1906511e-07
53104,2025-07-04 04:30:00,CV003321,1.0,0.0,2.1933899e-07
53105,2025-07-04 04:30:00,CV003321,1.0,0.0,2.19614e-07
53106,2025-07-04 06:30:00,CV003321,1.0,0.0,2.1989317e-07
53107,2025-07-04 06:30:00,CV003321,1.0,0.0,2.2017664e-07
53108,2025-07-04 07:30:00,CV003321,1.0,0.0,2.2045926e-07
53109,2025-07-04 07:30:00,CV003321,1.0,0.0,2.2074495e-07
53110,2025-07-04 08:30:00,CV003321,1.0,0.0,2.2103481e-07
53111,2025-07-04 08:30:00,CV003321,1.0,0.0,2.2132676e-07
53112,2025-07-04 11:00:00,CV003321,1.0,0.0,2.2162055e-07
53113,2025-07-04 11:00:00,CV003321,1.0,0.0,2.219177e-07
53114,2025-07-04 11:30:00,CV003321,1.0,0.0,2.2221484e-07
53115,2025-07-04 11:30:00,CV003321,1.0,0.0,2.2251723e-07
53116,2025-07-04 12:00:00,CV003321,1.0,0.0,2.2281941e-07
53117,2025-07-04 12:00:00,CV003321,1.0,0.0,2.2312797e-07
53118,2025-07-05 04:30:00,CV003321,1.0,0.0,2.2343565e-07
53119,2025-07-05 04:30:00,CV003321,1.0,0.0,2.237474e-07
53120,2025-07-05 08:30:00,CV003321,1.0,0.0,2.2406044e-07
53121,2025-07-05 08:30:00,CV003321,1.0,0.0,2.2437605e-07
53122,2025-07-05 13:30:00,CV003321,1.0,0.0,2.2469554e-07
53123,2025-07-05 13:30:00,CV003321,1.0,0.0,2.2501699e-07
53124,2025-07-05 14:00:00,CV003321,1.0,0.0,2.253417e-07
53125,2025-07-05 14:00:00,CV003321,1.0,0.0,2.2566685e-07
53126,2025-07-05 17:00:00,CV003321,1.0,0.0,2.2599744e-07
53127,2025-07-05 17:00:00,CV003321,1.0,0.0,2.2632831e-07
53128,2025-07-06 09:30:00,CV003321,1.0,0.0,2.2666096e-07
53129,2025-07-06 09:30:00,CV003321,1.0,0.0,2.2699776e-07
53130,2025-07-06 12:00:00,CV003321,1.0,0.0,2.2733637e-07
53131,2025-07-06 12:00:00,CV003321,1.0,0.0,2.2767875e-07
53132,2025-07-06 12:30:00,CV003321,1.0,0.0,2.2802122e-07
53133,2025-07-06 12:30:00,CV003321,1.0,0.0,2.2836811e-07
53134,2025-07-06 13:00:00,CV003321,1.0,0.0,2.2871639e-07
53135,2025-07-06 13:00:00,CV003321,1.0,0.0,2.2906806e-07
53136,2025-07-06 13:30:00,CV003321,1.0,0.0,2.29422e-07
53137,2025-07-06 13:30:00,CV003321,1.0,0.0,2.2977761e-07
53138,2025-07-06 14:00:00,CV003321,1.0,0.0,2.301366e-07
53139,2025-07-06 14:00:00,CV003321,1.0,0.0,2.3049705e-07
53140,2025-07-06 14:30:00,CV003321,1.0,0.0,2.3086268e-07
53141,2025-07-06 14:30:00,CV003321,1.0,0.0,2.3122867e-07
53142,2025-07-06 15:30:00,CV003321,1.0,0.0,2.3159744e-07
53143,2025-07-06 15:30:00,CV003321,1.0,0.0,2.3197013e-07
53144,2025-07-06 23:30:00,CV003321,1.0,0.0,2.323423e-07
53145,2025-07-06 23:30:00,CV003321,1.0,0.0,2.3271951e-07
53146,2025-07-07 00:00:00,CV003321,1.0,0.0,2.3309845e-07
53147,2025-07-07 00:00:00,CV003321,1.0,0.0,2.3348024e-07
53148,2025-07-07 00:30:00,CV003321,1.0,0.0,2.3386553e-07
53149,2025-07-07 00:30:00,CV003321,1.0,0.0,2.3425191e-07
53150,2025-07-07 04:30:00,CV003321,1.0,0.0,2.3464052e-07
53151,2025-07-07 04:30:00,CV003321,1.0,0.0,2.3503266e-07
53152,2025-07-07 05:00:00,CV003321,1.0,0.0,2.3542793e-07
53153,2025-07-07 05:00:00,CV003321,1.0,0.0,2.3582365e-07
53154,2025-07-07 05:30:00,CV003321,1.0,0.0,2.3622205e-07
53155,2025-07-07 05:30:00,CV003321,1.0,0.0,2.3662565e-07
53156,2025-07-07 06:00:00,CV003321,1.0,0.0,2.3702948e-07
53157,2025-07-07 06:00:00,CV003321,1.0,0.0,2.3743648e-07
53158,2025-07-07 06:30:00,CV003321,1.0,0.0,2.3784693e-07
53159,2025-07-07 06:30:00,CV003321,1.0,0.0,2.3825922e-07
53160,2025-07-07 07:00:00,CV003321,1.0,0.0,2.3867472e-07
53161,2025-07-07 07:00:00,CV003321,1.0,0.0,2.3909183e-07
53162,2025-07-07 07:30:00,CV003321,1.0,0.0,2.3950946e-07
53163,2025-07-07 07:30:00,CV003321,1.0,0.0,2.3993357e-07
53164,2025-07-07 08:00:00,CV003321,1.0,0.0,2.403593e-07
53165,2025-07-07 08:00:00,CV003321,1.0,0.0,2.4078582e-07
53166,2025-07-07 10:30:00,CV003321,1.0,0.0,2.4121744e-07
53167,2025-07-07 10:30:00,CV003321,1.0,0.0,2.4165098e-07
53168,2025-07-07 20:00:00,CV003321,1.0,0.0,2.4208603e-07
53169,2025-07-07 20:00:00,CV003321,1.0,0.0,2.4252464e-07
53170,2025-07-07 20:30:00,CV003321,1.0,0.0,2.42964e-07
53171,2025-07-07 20:30:00,CV003321,1.0,0.0,2.4340721e-07
53172,2025-07-07 21:00:00,CV003321,1.0,0.0,2.43854e-07
53173,2025-07-07 21:00:00,CV003321,1.0,0.0,2.4430304e-07
53174,2025-07-07 21:30:00,CV003321,1.0,0.0,2.447531e-07
53175,2025-07-07 21:30:00,CV003321,1.0,0.0,2.452075e-07
53176,2025-07-07 22:00:00,CV003321,1.0,0.0,2.4566373e-07
53177,2025-07-07 22:00:00,CV003321,1.0,0.0,2.461219e-07
53178,2025-07-07 22:30:00,CV003321,1.0,0.0,2.4658405e-07
53179,2025-07-07 22:30:00,CV003321,1.0,0.0,2.4705056e-07
53180,2025-07-07 23:00:00,CV003321,1.0,0.0,2.4751586e-07
53181,2025-07-07 23:00:00,CV003321,1.0,0.0,2.479863e-07
53182,2025-07-07 23:30:00,CV003321,1.0,0.0,2.4845784e-07
53183,2025-07-07 23:30:00,CV003321,1.0,0.0,2.4893433e-07
53184,2025-07-08 04:30:00,CV003321,1.0,0.0,2.494122e-07
53185,2025-07-08 04:30:00,CV003321,1.0,0.0,2.498917e-07
53186,2025-07-08 05:00:00,CV003321,1.0,0.0,2.5037406e-07
53187,2025-07-08 05:00:00,CV003321,1.0,0.0,2.5085947e-07
53188,2025-07-08 05:30:00,CV003321,1.0,0.0,2.513487e-07
53189,2025-07-08 05:30:00,CV003321,1.0,0.0,2.5184033e-07
53190,2025-07-08 06:00:00,CV003321,1.0,0.0,2.5233342e-07
53191,2025-07-08 06:00:00,CV003321,1.0,0.0,2.5283012e-07
53192,2025-07-08 08:30:00,CV003321,1.0,0.0,2.5332875e-07
53193,2025-07-08 08:30:00,CV003321,1.0,0.0,2.5383008e-07
53194,2025-07-08 12:00:00,CV003321,1.0,0.0,2.5433434e-07
53195,2025-07-08 12:00:00,CV003321,1.0,0.0,2.5484297e-07
53196,2025-07-08 12:30:00,CV003321,1.0,0.0,2.5535118e-07
53197,2025-07-08 12:30:00,CV003321,1.0,0.0,2.5586456e-07
53198,2025-07-08 13:00:00,CV003321,1.0,0.0,2.563802e-07
53199,2025-07-08 13:00:00,CV003321,1.0,0.0,2.5689735e-07
53200,2025-07-08 13:30:00,CV003321,1.0,0.0,2.5741875e-07
53201,2025-07-08 13:30:00,CV003321,1.0,0.0,2.5794168e-07
53202,2025-07-08 15:00:00,CV003321,1.0,0.0,2.5846913e-07
53203,2025-07-08 15:00:00,CV003321,1.0,0.0,2.5899917e-07
53204,2025-07-08 20:30:00,CV003321,1.0,0.0,2.5952926e-07
53205,2025-07-08 20:30:00,CV003321,1.0,0.0,2.600637e-07
53206,2025-07-08 23:30:00,CV003321,1.0,0.0,2.6060218e-07
53207,2025-07-08 23:30:00,CV003321,1.0,0.0,2.6114057e-07
53208,2025-07-09 23:00:00,CV003321,1.0,0.0,2.6168428e-07
53209,2025-07-09 23:00:00,CV003321,1.0,0.0,2.6223088e-07
53210,2025-07-09 23:30:00,CV003321,1.0,0.0,2.6278116e-07
53211,2025-07-09 23:30:00,CV003321,1.0,0.0,2.6333183e-07
53212,2025-07-10 00:00:00,CV003321,1.0,0.0,2.6388514e-07
53213,2025-07-10 00:00:00,CV003321,1.0,0.0,2.6444164e-07
53214,2025-07-10 00:30:00,CV003321,1.0,0.0,2.650016e-07
53215,2025-07-10 00:30:00,CV003321,1.0,0.0,2.6556376e-07
53216,2025-07-10 01:00:00,CV003321,1.0,0.0,2.661296e-07
53217,2025-07-10 01:00:00,CV003321,1.0,0.0,2.666985e-07
53218,2025-07-10 01:30:00,CV003321,1.0,0.0,2.672696e-07
53219,2025-07-10 01:30:00,CV003321,1.0,0.0,2.6784423e-07
53220,2025-07-10 02:00:00,CV003321,1.0,0.0,2.6841906e-07
53221,2025-07-10 02:00:00,CV003321,1.0,0.0,2.6899974e-07
53222,2025-07-10 02:30:00,CV003321,1.0,0.0,2.6958247e-07
53223,2025-07-10 02:30:00,CV003321,1.0,0.0,2.7016694e-07
53224,2025-07-10 08:30:00,CV003321,1.0,0.0,2.7075606e-07
53225,2025-07-10 08:30:00,CV003321,1.0,0.0,2.7134544e-07
53226,2025-07-10 09:00:00,CV003321,1.0,0.0,2.7194102e-07
53227,2025-07-10 09:00:00,CV003321,1.0,0.0,2.7253893e-07
53228,2025-07-10 11:00:00,CV003321,1.0,0.0,2.731374e-07
53229,2025-07-10 11:00:00,CV003321,1.0,0.0,2.7373977e-07
53230,2025-07-10 11:30:00,CV003321,1.0,0.0,2.7434663e-07
53231,2025-07-10 11:30:00,CV003321,1.0,0.0,2.7495327e-07
53232,2025-07-10 12:00:00,CV003321,1.0,0.0,2.755649e-07
53233,2025-07-10 12:00:00,CV003321,1.0,0.0,2.7618e-07
53234,2025-07-10 12:30:00,CV003321,1.0,0.0,2.767973e-07
53235,2025-07-10 12:30:00,CV003321,1.0,0.0,2.774175e-07
53236,2025-07-10 13:00:00,CV003321,1.0,0.0,2.780415e-07
53237,2025-07-10 13:00:00,CV003321,1.0,0.0,2.7866747e-07
53238,2025-07-10 13:30:00,CV003321,1.0,0.0,2.792959e-07
53239,2025-07-10 13:30:00,CV003321,1.0,0.0,2.7992817e-07
53240,2025-07-10 14:00:00,CV003321,1.0,0.0,2.8056186e-07
53241,2025-07-10 14:00:00,CV003321,1.0,0.0,2.8120044e-07
53242,2025-07-10 14:30:00,CV003321,1.0,0.0,2.818421e-07
53243,2025-07-10 14:30:00,CV003321,1.0,0.0,2.8248687e-07
53244,2025-07-10 16:00:00,CV003321,1.0,0.0,2.831336e-07
53245,2025-07-10 16:00:00,CV003321,1.0,0.0,2.83784e-07
53246,2025-07-10 17:00:00,CV003321,1.0,0.0,2.8443404e-07
53247,2025-07-10 17:00:00,CV003321,1.0,0.0,2.8509098e-07
53248,2025-07-10 17:30:00,CV003321,1.0,0.0,2.8575022e-07
53249,2025-07-10 17:30:00,CV003321,1.0,0.0,2.8641045e-07
53250,2025-07-10 18:00:00,CV003321,1.0,0.0,2.8707743e-07
53251,2025-07-10 18:00:00,CV003321,1.0,0.0,2.8774596e-07
53252,2025-07-11 09:00:00,CV003321,1.0,0.0,2.8841686e-07
53253,2025-07-11 09:00:00,CV003321,1.0,0.0,2.890943e-07
53254,2025-07-11 12:30:00,CV003321,1.0,0.0,2.8977055e-07
53255,2025-07-11 12:30:00,CV003321,1.0,0.0,2.904506e-07
53256,2025-07-11 19:30:00,CV003321,1.0,0.0,2.9113505e-07
53257,2025-07-11 19:30:00,CV003321,1.0,0.0,2.9182053e-07
53258,2025-07-11 20:00:00,CV003321,1.0,0.0,2.9251038e-07
53259,2025-07-11 20:00:00,CV003321,1.0,0.0,2.9320358e-07
53260,2025-07-11 20:30:00,CV003321,1.0,0.0,2.938998e-07
53261,2025-07-11 20:30:00,CV003321,1.0,0.0,2.9459773e-07
53262,2025-07-11 21:00:00,CV003321,1.0,0.0,2.953018e-07
53263,2025-07-11 21:00:00,CV003321,1.0,0.0,2.9600614e-07
53264,2025-07-11 21:30:00,CV003321,1.0,0.0,2.967138e-07
53265,2025-07-11 21:30:00,CV003321,1.0,0.0,2.9742435e-07
53266,2025-07-11 22:00:00,CV003321,1.0,0.0,2.9813916e-07
53267,2025-07-11 22:00:00,CV003321,1.0,0.0,2.9885936e-07
53268,2025-07-11 22:30:00,CV003321,1.0,0.0,2.9958133e-07
53269,2025-07-11 22:30:00,CV003321,1.0,0.0,3.0030418e-07
53270,2025-07-11 23:30:00,CV003321,1.0,0.0,3.0103106e-07
53271,2025-07-11 23:30:00,CV003321,1.0,0.0,3.0176403e-07
53272,2025-07-12 02:00:00,CV003321,1.0,0.0,3.0249788e-07
53273,2025-07-12 02:00:00,CV003321,1.0,0.0,3.0323383e-07
53274,2025-07-12 02:30:00,CV003321,1.0,0.0,3.0397536e-07
53275,2025-07-12 02:30:00,CV003321,1.0,0.0,3.0471838e-07
53276,2025-07-12 07:00:00,CV003321,1.0,0.0,3.054644e-07
53277,2025-07-12 07:00:00,CV003321,1.0,0.0,3.0621575e-07
53278,2025-07-12 07:30:00,CV003321,1.0,0.0,3.069692e-07
53279,2025-07-12 07:30:00,CV003321,1.0,0.0,3.0772574e-07
53280,2025-07-12 08:00:00,CV003321,1.0,0.0,3.0848503e-07
53281,2025-07-12 08:00:00,CV003321,1.0,0.0,3.092479e-07
53282,2025-07-12 17:00:00,CV003321,1.0,0.0,3.1001505e-07
53283,2025-07-12 17:00:00,CV003321,1.0,0.0,3.107853e-07
53284,2025-07-12 17:30:00,CV003321,1.0,0.0,3.1155895e-07
53285,2025-07-12 17:30:00,CV003321,1.0,0.0,3.123342e-07
53286,2025-07-12 18:00:00,CV003321,1.0,0.0,3.1311473e-07
53287,2025-07-12 18:00:00,CV003321,1.0,0.0,3.1389894e-07
53288,2025-07-12 19:00:00,CV003321,1.0,0.0,3.1468275e-07
53289,2025-07-12 19:00:00,CV003321,1.0,0.0,3.1547302e-07
53290,2025-07-12 19:30:00,CV003321,1.0,0.0,3.1626647e-07
53291,2025-07-12 19:30:00,CV003321,1.0,0.0,3.1706344e-07
53292,2025-07-12 20:00:00,CV003321,1.0,0.0,3.1786303e-07
53293,2025-07-12 20:00:00,CV003321,1.0,0.0,3.1866614e-07
53294,2025-07-13 11:30:00,CV003321,1.0,0.0,3.1947434e-07
53295,2025-07-13 11:30:00,CV003321,1.0,0.0,3.2028333e-07
53296,2025-07-13 19:30:00,CV003321,1.0,0.0,3.2109628e-07
53297,2025-07-13 19:30:00,CV003321,1.0,0.0,3.219143e-07
53298,2025-07-13 20:00:00,CV003321,1.0,0.0,3.227344e-07
53299,2025-07-13 20:00:00,CV003321,1.0,0.0,3.2355692e-07
53300,2025-07-13 20:30:00,CV003321,1.0,0.0,3.243834e-07
53301,2025-07-13 20:30:00,CV003321,1.0,0.0,3.2521635e-07
53302,2025-07-13 22:30:00,CV003321,1.0,0.0,3.2604893e-07
53303,2025-07-13 22:30:00,CV003321,1.0,0.0,3.2688828e-07
53304,2025-07-13 23:00:00,CV003321,1.0,0.0,3.2772826e-07
53305,2025-07-13 23:00:00,CV003321,1.0,0.0,3.2857105e-07
53306,2025-07-13 23:30:00,CV003321,1.0,0.0,3.2942194e-07
53307,2025-07-13 23:30:00,CV003321,1.0,0.0,3.3027254e-07
53308,2025-07-14 07:00:00,CV003321,1.0,0.0,3.3112593e-07
53309,2025-07-14 07:00:00,CV003321,1.0,0.0,3.3198538e-07
53310,2025-07-14 11:00:00,CV003321,1.0,0.0,3.328483e-07
53311,2025-07-14 11:00:00,CV003321,1.0,0.0,3.3371282e-07
53312,2025-07-14 11:30:00,CV003321,1.0,0.0,3.3458406e-07
53313,2025-07-14 11:30:00,CV003321,1.0,0.0,3.354544e-07
53314,2025-07-14 13:00:00,CV003321,1.0,0.0,3.3633273e-07
53315,2025-07-14 13:00:00,CV003321,1.0,0.0,3.3721048e-07
53316,2025-07-14 18:00:00,CV003321,1.0,0.0,3.380957e-07
53317,2025-07-14 18:00:00,CV003321,1.0,0.0,3.3898098e-07
53318,2025-07-14 18:30:00,CV003321,1.0,0.0,3.398718e-07
53319,2025-07-14 18:30:00,CV003321,1.0,0.0,3.4076498e-07
53320,2025-07-14 21:00:00,CV003321,1.0,0.0,3.416644e-07
53321,2025-07-14 21:00:00,CV003321,1.0,0.0,3.4256556e-07
53322,2025-07-15 12:00:00,CV003321,1.0,0.0,3.4346974e-07
53323,2025-07-15 12:00:00,CV003321,1.0,0.0,3.443789e-07
53324,2025-07-15 17:00:00,CV003321,1.0,0.0,3.452925e-07
53325,2025-07-15 17:00:00,CV003321,1.0,0.0,3.4620848e-07
53326,2025-07-15 18:00:00,CV003321,1.0,0.0,3.4712824e-07
53327,2025-07-15 18:00:00,CV003321,1.0,0.0,3.4805112e-07
53328,2025-07-15 20:30:00,CV003321,1.0,0.0,3.4897843e-07
53329,2025-07-15 20:30:00,CV003321,1.0,0.0,3.4990956e-07
53330,2025-07-15 21:00:00,CV003321,1.0,0.0,3.5084582e-07
53331,2025-07-15 21:00:00,CV003321,1.0,0.0,3.517819e-07
53332,2025-07-15 21:30:00,CV003321,1.0,0.0,3.5272453e-07
53333,2025-07-15 21:30:00,CV003321,1.0,0.0,3.5367106e-07
53334,2025-07-15 22:30:00,CV003321,1.0,0.0,3.546211e-07
53335,2025-07-15 22:30:00,CV003321,1.0,0.0,3.5557167e-07
53336,2025-07-15 23:00:00,CV003321,1.0,0.0,3.565306e-07
53337,2025-07-15 23:00:00,CV003321,1.0,0.0,3.5749073e-07
53338,2025-07-16 00:00:00,CV003321,1.0,0.0,3.5845684e-07
53339,2025-07-16 00:00:00,CV003321,1.0,0.0,3.5942526e-07
53340,2025-07-16 02:00:00,CV003321,1.0,0.0,3.603942e-07
53341,2025-07-16 02:00:00,CV003321,1.0,0.0,3.613737e-07
53342,2025-07-16 05:30:00,CV003321,1.0,0.0,3.6235033e-07
53343,2025-07-16 05:30:00,CV003321,1.0,0.0,3.6333446e-07
53344,2025-07-16 06:00:00,CV003321,1.0,0.0,3.6432334e-07
53345,2025-07-16 06:00:00,CV003321,1.0,0.0,3.6531665e-07
53346,2025-07-16 06:30:00,CV003321,1.0,0.0,3.663137e-07
53347,2025-07-16 06:30:00,CV003321,1.0,0.0,3.6731174e-07
53348,2025-07-16 07:00:00,CV003321,1.0,0.0,3.6831497e-07
53349,2025-07-16 07:00:00,CV003321,1.0,0.0,3.6932093e-07
53350,2025-07-16 12:30:00,CV003321,1.0,0.0,3.7033175e-07
53351,2025-07-16 12:30:00,CV003321,1.0,0.0,3.7134853e-07
53352,2025-07-16 13:00:00,CV003321,1.0,0.0,3.723645e-07
53353,2025-07-16 13:00:00,CV003321,1.0,0.0,3.7338722e-07
53354,2025-07-16 23:30:00,CV003321,1.0,0.0,3.744149e-07
53355,2025-07-16 23:30:00,CV003321,1.0,0.0,3.754461e-07
53356,2025-07-17 02:00:00,CV003321,1.0,0.0,3.7648016e-07
53357,2025-07-17 02:00:00,CV003321,1.0,0.0,3.77521e-07
53358,2025-07-17 02:30:00,CV003321,1.0,0.0,3.7856145e-07
53359,2025-07-17 02:30:00,CV003321,1.0,0.0,3.7960734e-07
53360,2025-06-19 01:30:00,CV003321,2.0,0.0,3.8065937e-07
53361,2025-06-19 01:30:00,CV003321,2.0,0.0,3.8171217e-07
53362,2025-06-19 04:00:00,CV003321,2.0,0.0,3.8277003e-07
53363,2025-06-19 04:00:00,CV003321,2.0,0.0,3.8383817e-07
53364,2025-06-19 06:30:00,CV003321,2.0,0.0,3.8490305e-07
53365,2025-06-19 06:30:00,CV003321,2.0,0.0,3.859716e-07
53366,2025-06-19 07:00:00,CV003321,2.0,0.0,3.8704795e-07
53367,2025-06-19 07:00:00,CV003321,2.0,0.0,3.8812578e-07
53368,2025-06-19 07:30:00,CV003321,2.0,0.0,3.8920882e-07
53369,2025-06-19 07:30:00,CV003321,2.0,0.0,3.9029754e-07
53370,2025-06-19 12:30:00,CV003321,2.0,0.0,3.913893e-07
53371,2025-06-19 12:30:00,CV003321,2.0,0.0,3.924826e-07
53372,2025-06-19 13:00:00,CV003321,2.0,0.0,3.935827e-07
53373,2025-06-19 13:00:00,CV003321,2.0,0.0,3.9468478e-07
53374,2025-06-19 13:30:00,CV003321,2.0,0.0,3.9579672e-07
53375,2025-06-19 13:30:00,CV003321,2.0,0.0,3.9690573e-07
53376,2025-06-20 01:00:00,CV003321,2.0,0.0,3.9802165e-07
53377,2025-06-20 01:00:00,CV003321,2.0,0.0,3.991411e-07
53378,2025-06-20 02:00:00,CV003321,2.0,0.0,4.0026674e-07
53379,2025-06-20 02:00:00,CV003321,2.0,0.0,4.013952e-07
53380,2025-06-20 02:30:00,CV003321,2.0,0.0,4.0252834e-07
53381,2025-06-20 02:30:00,CV003321,2.0,0.0,4.0366777e-07
53382,2025-06-20 13:00:00,CV003321,2.0,0.0,4.048066e-07
53383,2025-06-20 13:00:00,CV003321,2.0,0.0,4.05954e-07
53384,2025-06-20 13:30:00,CV003321,2.0,0.0,4.071008e-07
53385,2025-06-20 13:30:00,CV003321,2.0,0.0,4.0825708e-07
53386,2025-06-20 17:30:00,CV003321,2.0,0.0,4.0941507e-07
53387,2025-06-20 17:30:00,CV003321,2.0,0.0,4.1057947e-07
53388,2025-06-21 21:30:00,CV003321,2.0,0.0,4.1174562e-07
53389,2025-06-21 21:30:00,CV003321,2.0,0.0,4.1291904e-07
53390,2025-06-21 22:00:00,CV003321,2.0,0.0,4.140942e-07
53391,2025-06-21 22:00:00,CV003321,2.0,0.0,4.152715e-07
53392,2025-06-21 22:30:00,CV003321,2.0,0.0,4.1645933e-07
53393,2025-06-21 22:30:00,CV003321,2.0,0.0,4.1764656e-07
53394,2025-06-21 23:30:00,CV003321,2.0,0.0,4.1883717e-07
53395,2025-06-21 23:30:00,CV003321,2.0,0.0,4.200388e-07
53396,2025-06-22 02:00:00,CV003321,2.0,0.0,4.2123904e-07
53397,2025-06-22 02:00:00,CV003321,2.0,0.0,4.224451e-07
53398,2025-06-22 02:30:00,CV003321,2.0,0.0,4.236563e-07
53399,2025-06-22 02:30:00,CV003321,2.0,0.0,4.248738e-07
53400,2025-06-22 03:30:00,CV003321,2.0,0.0,4.260915e-07
53401,2025-06-22 03:30:00,CV003321,2.0,0.0,4.2731557e-07
53402,2025-06-22 04:00:00,CV003321,2.0,0.0,4.2854313e-07
53403,2025-06-22 04:00:00,CV003321,2.0,0.0,4.2977712e-07
53404,2025-06-23 11:00:00,CV003321,2.0,0.0,4.310138e-07
53405,2025-06-23 11:00:00,CV003321,2.0,0.0,4.3225697e-07
53406,2025-06-23 12:00:00,CV003321,2.0,0.0,4.3350167e-07
53407,2025-06-23 12:00:00,CV003321,2.0,0.0,4.3475654e-07
53408,2025-06-23 12:30:00,CV003321,2.0,0.0,4.3601133e-07
53409,2025-06-23 12:30:00,CV003321,2.0,0.0,4.3727223e-07
53410,2025-06-23 13:00:00,CV003321,2.0,0.0,4.385313e-07
53411,2025-06-23 13:00:00,CV003321,2.0,0.0,4.3980577e-07
53412,2025-06-23 13:30:00,CV003321,2.0,0.0,4.4107767e-07
53413,2025-06-23 13:30:00,CV003321,2.0,0.0,4.4235998e-07
53414,2025-06-23 14:00:00,CV003321,2.0,0.0,4.4364177e-07
53415,2025-06-23 14:00:00,CV003321,2.0,0.0,4.4492813e-07
53416,2025-06-23 14:30:00,CV003321,2.0,0.0,4.462233e-07
53417,2025-06-23 14:30:00,CV003321,2.0,0.0,4.475197e-07
53418,2025-06-23 15:00:00,CV003321,2.0,0.0,4.4881904e-07
53419,2025-06-23 15:00:00,CV003321,2.0,0.0,4.5012555e-07
53420,2025-06-23 17:30:00,CV003321,2.0,0.0,4.5143932e-07
53421,2025-06-23 17:30:00,CV003321,2.0,0.0,4.5275522e-07
53422,2025-06-23 19:00:00,CV003321,2.0,0.0,4.540775e-07
53423,2025-06-23 19:00:00,CV003321,2.0,0.0,4.554063e-07
53424,2025-06-23 20:30:00,CV003321,2.0,0.0,4.5673374e-07
53425,2025-06-23 20:30:00,CV003321,2.0,0.0,4.580677e-07
53426,2025-06-24 02:30:00,CV003321,2.0,0.0,4.5941078e-07
53427,2025-06-24 02:30:00,CV003321,2.0,0.0,4.6075428e-07
53428,2025-06-24 20:00:00,CV003321,2.0,0.0,4.6210437e-07
53429,2025-06-24 20:00:00,CV003321,2.0,0.0,4.6346014e-07
53430,2025-06-24 20:30:00,CV003321,2.0,0.0,4.6481642e-07
53431,2025-06-24 20:30:00,CV003321,2.0,0.0,4.6618197e-07
53432,2025-06-24 21:00:00,CV003321,2.0,0.0,4.675506e-07
53433,2025-06-24 21:00:00,CV003321,2.0,0.0,4.6892595e-07
53434,2025-06-24 21:30:00,CV003321,2.0,0.0,4.7030537e-07
53435,2025-06-24 21:30:00,CV003321,2.0,0.0,4.7169064e-07
53436,2025-06-25 20:00:00,CV003321,2.0,0.0,4.7307952e-07
53437,2025-06-25 20:00:00,CV003321,2.0,0.0,4.7447116e-07
53438,2025-06-26 11:30:00,CV003321,2.0,0.0,4.7587008e-07
53439,2025-06-26 11:30:00,CV003321,2.0,0.0,4.7727536e-07
53440,2025-06-26 13:30:00,CV003321,2.0,0.0,4.7868576e-07
53441,2025-06-26 13:30:00,CV003321,2.0,0.0,4.800975e-07
53442,2025-06-26 14:00:00,CV003321,2.0,0.0,4.815144e-07
53443,2025-06-26 14:00:00,CV003321,2.0,0.0,4.829405e-07
53444,2025-06-26 16:30:00,CV003321,2.0,0.0,4.843694e-07
53445,2025-06-26 16:30:00,CV003321,2.0,0.0,4.8580125e-07
53446,2025-06-27 05:00:00,CV003321,2.0,0.0,4.872442e-07
53447,2025-06-27 05:00:00,CV003321,2.0,0.0,4.886859e-07
53448,2025-06-27 05:30:00,CV003321,2.0,0.0,4.9013653e-07
53449,2025-06-27 05:30:00,CV003321,2.0,0.0,4.9158865e-07
53450,2025-06-27 06:00:00,CV003321,2.0,0.0,4.93046e-07
53451,2025-06-27 06:00:00,CV003321,2.0,0.0,4.945124e-07
53452,2025-06-27 06:30:00,CV003321,2.0,0.0,4.959813e-07
53453,2025-06-27 06:30:00,CV003321,2.0,0.0,4.974545e-07
53454,2025-06-27 07:00:00,CV003321,2.0,0.0,4.98934e-07
53455,2025-06-27 07:00:00,CV003321,2.0,0.0,5.004227e-07
53456,2025-06-27 07:30:00,CV003321,2.0,0.0,5.0190914e-07
53457,2025-06-27 07:30:00,CV003321,2.0,0.0,5.034057e-07
53458,2025-06-27 08:00:00,CV003321,2.0,0.0,5.049039e-07
53459,2025-06-27 08:00:00,CV003321,2.0,0.0,5.0641233e-07
53460,2025-06-27 10:00:00,CV003321,2.0,0.0,5.079224e-07
53461,2025-06-27 10:00:00,CV003321,2.0,0.0,5.094388e-07
53462,2025-06-28 07:00:00,CV003321,2.0,0.0,5.1095975e-07
53463,2025-06-28 07:00:00,CV003321,2.0,0.0,5.124834e-07
53464,2025-06-29 14:00:00,CV003321,2.0,0.0,5.1401736e-07
53465,2025-06-29 14:00:00,CV003321,2.0,0.0,5.1555503e-07
53466,2025-06-29 17:00:00,CV003321,2.0,0.0,5.171002e-07
53467,2025-06-29 17:00:00,CV003321,2.0,0.0,5.1864504e-07
53468,2025-06-29 17:30:00,CV003321,2.0,0.0,5.2019607e-07
53469,2025-06-29 17:30:00,CV003321,2.0,0.0,5.2175557e-07
53470,2025-06-29 18:00:00,CV003321,2.0,0.0,5.2332433e-07
53471,2025-06-29 18:00:00,CV003321,2.0,0.0,5.248928e-07
53472,2025-06-29 18:30:00,CV003321,2.0,0.0,5.26465e-07
53473,2025-06-29 18:30:00,CV003321,2.0,0.0,5.280428e-07
53474,2025-06-29 19:00:00,CV003321,2.0,0.0,5.296315e-07
53475,2025-06-29 19:00:00,CV003321,2.0,0.0,5.312204e-07
53476,2025-06-29 19:30:00,CV003321,2.0,0.0,5.328181e-07
53477,2025-06-29 19:30:00,CV003321,2.0,0.0,5.3442363e-07
53478,2025-06-29 20:00:00,CV003321,2.0,0.0,5.3602685e-07
53479,2025-06-29 20:00:00,CV003321,2.0,0.0,5.376385e-07
53480,2025-06-29 20:30:00,CV003321,2.0,0.0,5.392581e-07
53481,2025-06-29 20:30:00,CV003321,2.0,0.0,5.4088366e-07
53482,2025-06-29 21:00:00,CV003321,2.0,0.0,5.425094e-07
53483,2025-06-29 21:00:00,CV003321,2.0,0.0,5.4414727e-07
53484,2025-06-30 01:30:00,CV003321,2.0,0.0,5.4578595e-07
53485,2025-06-30 01:30:00,CV003321,2.0,0.0,5.474343e-07
53486,2025-06-30 02:00:00,CV003321,2.0,0.0,5.4907974e-07
53487,2025-06-30 02:00:00,CV003321,2.0,0.0,5.5074116e-07
53488,2025-07-01 08:00:00,CV003321,2.0,0.0,5.524018e-07
53489,2025-07-01 08:00:00,CV003321,2.0,0.0,5.540706e-07
53490,2025-07-01 09:00:00,CV003321,2.0,0.0,5.5574446e-07
53491,2025-07-01 09:00:00,CV003321,2.0,0.0,5.574265e-07
53492,2025-07-01 17:00:00,CV003321,2.0,0.0,5.5910897e-07
53493,2025-07-01 17:00:00,CV003321,2.0,0.0,5.607986e-07
53494,2025-07-02 19:30:00,CV003321,2.0,0.0,5.6249866e-07
53495,2025-07-02 19:30:00,CV003321,2.0,0.0,5.6419856e-07
53496,2025-07-02 20:30:00,CV003321,2.0,0.0,5.6590676e-07
53497,2025-07-02 20:30:00,CV003321,2.0,0.0,5.6762127e-07
53498,2025-07-03 05:30:00,CV003321,2.0,0.0,5.6934203e-07
53499,2025-07-03 05:30:00,CV003321,2.0,0.0,5.710658e-07
53500,2025-07-03 06:30:00,CV003321,2.0,0.0,5.727954e-07
53501,2025-07-03 06:30:00,CV003321,2.0,0.0,5.745346e-07
53502,2025-07-03 17:30:00,CV003321,2.0,0.0,5.762736e-07
53503,2025-07-03 17:30:00,CV003321,2.0,0.0,5.780201e-07
53504,2025-07-03 18:00:00,CV003321,2.0,0.0,5.7977456e-07
53505,2025-07-03 18:00:00,CV003321,2.0,0.0,5.815366e-07
53506,2025-07-03 18:30:00,CV003321,2.0,0.0,5.833051e-07
53507,2025-07-03 18:30:00,CV003321,2.0,0.0,5.850796e-07
53508,2025-07-03 19:00:00,CV003321,2.0,0.0,5.868533e-07
53509,2025-07-03 19:00:00,CV003321,2.0,0.0,5.886352e-07
53510,2025-07-03 19:30:00,CV003321,2.0,0.0,5.9042077e-07
53511,2025-07-03 19:30:00,CV003321,2.0,0.0,5.9222083e-07
53512,2025-07-04 04:00:00,CV003321,2.0,0.0,5.940275e-07
53513,2025-07-04 04:00:00,CV003321,2.0,0.0,5.9582607e-07
53514,2025-07-04 08:00:00,CV003321,2.0,0.0,5.9763914e-07
53515,2025-07-04 08:00:00,CV003321,2.0,0.0,5.994595e-07
53516,2025-07-04 09:00:00,CV003321,2.0,0.0,6.012808e-07
53517,2025-07-04 09:00:00,CV003321,2.0,0.0,6.031174e-07
53518,2025-07-05 14:30:00,CV003321,2.0,0.0,6.0495273e-07
53519,2025-07-05 14:30:00,CV003321,2.0,0.0,6.0679594e-07
53520,2025-07-05 15:30:00,CV003321,2.0,0.0,6.0864244e-07
53521,2025-07-05 15:30:00,CV003321,2.0,0.0,6.1049514e-07
53522,2025-07-05 16:00:00,CV003321,2.0,0.0,6.123593e-07
53523,2025-07-05 16:00:00,CV003321,2.0,0.0,6.142251e-07
53524,2025-07-05 16:30:00,CV003321,2.0,0.0,6.161024e-07
53525,2025-07-05 16:30:00,CV003321,2.0,0.0,6.179749e-07
53526,2025-07-06 02:30:00,CV003321,2.0,0.0,6.198625e-07
53527,2025-07-06 02:30:00,CV003321,2.0,0.0,6.2175644e-07
53528,2025-07-06 03:00:00,CV003321,2.0,0.0,6.23652e-07
53529,2025-07-06 03:00:00,CV003321,2.0,0.0,6.2555637e-07
53530,2025-07-06 04:00:00,CV003321,2.0,0.0,6.2746597e-07
53531,2025-07-06 04:00:00,CV003321,2.0,0.0,6.293796e-07
53532,2025-07-06 06:30:00,CV003321,2.0,0.0,6.3130256e-07
53533,2025-07-06 06:30:00,CV003321,2.0,0.0,6.3323324e-07
53534,2025-07-06 08:30:00,CV003321,2.0,0.0,6.351639e-07
53535,2025-07-06 08:30:00,CV003321,2.0,0.0,6.3710945e-07
53536,2025-07-06 18:30:00,CV003321,2.0,0.0,6.3905975e-07
53537,2025-07-06 18:30:00,CV003321,2.0,0.0,6.410081e-07
53538,2025-07-08 10:30:00,CV003321,2.0,0.0,6.429661e-07
53539,2025-07-08 10:30:00,CV003321,2.0,0.0,6.4493736e-07
53540,2025-07-08 11:00:00,CV003321,2.0,0.0,6.469049e-07
53541,2025-07-08 11:00:00,CV003321,2.0,0.0,6.48887e-07
53542,2025-07-08 15:30:00,CV003321,2.0,0.0,6.508716e-07
53543,2025-07-08 15:30:00,CV003321,2.0,0.0,6.528578e-07
53544,2025-07-08 16:30:00,CV003321,2.0,0.0,6.5485756e-07
53545,2025-07-08 16:30:00,CV003321,2.0,0.0,6.568647e-07
53546,2025-07-08 17:00:00,CV003321,2.0,0.0,6.588693e-07
53547,2025-07-08 17:00:00,CV003321,2.0,0.0,6.608855e-07
53548,2025-07-08 17:30:00,CV003321,2.0,0.0,6.629143e-07
53549,2025-07-08 17:30:00,CV003321,2.0,0.0,6.6494175e-07
53550,2025-07-08 18:30:00,CV003321,2.0,0.0,6.669824e-07
53551,2025-07-08 18:30:00,CV003321,2.0,0.0,6.6901583e-07
53552,2025-07-08 21:00:00,CV003321,2.0,0.0,6.710702e-07
53553,2025-07-08 21:00:00,CV003321,2.0,0.0,6.7312254e-07
53554,2025-07-08 22:00:00,CV003321,2.0,0.0,6.751851e-07
53555,2025-07-08 22:00:00,CV003321,2.0,0.0,6.7725773e-07
53556,2025-07-09 21:00:00,CV003321,2.0,0.0,6.793252e-07
53557,2025-07-09 21:00:00,CV003321,2.0,0.0,6.8140406e-07
53558,2025-07-09 21:30:00,CV003321,2.0,0.0,6.8350045e-07
53559,2025-07-09 21:30:00,CV003321,2.0,0.0,6.8559274e-07
53560,2025-07-09 22:30:00,CV003321,2.0,0.0,6.8769083e-07
53561,2025-07-09 22:30:00,CV003321,2.0,0.0,6.8980717e-07
53562,2025-07-11 13:00:00,CV003321,2.0,0.0,6.919168e-07
53563,2025-07-11 13:00:00,CV003321,2.0,0.0,6.9403694e-07
53564,2025-07-11 13:30:00,CV003321,2.0,0.0,6.9616345e-07
53565,2025-07-11 13:30:00,CV003321,2.0,0.0,6.9829724e-07
53566,2025-07-11 14:00:00,CV003321,2.0,0.0,7.0043757e-07
53567,2025-07-11 14:00:00,CV003321,2.0,0.0,7.025918e-07
53568,2025-07-12 00:30:00,CV003321,2.0,0.0,7.047446e-07
53569,2025-07-12 00:30:00,CV003321,2.0,0.0,7.0689856e-07
53570,2025-07-12 01:00:00,CV003321,2.0,0.0,7.090727e-07
53571,2025-07-12 01:00:00,CV003321,2.0,0.0,7.112447e-07
53572,2025-07-12 01:30:00,CV003321,2.0,0.0,7.1342737e-07
53573,2025-07-12 01:30:00,CV003321,2.0,0.0,7.1561124e-07
53574,2025-07-12 04:00:00,CV003321,2.0,0.0,7.178046e-07
53575,2025-07-12 04:00:00,CV003321,2.0,0.0,7.200082e-07
53576,2025-07-13 00:00:00,CV003321,2.0,0.0,7.222184e-07
53577,2025-07-13 00:00:00,CV003321,2.0,0.0,7.2443e-07
53578,2025-07-13 01:00:00,CV003321,2.0,0.0,7.2665733e-07
53579,2025-07-13 01:00:00,CV003321,2.0,0.0,7.2887894e-07
53580,2025-07-13 01:30:00,CV003321,2.0,0.0,7.311151e-07
53581,2025-07-13 01:30:00,CV003321,2.0,0.0,7.3336093e-07
53582,2025-07-13 02:00:00,CV003321,2.0,0.0,7.3561074e-07
53583,2025-07-13 02:00:00,CV003321,2.0,0.0,7.378647e-07
53584,2025-07-13 02:30:00,CV003321,2.0,0.0,7.40127e-07
53585,2025-07-13 02:30:00,CV003321,2.0,0.0,7.42392e-07
53586,2025-07-13 03:00:00,CV003321,2.0,0.0,7.446703e-07
53587,2025-07-13 03:00:00,CV003321,2.0,0.0,7.4695555e-07
53588,2025-07-13 03:30:00,CV003321,2.0,0.0,7.492457e-07
53589,2025-07-13 03:30:00,CV003321,2.0,0.0,7.5155435e-07
53590,2025-07-13 04:00:00,CV003321,2.0,0.0,7.538586e-07
53591,2025-07-13 04:00:00,CV003321,2.0,0.0,7.5616487e-07
53592,2025-07-13 04:30:00,CV003321,2.0,0.0,7.584746e-07
53593,2025-07-13 04:30:00,CV003321,2.0,0.0,7.6080516e-07
53594,2025-07-13 10:30:00,CV003321,2.0,0.0,7.631421e-07
53595,2025-07-13 10:30:00,CV003321,2.0,0.0,7.654805e-07
53596,2025-07-13 11:00:00,CV003321,2.0,0.0,7.6782305e-07
53597,2025-07-13 11:00:00,CV003321,2.0,0.0,7.7018154e-07
53598,2025-07-15 02:30:00,CV003321,2.0,0.0,7.72537e-07
53599,2025-07-15 02:30:00,CV003321,2.0,0.0,7.749071e-07
53600,2025-07-16 02:30:00,CV003321,2.0,0.0,7.772837e-07
53601,2025-07-16 02:30:00,CV003321,2.0,0.0,7.796646e-07
53602,2025-07-16 14:30:00,CV003321,2.0,0.0,7.8205505e-07
53603,2025-07-16 14:30:00,CV003321,2.0,0.0,7.844529e-07
53604,2025-07-16 15:00:00,CV003321,2.0,0.0,7.8685343e-07
53605,2025-07-16 15:00:00,CV003321,2.0,0.0,7.892652e-07
53606,2025-07-16 15:30:00,CV003321,2.0,0.0,7.91685e-07
53607,2025-07-16 15:30:00,CV003321,2.0,0.0,7.9410853e-07
53608,2025-07-16 16:30:00,CV003321,2.0,0.0,7.965455e-07
53609,2025-07-16 16:30:00,CV003321,2.0,0.0,7.9897626e-07
53610,2025-07-16 17:30:00,CV003321,2.0,0.0,8.014213e-07
53611,2025-07-16 17:30:00,CV003321,2.0,0.0,8.038831e-07
53612,2025-07-16 21:00:00,CV003321,2.0,0.0,8.0634084e-07
53613,2025-07-16 21:00:00,CV003321,2.0,0.0,8.088108e-07
53614,2025-07-16 22:00:00,CV003321,2.0,0.0,8.112852e-07
53615,2025-07-16 22:00:00,CV003321,2.0,0.0,8.1377016e-07
53616,2025-07-17 03:00:00,CV003321,2.0,0.0,8.162543e-07
53617,2025-07-17 03:00:00,CV003321,2.0,0.0,8.1876243e-07
53618,2025-06-18 17:00:00,CV003321,3.0,0.0,8.212626e-07
53619,2025-06-18 17:00:00,CV003321,3.0,0.0,8.2377426e-07
53620,2025-06-18 17:30:00,CV003321,3.0,0.0,8.2629833e-07
53621,2025-06-18 17:30:00,CV003321,3.0,0.0,8.288247e-07
53622,2025-06-18 18:00:00,CV003321,3.0,0.0,8.313619e-07
53623,2025-06-18 18:00:00,CV003321,3.0,0.0,8.339068e-07
53624,2025-06-18 18:30:00,CV003321,3.0,0.0,8.3645324e-07
53625,2025-06-18 18:30:00,CV003321,3.0,0.0,8.390082e-07
53626,2025-06-18 19:00:00,CV003321,3.0,0.0,8.4157415e-07
53627,2025-06-18 19:00:00,CV003321,3.0,0.0,8.441463e-07
53628,2025-06-18 19:30:00,CV003321,3.0,0.0,8.4672314e-07
53629,2025-06-18 19:30:00,CV003321,3.0,0.0,8.493127e-07
53630,2025-06-18 20:30:00,CV003321,3.0,0.0,8.519103e-07
53631,2025-06-18 20:30:00,CV003321,3.0,0.0,8.545067e-07
53632,2025-06-19 01:00:00,CV003321,3.0,0.0,8.571225e-07
53633,2025-06-19 01:00:00,CV003321,3.0,0.0,8.5973556e-07
53634,2025-06-19 04:30:00,CV003321,3.0,0.0,8.623633e-07
53635,2025-06-19 04:30:00,CV003321,3.0,0.0,8.6499574e-07
53636,2025-06-19 16:30:00,CV003321,3.0,0.0,8.6763464e-07
53637,2025-06-19 16:30:00,CV003321,3.0,0.0,8.702798e-07
53638,2025-06-19 17:00:00,CV003321,3.0,0.0,8.729347e-07
53639,2025-06-19 17:00:00,CV003321,3.0,0.0,8.755927e-07
53640,2025-06-20 05:00:00,CV003321,3.0,0.0,8.782681e-07
53641,2025-06-20 05:00:00,CV003321,3.0,0.0,8.809499e-07
53642,2025-06-21 01:00:00,CV003321,3.0,0.0,8.8364925e-07
53643,2025-06-21 01:00:00,CV003321,3.0,0.0,8.8633146e-07
53644,2025-06-22 01:00:00,CV003321,3.0,0.0,8.8902686e-07
53645,2025-06-22 01:00:00,CV003321,3.0,0.0,8.917356e-07
53646,2025-06-22 01:30:00,CV003321,3.0,0.0,8.94456e-07
53647,2025-06-22 01:30:00,CV003321,3.0,0.0,8.971779e-07
53648,2025-06-22 18:00:00,CV003321,3.0,0.0,8.999106e-07
53649,2025-06-22 18:00:00,CV003321,3.0,0.0,9.026516e-07
53650,2025-06-23 01:30:00,CV003321,3.0,0.0,9.05401e-07
53651,2025-06-23 01:30:00,CV003321,3.0,0.0,9.081536e-07
53652,2025-06-24 01:00:00,CV003321,3.0,0.0,9.109154e-07
53653,2025-06-24 01:00:00,CV003321,3.0,0.0,9.136891e-07
53654,2025-06-24 02:00:00,CV003321,3.0,0.0,9.1646774e-07
53655,2025-06-24 02:00:00,CV003321,3.0,0.0,9.192513e-07
53656,2025-06-24 08:30:00,CV003321,3.0,0.0,9.220451e-07
53657,2025-06-24 08:30:00,CV003321,3.0,0.0,9.2485175e-07
53658,2025-06-24 14:30:00,CV003321,3.0,0.0,9.2766163e-07
53659,2025-06-24 14:30:00,CV003321,3.0,0.0,9.304846e-07
53660,2025-06-24 15:00:00,CV003321,3.0,0.0,9.333036e-07
53661,2025-06-24 15:00:00,CV003321,3.0,0.0,9.3613113e-07
53662,2025-06-24 15:30:00,CV003321,3.0,0.0,9.3896904e-07
53663,2025-06-24 15:30:00,CV003321,3.0,0.0,9.4182644e-07
53664,2025-06-24 16:00:00,CV003321,3.0,0.0,9.446834e-07
53665,2025-06-24 16:00:00,CV003321,3.0,0.0,9.475473e-07
53666,2025-06-25 22:30:00,CV003321,3.0,0.0,9.5042344e-07
53667,2025-06-25 22:30:00,CV003321,3.0,0.0,9.533074e-07
53668,2025-06-26 02:00:00,CV003321,3.0,0.0,9.561928e-07
53669,2025-06-26 02:00:00,CV003321,3.0,0.0,9.590898e-07
53670,2025-06-26 02:30:00,CV003321,3.0,0.0,9.61989e-07
53671,2025-06-26 02:30:00,CV003321,3.0,0.0,9.649108e-07
53672,2025-06-26 03:00:00,CV003321,3.0,0.0,9.678314e-07
53673,2025-06-26 03:00:00,CV003321,3.0,0.0,9.707562e-07
53674,2025-06-27 00:30:00,CV003321,3.0,0.0,9.736991e-07
53675,2025-06-27 00:30:00,CV003321,3.0,0.0,9.766471e-07
53676,2025-06-27 01:00:00,CV003321,3.0,0.0,9.796023e-07
53677,2025-06-27 01:00:00,CV003321,3.0,0.0,9.825588e-07
53678,2025-06-27 02:00:00,CV003321,3.0,0.0,9.855376e-07
53679,2025-06-27 02:00:00,CV003321,3.0,0.0,9.885102e-07
53680,2025-06-28 00:00:00,CV003321,3.0,0.0,9.914918e-07
53681,2025-06-28 00:00:00,CV003321,3.0,0.0,9.94491e-07
53682,2025-06-28 01:30:00,CV003321,3.0,0.0,9.97501e-07
53683,2025-06-28 01:30:00,CV003321,3.0,0.0,1.0004983e-06
53684,2025-06-28 02:00:00,CV003321,3.0,0.0,1.0035151e-06
53685,2025-06-28 02:00:00,CV003321,3.0,0.0,1.0065457e-06
53686,2025-06-28 02:30:00,CV003321,3.0,0.0,1.0095827e-06
53687,2025-06-28 02:30:00,CV003321,3.0,0.0,1.0126374e-06
53688,2025-06-28 03:00:00,CV003321,3.0,0.0,1.0156821e-06
53689,2025-06-28 03:00:00,CV003321,3.0,0.0,1.0187435e-06
53690,2025-06-28 03:30:00,CV003321,3.0,0.0,1.0218115e-06
53691,2025-06-28 03:30:00,CV003321,3.0,0.0,1.0248878e-06
53692,2025-06-28 04:00:00,CV003321,3.0,0.0,1.0279682e-06
53693,2025-06-28 04:00:00,CV003321,3.0,0.0,1.0310649e-06
53694,2025-06-28 04:30:00,CV003321,3.0,0.0,1.034171e-06
53695,2025-06-28 04:30:00,CV003321,3.0,0.0,1.0372775e-06
53696,2025-06-30 04:00:00,CV003321,3.0,0.0,1.0404011e-06
53697,2025-06-30 04:00:00,CV003321,3.0,0.0,1.0435233e-06
53698,2025-06-30 04:30:00,CV003321,3.0,0.0,1.0466538e-06
53699,2025-06-30 04:30:00,CV003321,3.0,0.0,1.0497978e-06
53700,2025-06-30 05:00:00,CV003321,3.0,0.0,1.0529441e-06
53701,2025-06-30 05:00:00,CV003321,3.0,0.0,1.056104e-06
53702,2025-06-30 05:30:00,CV003321,3.0,0.0,1.0592773e-06
53703,2025-06-30 05:30:00,CV003321,3.0,0.0,1.06245e-06
53704,2025-06-30 06:00:00,CV003321,3.0,0.0,1.0656385e-06
53705,2025-06-30 06:00:00,CV003321,3.0,0.0,1.0688302e-06
53706,2025-06-30 08:00:00,CV003321,3.0,0.0,1.0720357e-06
53707,2025-06-30 08:00:00,CV003321,3.0,0.0,1.0752447e-06
53708,2025-07-01 06:30:00,CV003321,3.0,0.0,1.078461e-06
53709,2025-07-01 06:30:00,CV003321,3.0,0.0,1.0816862e-06
53710,2025-07-01 07:00:00,CV003321,3.0,0.0,1.0849291e-06
53711,2025-07-01 07:00:00,CV003321,3.0,0.0,1.0881704e-06
53712,2025-07-01 10:30:00,CV003321,3.0,0.0,1.0914162e-06
53713,2025-07-01 10:30:00,CV003321,3.0,0.0,1.0946789e-06
53714,2025-07-02 22:00:00,CV003321,3.0,0.0,1.0979451e-06
53715,2025-07-02 22:00:00,CV003321,3.0,0.0,1.1012347e-06
53716,2025-07-02 22:30:00,CV003321,3.0,0.0,1.1045141e-06
53717,2025-07-02 22:30:00,CV003321,3.0,0.0,1.1078118e-06
53718,2025-07-02 23:00:00,CV003321,3.0,0.0,1.1111172e-06
53719,2025-07-02 23:00:00,CV003321,3.0,0.0,1.1144303e-06
53720,2025-07-04 03:00:00,CV003321,3.0,0.0,1.1177448e-06
53721,2025-07-04 03:00:00,CV003321,3.0,0.0,1.1210755e-06
53722,2025-07-04 13:00:00,CV003321,3.0,0.0,1.1244118e-06
53723,2025-07-04 13:00:00,CV003321,3.0,0.0,1.1277592e-06
53724,2025-07-04 13:30:00,CV003321,3.0,0.0,1.1311091e-06
53725,2025-07-04 13:30:00,CV003321,3.0,0.0,1.1344852e-06
53726,2025-07-05 05:00:00,CV003321,3.0,0.0,1.1378505e-06
53727,2025-07-05 05:00:00,CV003321,3.0,0.0,1.141226e-06
53728,2025-07-05 05:30:00,CV003321,3.0,0.0,1.1446115e-06
53729,2025-07-05 05:30:00,CV003321,3.0,0.0,1.1480179e-06
53730,2025-07-05 06:00:00,CV003321,3.0,0.0,1.1514378e-06
53731,2025-07-05 06:00:00,CV003321,3.0,0.0,1.1548524e-06
53732,2025-07-05 06:30:00,CV003321,3.0,0.0,1.1582662e-06
53733,2025-07-05 06:30:00,CV003321,3.0,0.0,1.1616944e-06
53734,2025-07-05 11:00:00,CV003321,3.0,0.0,1.1651372e-06
53735,2025-07-05 11:00:00,CV003321,3.0,0.0,1.1685981e-06
53736,2025-07-05 11:30:00,CV003321,3.0,0.0,1.1720614e-06
53737,2025-07-05 11:30:00,CV003321,3.0,0.0,1.1755282e-06
53738,2025-07-05 12:00:00,CV003321,3.0,0.0,1.1789963e-06
53739,2025-07-05 12:00:00,CV003321,3.0,0.0,1.1824849e-06
53740,2025-07-05 12:30:00,CV003321,3.0,0.0,1.185979e-06
53741,2025-07-05 12:30:00,CV003321,3.0,0.0,1.1894882e-06
53742,2025-07-05 13:00:00,CV003321,3.0,0.0,1.1930009e-06
53743,2025-07-05 13:00:00,CV003321,3.0,0.0,1.1965103e-06
53744,2025-07-05 17:30:00,CV003321,3.0,0.0,1.2000437e-06
53745,2025-07-05 17:30:00,CV003321,3.0,0.0,1.203583e-06
53746,2025-07-05 18:00:00,CV003321,3.0,0.0,1.2071292e-06
53747,2025-07-05 18:00:00,CV003321,3.0,0.0,1.2107032e-06
53748,2025-07-05 18:30:00,CV003321,3.0,0.0,1.2142589e-06
53749,2025-07-05 18:30:00,CV003321,3.0,0.0,1.2178355e-06
53750,2025-07-05 23:30:00,CV003321,3.0,0.0,1.2214108e-06
53751,2025-07-05 23:30:00,CV003321,3.0,0.0,1.2250014e-06
53752,2025-07-06 00:30:00,CV003321,3.0,0.0,1.2286026e-06
53753,2025-07-06 00:30:00,CV003321,3.0,0.0,1.232205e-06
53754,2025-07-06 15:00:00,CV003321,3.0,0.0,1.2358284e-06
53755,2025-07-06 15:00:00,CV003321,3.0,0.0,1.2394603e-06
53756,2025-07-06 16:30:00,CV003321,3.0,0.0,1.243092e-06
53757,2025-07-06 16:30:00,CV003321,3.0,0.0,1.2467393e-06
53758,2025-07-06 17:30:00,CV003321,3.0,0.0,1.2504044e-06
53759,2025-07-06 17:30:00,CV003321,3.0,0.0,1.2540635e-06
53760,2025-07-06 21:30:00,CV003321,3.0,0.0,1.257743e-06
53761,2025-07-06 21:30:00,CV003321,3.0,0.0,1.2614079e-06
53762,2025-07-06 22:00:00,CV003321,3.0,0.0,1.2651063e-06
53763,2025-07-06 22:00:00,CV003321,3.0,0.0,1.2687915e-06
53764,2025-07-06 22:30:00,CV003321,3.0,0.0,1.2725117e-06
53765,2025-07-06 22:30:00,CV003321,3.0,0.0,1.2762221e-06
53766,2025-07-06 23:00:00,CV003321,3.0,0.0,1.279947e-06
53767,2025-07-06 23:00:00,CV003321,3.0,0.0,1.2836878e-06
53768,2025-07-07 02:00:00,CV003321,3.0,0.0,1.2874245e-06
53769,2025-07-07 02:00:00,CV003321,3.0,0.0,1.2911821e-06
53770,2025-07-07 15:00:00,CV003321,3.0,0.0,1.2949481e-06
53771,2025-07-07 15:00:00,CV003321,3.0,0.0,1.298719e-06
53772,2025-07-07 15:30:00,CV003321,3.0,0.0,1.3024885e-06
53773,2025-07-07 15:30:00,CV003321,3.0,0.0,1.3062898e-06
53774,2025-07-07 16:00:00,CV003321,3.0,0.0,1.3100788e-06
53775,2025-07-07 16:00:00,CV003321,3.0,0.0,1.3138913e-06
53776,2025-07-07 16:30:00,CV003321,3.0,0.0,1.3177048e-06
53777,2025-07-07 16:30:00,CV003321,3.0,0.0,1.3215343e-06
53778,2025-07-09 07:30:00,CV003321,3.0,0.0,1.3253712e-06
53779,2025-07-09 07:30:00,CV003321,3.0,0.0,1.3292166e-06
53780,2025-07-09 13:00:00,CV003321,3.0,0.0,1.3330734e-06
53781,2025-07-09 13:00:00,CV003321,3.0,0.0,1.3369337e-06
53782,2025-07-09 13:30:00,CV003321,3.0,0.0,1.3407973e-06
53783,2025-07-09 13:30:00,CV003321,3.0,0.0,1.3446747e-06
53784,2025-07-09 16:00:00,CV003321,3.0,0.0,1.3485634e-06
53785,2025-07-09 16:00:00,CV003321,3.0,0.0,1.3524711e-06
53786,2025-07-09 20:30:00,CV003321,3.0,0.0,1.3563669e-06
53787,2025-07-09 20:30:00,CV003321,3.0,0.0,1.3602894e-06
53788,2025-07-09 22:00:00,CV003321,3.0,0.0,1.3642127e-06
53789,2025-07-09 22:00:00,CV003321,3.0,0.0,1.3681475e-06
53790,2025-07-11 05:30:00,CV003321,3.0,0.0,1.3721041e-06
53791,2025-07-11 05:30:00,CV003321,3.0,0.0,1.376051e-06
53792,2025-07-11 06:30:00,CV003321,3.0,0.0,1.380012e-06
53793,2025-07-11 06:30:00,CV003321,3.0,0.0,1.3839831e-06
53794,2025-07-11 10:00:00,CV003321,3.0,0.0,1.3879563e-06
53795,2025-07-11 10:00:00,CV003321,3.0,0.0,1.3919554e-06
53796,2025-07-11 15:00:00,CV003321,3.0,0.0,1.3959528e-06
53797,2025-07-11 15:00:00,CV003321,3.0,0.0,1.3999631e-06
53798,2025-07-11 15:30:00,CV003321,3.0,0.0,1.403981e-06
53799,2025-07-11 15:30:00,CV003321,3.0,0.0,1.4080155e-06
53800,2025-07-11 16:00:00,CV003321,3.0,0.0,1.4120496e-06
53801,2025-07-11 16:00:00,CV003321,3.0,0.0,1.4160886e-06
53802,2025-07-11 16:30:00,CV003321,3.0,0.0,1.4201499e-06
53803,2025-07-11 16:30:00,CV003321,3.0,0.0,1.4242188e-06
53804,2025-07-11 17:00:00,CV003321,3.0,0.0,1.428302e-06
53805,2025-07-11 17:00:00,CV003321,3.0,0.0,1.4323792e-06
53806,2025-07-11 17:30:00,CV003321,3.0,0.0,1.436464e-06
53807,2025-07-11 17:30:00,CV003321,3.0,0.0,1.4405824e-06
53808,2025-07-11 18:00:00,CV003321,3.0,0.0,1.4446865e-06
53809,2025-07-11 18:00:00,CV003321,3.0,0.0,1.4488077e-06
53810,2025-07-11 18:30:00,CV003321,3.0,0.0,1.4529448e-06
53811,2025-07-11 18:30:00,CV003321,3.0,0.0,1.4570771e-06
53812,2025-07-11 23:00:00,CV003321,3.0,0.0,1.461231e-06
53813,2025-07-11 23:00:00,CV003321,3.0,0.0,1.465387e-06
53814,2025-07-12 00:00:00,CV003321,3.0,0.0,1.4695531e-06
53815,2025-07-12 00:00:00,CV003321,3.0,0.0,1.4737353e-06
53816,2025-07-12 03:00:00,CV003321,3.0,0.0,1.4779126e-06
53817,2025-07-12 03:00:00,CV003321,3.0,0.0,1.482099e-06
53818,2025-07-13 08:00:00,CV003321,3.0,0.0,1.4863086e-06
53819,2025-07-13 08:00:00,CV003321,3.0,0.0,1.4905271e-06
53820,2025-07-13 08:30:00,CV003321,3.0,0.0,1.494755e-06
53821,2025-07-13 08:30:00,CV003321,3.0,0.0,1.4989777e-06
53822,2025-07-13 09:00:00,CV003321,3.0,0.0,1.503218e-06
53823,2025-07-13 09:00:00,CV003321,3.0,0.0,1.5074787e-06
53824,2025-07-13 09:30:00,CV003321,3.0,0.0,1.5117431e-06
53825,2025-07-13 09:30:00,CV003321,3.0,0.0,1.5160136e-06
53826,2025-07-13 10:00:00,CV003321,3.0,0.0,1.520279e-06
53827,2025-07-13 10:00:00,CV003321,3.0,0.0,1.5245796e-06
53828,2025-07-13 18:00:00,CV003321,3.0,0.0,1.5288747e-06
53829,2025-07-13 18:00:00,CV003321,3.0,0.0,1.5331718e-06
53830,2025-07-13 18:30:00,CV003321,3.0,0.0,1.5375044e-06
53831,2025-07-13 18:30:00,CV003321,3.0,0.0,1.5418331e-06
53832,2025-07-13 19:00:00,CV003321,3.0,0.0,1.5461635e-06
53833,2025-07-13 19:00:00,CV003321,3.0,0.0,1.5505136e-06
53834,2025-07-14 00:00:00,CV003321,3.0,0.0,1.5548626e-06
53835,2025-07-14 00:00:00,CV003321,3.0,0.0,1.55924e-06
53836,2025-07-14 00:30:00,CV003321,3.0,0.0,1.5636181e-06
53837,2025-07-14 00:30:00,CV003321,3.0,0.0,1.5679979e-06
53838,2025-07-15 11:30:00,CV003321,3.0,0.0,1.5723867e-06
53839,2025-07-15 11:30:00,CV003321,3.0,0.0,1.5768047e-06
53840,2025-07-15 16:00:00,CV003321,3.0,0.0,1.5812109e-06
53841,2025-07-15 16:00:00,CV003321,3.0,0.0,1.5856384e-06
53842,2025-07-15 16:30:00,CV003321,3.0,0.0,1.5900692e-06
53843,2025-07-15 16:30:00,CV003321,3.0,0.0,1.5945124e-06
53844,2025-07-15 20:00:00,CV003321,3.0,0.0,1.598959e-06
53845,2025-07-15 20:00:00,CV003321,3.0,0.0,1.6034039e-06
53846,2025-07-16 10:00:00,CV003321,3.0,0.0,1.6078845e-06
53847,2025-07-16 10:00:00,CV003321,3.0,0.0,1.6123698e-06
53848,2025-07-16 10:30:00,CV003321,3.0,0.0,1.6168475e-06
53849,2025-07-16 10:30:00,CV003321,3.0,0.0,1.6213376e-06
53850,2025-07-16 11:30:00,CV003321,3.0,0.0,1.6258481e-06
53851,2025-07-16 11:30:00,CV003321,3.0,0.0,1.6303678e-06
53852,2025-07-16 13:30:00,CV003321,3.0,0.0,1.6348847e-06
53853,2025-07-16 13:30:00,CV003321,3.0,0.0,1.6394235e-06
53854,2025-07-16 14:00:00,CV003321,3.0,0.0,1.6439765e-06
53855,2025-07-16 14:00:00,CV003321,3.0,0.0,1.6485451e-06
53856,2025-07-16 17:00:00,CV003321,3.0,0.0,1.6530919e-06
53857,2025-07-16 17:00:00,CV003321,3.0,0.0,1.6576827e-06
53858,2025-07-17 00:30:00,CV003321,3.0,0.0,1.6622594e-06
53859,2025-07-17 00:30:00,CV003321,3.0,0.0,1.6668375e-06
53860,2025-07-17 04:30:00,CV003321,3.0,0.0,1.6714681e-06
53861,2025-07-17 04:30:00,CV003321,3.0,0.0,1.6760621e-06
